﻿<?xml version="1.0" encoding="utf-8"?>
<Document>
  <Engineering version="V15.1" />
  <DocumentInfo>
    <Created>2026-01-09T13:45:16.5165578Z</Created>
    <ExportSetting>WithDefaults, WithReadOnly</ExportSetting>
    <InstalledProducts>
      <Product>
        <DisplayName>Totally Integrated Automation Portal</DisplayName>
        <DisplayVersion>V15.1 Update 8</DisplayVersion>
      </Product>
      <OptionPackage>
        <DisplayName>TIA Portal Openness</DisplayName>
        <DisplayVersion>V15.1 Update 8</DisplayVersion>
      </OptionPackage>
      <Product>
        <DisplayName>STEP 7 Professional</DisplayName>
        <DisplayVersion>V15.1 Update 8</DisplayVersion>
      </Product>
      <Product>
        <DisplayName>WinCC Advanced</DisplayName>
        <DisplayVersion>V15.1 Update 8</DisplayVersion>
      </Product>
    </InstalledProducts>
  </DocumentInfo>
  <SW.Blocks.FC ID="0">
    <AttributeList>
      <AutoNumber>true</AutoNumber>
      <CodeModifiedDate ReadOnly="true">2025-08-27T17:05:49.4204143Z</CodeModifiedDate>
      <CompileDate ReadOnly="true">2025-08-30T17:40:33.1933035Z</CompileDate>
      <CreationDate ReadOnly="true">2024-10-18T04:01:52.5993274Z</CreationDate>
      <HandleErrorsWithinBlock ReadOnly="true">false</HandleErrorsWithinBlock>
      <HeaderAuthor />
      <HeaderFamily />
      <HeaderName />
      <HeaderVersion>0.1</HeaderVersion>
      <Interface><Sections xmlns="http://www.siemens.com/automation/Openness/SW/Interface/v3">
  <Section Name="Input">
    <Member Name="AI" Datatype="Int" Accessibility="Public" />
    <Member Name="HS" Datatype="Real" Accessibility="Public" />
  </Section>
  <Section Name="Output">
    <Member Name="TEMP_OUT" Datatype="Real" Accessibility="Public" />
    <Member Name="XUNG_OUT" Datatype="Real" Accessibility="Public" />
  </Section>
  <Section Name="InOut" />
  <Section Name="Temp">
    <Member Name="AI_REAL" Datatype="Real" />
  </Section>
  <Section Name="Constant" />
  <Section Name="Return">
    <Member Name="Ret_Val" Datatype="Void" Accessibility="Public" />
  </Section>
</Sections></Interface>
      <InterfaceModifiedDate ReadOnly="true">2024-10-18T04:03:55.072308Z</InterfaceModifiedDate>
      <IsConsistent ReadOnly="true">true</IsConsistent>
      <IsIECCheckEnabled>false</IsIECCheckEnabled>
      <IsKnowHowProtected ReadOnly="true">false</IsKnowHowProtected>
      <IsWriteProtected ReadOnly="true">false</IsWriteProtected>
      <LibraryConformanceStatus ReadOnly="true">The object is library-conformant.</LibraryConformanceStatus>
      <MemoryLayout>Optimized</MemoryLayout>
      <ModifiedDate ReadOnly="true">2025-08-27T17:05:49.4204143Z</ModifiedDate>
      <Name>1. CONVER TC</Name>
      <Number>1</Number>
      <ParameterModified ReadOnly="true">2024-10-18T04:03:55.072308Z</ParameterModified>
      <PLCSimAdvancedSupport ReadOnly="true">false</PLCSimAdvancedSupport>
      <ProgrammingLanguage>LAD</ProgrammingLanguage>
      <SetENOAutomatically>False</SetENOAutomatically>
      <StructureModified ReadOnly="true">2024-10-18T04:03:55.072308Z</StructureModified>
      <UDABlockProperties />
      <UDAEnableTagReadback>false</UDAEnableTagReadback>
    </AttributeList>
    <ObjectList>
      <MultilingualText ID="1" CompositionName="Comment">
        <ObjectList>
          <MultilingualTextItem ID="2" CompositionName="Items">
            <AttributeList>
              <Culture>en-US</Culture>
              <Text />
            </AttributeList>
          </MultilingualTextItem>
        </ObjectList>
      </MultilingualText>
      <SW.Blocks.CompileUnit ID="3" CompositionName="CompileUnits">
        <AttributeList>
          <NetworkSource><FlgNet xmlns="http://www.siemens.com/automation/Openness/SW/NetworkSource/FlgNet/v3">
  <Parts>
    <Access Scope="LocalVariable" UId="21">
      <Symbol>
        <Component Name="AI" />
      </Symbol>
    </Access>
    <Access Scope="LocalVariable" UId="22">
      <Symbol>
        <Component Name="AI_REAL" />
      </Symbol>
    </Access>
    <Access Scope="LocalVariable" UId="23">
      <Symbol>
        <Component Name="AI_REAL" />
      </Symbol>
    </Access>
    <Access Scope="LiteralConstant" UId="24">
      <Constant>
        <ConstantType>Real</ConstantType>
        <ConstantValue>10.0</ConstantValue>
        <StringAttribute Name="Format" Informative="true">Real</StringAttribute>
      </Constant>
    </Access>
    <Access Scope="LocalVariable" UId="25">
      <Symbol>
        <Component Name="HS" />
      </Symbol>
    </Access>
    <Access Scope="LocalVariable" UId="26">
      <Symbol>
        <Component Name="TEMP_OUT" />
      </Symbol>
    </Access>
    <Part Name="Convert" UId="27" DisabledENO="true">
      <TemplateValue Name="SrcType" Type="Type">Int</TemplateValue>
      <TemplateValue Name="DestType" Type="Type">Real</TemplateValue>
    </Part>
    <Part Name="Calc" UId="28" DisabledENO="true">
      <Equation>(IN1/IN2)*IN3</Equation>
      <TemplateValue Name="Card" Type="Cardinality">3</TemplateValue>
      <TemplateValue Name="SrcType" Type="Type">Real</TemplateValue>
    </Part>
  </Parts>
  <Wires>
    <Wire UId="29">
      <Powerrail />
      <NameCon UId="27" Name="en" />
    </Wire>
    <Wire UId="30">
      <IdentCon UId="21" />
      <NameCon UId="27" Name="in" />
    </Wire>
    <Wire UId="31">
      <NameCon UId="27" Name="eno" />
      <NameCon UId="28" Name="en" />
    </Wire>
    <Wire UId="32">
      <NameCon UId="27" Name="out" />
      <IdentCon UId="22" />
    </Wire>
    <Wire UId="33">
      <IdentCon UId="23" />
      <NameCon UId="28" Name="in1" />
    </Wire>
    <Wire UId="34">
      <IdentCon UId="24" />
      <NameCon UId="28" Name="in2" />
    </Wire>
    <Wire UId="35">
      <IdentCon UId="25" />
      <NameCon UId="28" Name="in3" />
    </Wire>
    <Wire UId="36">
      <NameCon UId="28" Name="out" />
      <IdentCon UId="26" />
    </Wire>
  </Wires>
</FlgNet></NetworkSource>
          <ProgrammingLanguage>LAD</ProgrammingLanguage>
        </AttributeList>
        <ObjectList>
          <MultilingualText ID="4" CompositionName="Comment">
            <ObjectList>
              <MultilingualTextItem ID="5" CompositionName="Items">
                <AttributeList>
                  <Culture>en-US</Culture>
                  <Text />
                </AttributeList>
              </MultilingualTextItem>
            </ObjectList>
          </MultilingualText>
          <MultilingualText ID="6" CompositionName="Title">
            <ObjectList>
              <MultilingualTextItem ID="7" CompositionName="Items">
                <AttributeList>
                  <Culture>en-US</Culture>
                  <Text />
                </AttributeList>
              </MultilingualTextItem>
            </ObjectList>
          </MultilingualText>
        </ObjectList>
      </SW.Blocks.CompileUnit>
      <SW.Blocks.CompileUnit ID="8" CompositionName="CompileUnits">
        <AttributeList>
          <NetworkSource><FlgNet xmlns="http://www.siemens.com/automation/Openness/SW/NetworkSource/FlgNet/v3">
  <Parts>
    <Access Scope="LocalVariable" UId="21">
      <Symbol>
        <Component Name="AI" />
      </Symbol>
    </Access>
    <Access Scope="LocalVariable" UId="22">
      <Symbol>
        <Component Name="XUNG_OUT" />
      </Symbol>
    </Access>
    <Part Name="Convert" UId="23" DisabledENO="true">
      <TemplateValue Name="SrcType" Type="Type">Int</TemplateValue>
      <TemplateValue Name="DestType" Type="Type">Real</TemplateValue>
    </Part>
  </Parts>
  <Wires>
    <Wire UId="24">
      <Powerrail />
      <NameCon UId="23" Name="en" />
    </Wire>
    <Wire UId="25">
      <IdentCon UId="21" />
      <NameCon UId="23" Name="in" />
    </Wire>
    <Wire UId="26">
      <NameCon UId="23" Name="out" />
      <IdentCon UId="22" />
    </Wire>
  </Wires>
</FlgNet></NetworkSource>
          <ProgrammingLanguage>LAD</ProgrammingLanguage>
        </AttributeList>
        <ObjectList>
          <MultilingualText ID="9" CompositionName="Comment">
            <ObjectList>
              <MultilingualTextItem ID="A" CompositionName="Items">
                <AttributeList>
                  <Culture>en-US</Culture>
                  <Text />
                </AttributeList>
              </MultilingualTextItem>
            </ObjectList>
          </MultilingualText>
          <MultilingualText ID="B" CompositionName="Title">
            <ObjectList>
              <MultilingualTextItem ID="C" CompositionName="Items">
                <AttributeList>
                  <Culture>en-US</Culture>
                  <Text />
                </AttributeList>
              </MultilingualTextItem>
            </ObjectList>
          </MultilingualText>
        </ObjectList>
      </SW.Blocks.CompileUnit>
      <SW.Blocks.CompileUnit ID="D" CompositionName="CompileUnits">
        <AttributeList>
          <NetworkSource />
          <ProgrammingLanguage>LAD</ProgrammingLanguage>
        </AttributeList>
        <ObjectList>
          <MultilingualText ID="E" CompositionName="Comment">
            <ObjectList>
              <MultilingualTextItem ID="F" CompositionName="Items">
                <AttributeList>
                  <Culture>en-US</Culture>
                  <Text />
                </AttributeList>
              </MultilingualTextItem>
            </ObjectList>
          </MultilingualText>
          <MultilingualText ID="10" CompositionName="Title">
            <ObjectList>
              <MultilingualTextItem ID="11" CompositionName="Items">
                <AttributeList>
                  <Culture>en-US</Culture>
                  <Text />
                </AttributeList>
              </MultilingualTextItem>
            </ObjectList>
          </MultilingualText>
        </ObjectList>
      </SW.Blocks.CompileUnit>
      <MultilingualText ID="12" CompositionName="Title">
        <ObjectList>
          <MultilingualTextItem ID="13" CompositionName="Items">
            <AttributeList>
              <Culture>en-US</Culture>
              <Text />
            </AttributeList>
          </MultilingualTextItem>
        </ObjectList>
      </MultilingualText>
    </ObjectList>
  </SW.Blocks.FC>
</Document>