﻿<?xml version="1.0" encoding="utf-8"?>
<Document>
  <Engineering version="V15.1" />
  <DocumentInfo>
    <Created>2026-01-09T13:45:11.9352339Z</Created>
    <ExportSetting>WithDefaults, WithReadOnly</ExportSetting>
    <InstalledProducts>
      <Product>
        <DisplayName>Totally Integrated Automation Portal</DisplayName>
        <DisplayVersion>V15.1 Update 8</DisplayVersion>
      </Product>
      <OptionPackage>
        <DisplayName>TIA Portal Openness</DisplayName>
        <DisplayVersion>V15.1 Update 8</DisplayVersion>
      </OptionPackage>
      <Product>
        <DisplayName>STEP 7 Professional</DisplayName>
        <DisplayVersion>V15.1 Update 8</DisplayVersion>
      </Product>
      <Product>
        <DisplayName>WinCC Advanced</DisplayName>
        <DisplayVersion>V15.1 Update 8</DisplayVersion>
      </Product>
    </InstalledProducts>
  </DocumentInfo>
  <SW.Blocks.FB ID="0">
    <AttributeList>
      <AutoNumber>false</AutoNumber>
      <CodeModifiedDate ReadOnly="true">2025-09-22T19:33:21.555545Z</CodeModifiedDate>
      <CompileDate ReadOnly="true">2025-09-22T19:33:35.8164831Z</CompileDate>
      <CreationDate ReadOnly="true">2024-10-12T12:36:08.0193576Z</CreationDate>
      <DownloadWithoutReinit ReadOnly="true">false</DownloadWithoutReinit>
      <HandleErrorsWithinBlock ReadOnly="true">false</HandleErrorsWithinBlock>
      <HeaderAuthor />
      <HeaderFamily />
      <HeaderName />
      <HeaderVersion>0.1</HeaderVersion>
      <Interface><Sections xmlns="http://www.siemens.com/automation/Openness/SW/Interface/v3">
  <Section Name="Input">
    <Member Name="AI" Datatype="Int" Remanence="Retain" Accessibility="Public"><AttributeList><BooleanAttribute Name="ExternalAccessible" SystemDefined="true">true</BooleanAttribute><BooleanAttribute Name="ExternalVisible" SystemDefined="true">true</BooleanAttribute><BooleanAttribute Name="ExternalWritable" SystemDefined="true">true</BooleanAttribute><BooleanAttribute Name="UserVisible" Informative="true" SystemDefined="true">true</BooleanAttribute><BooleanAttribute Name="UserReadOnly" Informative="true" SystemDefined="true">false</BooleanAttribute><BooleanAttribute Name="UserDeletable" Informative="true" SystemDefined="true">true</BooleanAttribute></AttributeList></Member>
    <Member Name="A_MODE" Datatype="Real" Remanence="Retain" Accessibility="Public"><AttributeList><BooleanAttribute Name="ExternalAccessible" SystemDefined="true">true</BooleanAttribute><BooleanAttribute Name="ExternalVisible" SystemDefined="true">true</BooleanAttribute><BooleanAttribute Name="ExternalWritable" SystemDefined="true">true</BooleanAttribute><BooleanAttribute Name="UserVisible" Informative="true" SystemDefined="true">true</BooleanAttribute><BooleanAttribute Name="UserReadOnly" Informative="true" SystemDefined="true">false</BooleanAttribute><BooleanAttribute Name="UserDeletable" Informative="true" SystemDefined="true">true</BooleanAttribute></AttributeList></Member>
    <Member Name="ZERO" Datatype="Real" Remanence="Retain" Accessibility="Public"><AttributeList><BooleanAttribute Name="ExternalAccessible" SystemDefined="true">true</BooleanAttribute><BooleanAttribute Name="ExternalVisible" SystemDefined="true">true</BooleanAttribute><BooleanAttribute Name="ExternalWritable" SystemDefined="true">true</BooleanAttribute><BooleanAttribute Name="UserVisible" Informative="true" SystemDefined="true">true</BooleanAttribute><BooleanAttribute Name="UserReadOnly" Informative="true" SystemDefined="true">false</BooleanAttribute><BooleanAttribute Name="UserDeletable" Informative="true" SystemDefined="true">true</BooleanAttribute></AttributeList></Member>
    <Member Name="SPAN" Datatype="Real" Remanence="Retain" Accessibility="Public"><AttributeList><BooleanAttribute Name="ExternalAccessible" SystemDefined="true">true</BooleanAttribute><BooleanAttribute Name="ExternalVisible" SystemDefined="true">true</BooleanAttribute><BooleanAttribute Name="ExternalWritable" SystemDefined="true">true</BooleanAttribute><BooleanAttribute Name="UserVisible" Informative="true" SystemDefined="true">true</BooleanAttribute><BooleanAttribute Name="UserReadOnly" Informative="true" SystemDefined="true">false</BooleanAttribute><BooleanAttribute Name="UserDeletable" Informative="true" SystemDefined="true">true</BooleanAttribute></AttributeList></Member>
    <Member Name="BT_ZERO" Datatype="Bool" Remanence="NonRetain" Accessibility="Public"><AttributeList><BooleanAttribute Name="ExternalAccessible" SystemDefined="true">true</BooleanAttribute><BooleanAttribute Name="ExternalVisible" SystemDefined="true">true</BooleanAttribute><BooleanAttribute Name="ExternalWritable" SystemDefined="true">true</BooleanAttribute><BooleanAttribute Name="UserVisible" Informative="true" SystemDefined="true">true</BooleanAttribute><BooleanAttribute Name="UserReadOnly" Informative="true" SystemDefined="true">false</BooleanAttribute><BooleanAttribute Name="UserDeletable" Informative="true" SystemDefined="true">true</BooleanAttribute></AttributeList></Member>
    <Member Name="BT_SPAN" Datatype="Bool" Remanence="NonRetain" Accessibility="Public"><AttributeList><BooleanAttribute Name="ExternalAccessible" SystemDefined="true">true</BooleanAttribute><BooleanAttribute Name="ExternalVisible" SystemDefined="true">true</BooleanAttribute><BooleanAttribute Name="ExternalWritable" SystemDefined="true">true</BooleanAttribute><BooleanAttribute Name="UserVisible" Informative="true" SystemDefined="true">true</BooleanAttribute><BooleanAttribute Name="UserReadOnly" Informative="true" SystemDefined="true">false</BooleanAttribute><BooleanAttribute Name="UserDeletable" Informative="true" SystemDefined="true">true</BooleanAttribute></AttributeList></Member>
    <Member Name="B_MANUAL" Datatype="Real" Remanence="Retain" Accessibility="Public"><AttributeList><BooleanAttribute Name="ExternalAccessible" SystemDefined="true">true</BooleanAttribute><BooleanAttribute Name="ExternalVisible" SystemDefined="true">true</BooleanAttribute><BooleanAttribute Name="ExternalWritable" SystemDefined="true">true</BooleanAttribute><BooleanAttribute Name="UserVisible" Informative="true" SystemDefined="true">true</BooleanAttribute><BooleanAttribute Name="UserReadOnly" Informative="true" SystemDefined="true">false</BooleanAttribute><BooleanAttribute Name="UserDeletable" Informative="true" SystemDefined="true">true</BooleanAttribute></AttributeList></Member>
    <Member Name="HMI_Manual_Trigger" Datatype="Bool" Remanence="NonRetain" Accessibility="Public"><AttributeList><BooleanAttribute Name="ExternalAccessible" SystemDefined="true">true</BooleanAttribute><BooleanAttribute Name="ExternalVisible" SystemDefined="true">true</BooleanAttribute><BooleanAttribute Name="ExternalWritable" SystemDefined="true">true</BooleanAttribute><BooleanAttribute Name="UserVisible" Informative="true" SystemDefined="true">true</BooleanAttribute><BooleanAttribute Name="UserReadOnly" Informative="true" SystemDefined="true">false</BooleanAttribute><BooleanAttribute Name="UserDeletable" Informative="true" SystemDefined="true">true</BooleanAttribute></AttributeList></Member>
  </Section>
  <Section Name="Output">
    <Member Name="W_OUT" Datatype="Real" Remanence="NonRetain" Accessibility="Public"><AttributeList><BooleanAttribute Name="ExternalAccessible" SystemDefined="true">true</BooleanAttribute><BooleanAttribute Name="ExternalVisible" SystemDefined="true">true</BooleanAttribute><BooleanAttribute Name="ExternalWritable" SystemDefined="true">true</BooleanAttribute><BooleanAttribute Name="UserVisible" Informative="true" SystemDefined="true">true</BooleanAttribute><BooleanAttribute Name="UserReadOnly" Informative="true" SystemDefined="true">false</BooleanAttribute><BooleanAttribute Name="UserDeletable" Informative="true" SystemDefined="true">true</BooleanAttribute></AttributeList></Member>
    <Member Name="X_OUT" Datatype="Real" Remanence="NonRetain" Accessibility="Public"><AttributeList><BooleanAttribute Name="ExternalAccessible" SystemDefined="true">true</BooleanAttribute><BooleanAttribute Name="ExternalVisible" SystemDefined="true">true</BooleanAttribute><BooleanAttribute Name="ExternalWritable" SystemDefined="true">true</BooleanAttribute><BooleanAttribute Name="UserVisible" Informative="true" SystemDefined="true">true</BooleanAttribute><BooleanAttribute Name="UserReadOnly" Informative="true" SystemDefined="true">false</BooleanAttribute><BooleanAttribute Name="UserDeletable" Informative="true" SystemDefined="true">true</BooleanAttribute></AttributeList></Member>
  </Section>
  <Section Name="InOut" />
  <Section Name="Static">
    <Member Name="T_AI" Datatype="Real" Remanence="Retain" Accessibility="Public"><AttributeList><BooleanAttribute Name="ExternalAccessible" SystemDefined="true">false</BooleanAttribute><BooleanAttribute Name="ExternalVisible" SystemDefined="true">false</BooleanAttribute><BooleanAttribute Name="ExternalWritable" SystemDefined="true">false</BooleanAttribute><BooleanAttribute Name="UserVisible" Informative="true" SystemDefined="true">true</BooleanAttribute><BooleanAttribute Name="UserReadOnly" Informative="true" SystemDefined="true">false</BooleanAttribute><BooleanAttribute Name="UserDeletable" Informative="true" SystemDefined="true">true</BooleanAttribute><BooleanAttribute Name="SetPoint" SystemDefined="true">false</BooleanAttribute></AttributeList></Member>
    <Member Name="T_AN" Datatype="Real" Remanence="Retain" Accessibility="Public"><AttributeList><BooleanAttribute Name="ExternalAccessible" SystemDefined="true">false</BooleanAttribute><BooleanAttribute Name="ExternalVisible" SystemDefined="true">false</BooleanAttribute><BooleanAttribute Name="ExternalWritable" SystemDefined="true">false</BooleanAttribute><BooleanAttribute Name="UserVisible" Informative="true" SystemDefined="true">true</BooleanAttribute><BooleanAttribute Name="UserReadOnly" Informative="true" SystemDefined="true">false</BooleanAttribute><BooleanAttribute Name="UserDeletable" Informative="true" SystemDefined="true">true</BooleanAttribute><BooleanAttribute Name="SetPoint" SystemDefined="true">false</BooleanAttribute></AttributeList></Member>
    <Member Name="T_ZERO" Datatype="Real" Remanence="Retain" Accessibility="Public"><AttributeList><BooleanAttribute Name="ExternalAccessible" SystemDefined="true">false</BooleanAttribute><BooleanAttribute Name="ExternalVisible" SystemDefined="true">false</BooleanAttribute><BooleanAttribute Name="ExternalWritable" SystemDefined="true">false</BooleanAttribute><BooleanAttribute Name="UserVisible" Informative="true" SystemDefined="true">true</BooleanAttribute><BooleanAttribute Name="UserReadOnly" Informative="true" SystemDefined="true">false</BooleanAttribute><BooleanAttribute Name="UserDeletable" Informative="true" SystemDefined="true">true</BooleanAttribute><BooleanAttribute Name="SetPoint" SystemDefined="true">false</BooleanAttribute></AttributeList></Member>
    <Member Name="AN_ZERO" Datatype="Real" Remanence="Retain" Accessibility="Public"><AttributeList><BooleanAttribute Name="ExternalAccessible" SystemDefined="true">false</BooleanAttribute><BooleanAttribute Name="ExternalVisible" SystemDefined="true">false</BooleanAttribute><BooleanAttribute Name="ExternalWritable" SystemDefined="true">false</BooleanAttribute><BooleanAttribute Name="UserVisible" Informative="true" SystemDefined="true">true</BooleanAttribute><BooleanAttribute Name="UserReadOnly" Informative="true" SystemDefined="true">false</BooleanAttribute><BooleanAttribute Name="UserDeletable" Informative="true" SystemDefined="true">true</BooleanAttribute><BooleanAttribute Name="SetPoint" SystemDefined="true">false</BooleanAttribute></AttributeList></Member>
    <Member Name="T_SPAN" Datatype="Real" Remanence="Retain" Accessibility="Public"><AttributeList><BooleanAttribute Name="ExternalAccessible" SystemDefined="true">false</BooleanAttribute><BooleanAttribute Name="ExternalVisible" SystemDefined="true">false</BooleanAttribute><BooleanAttribute Name="ExternalWritable" SystemDefined="true">false</BooleanAttribute><BooleanAttribute Name="UserVisible" Informative="true" SystemDefined="true">true</BooleanAttribute><BooleanAttribute Name="UserReadOnly" Informative="true" SystemDefined="true">false</BooleanAttribute><BooleanAttribute Name="UserDeletable" Informative="true" SystemDefined="true">true</BooleanAttribute><BooleanAttribute Name="SetPoint" SystemDefined="true">false</BooleanAttribute></AttributeList></Member>
    <Member Name="AN_SPAN" Datatype="Real" Remanence="Retain" Accessibility="Public"><AttributeList><BooleanAttribute Name="ExternalAccessible" SystemDefined="true">false</BooleanAttribute><BooleanAttribute Name="ExternalVisible" SystemDefined="true">false</BooleanAttribute><BooleanAttribute Name="ExternalWritable" SystemDefined="true">false</BooleanAttribute><BooleanAttribute Name="UserVisible" Informative="true" SystemDefined="true">true</BooleanAttribute><BooleanAttribute Name="UserReadOnly" Informative="true" SystemDefined="true">false</BooleanAttribute><BooleanAttribute Name="UserDeletable" Informative="true" SystemDefined="true">true</BooleanAttribute><BooleanAttribute Name="SetPoint" SystemDefined="true">false</BooleanAttribute></AttributeList></Member>
    <Member Name="B_MANUAL_SAVED" Datatype="Real" Remanence="NonRetain" Accessibility="Public"><AttributeList><BooleanAttribute Name="ExternalAccessible" SystemDefined="true">true</BooleanAttribute><BooleanAttribute Name="ExternalVisible" SystemDefined="true">true</BooleanAttribute><BooleanAttribute Name="ExternalWritable" SystemDefined="true">true</BooleanAttribute><BooleanAttribute Name="UserVisible" Informative="true" SystemDefined="true">true</BooleanAttribute><BooleanAttribute Name="UserReadOnly" Informative="true" SystemDefined="true">false</BooleanAttribute><BooleanAttribute Name="UserDeletable" Informative="true" SystemDefined="true">true</BooleanAttribute><BooleanAttribute Name="SetPoint" SystemDefined="true">false</BooleanAttribute></AttributeList></Member>
    <Member Name="B_HAS_CHANGED" Datatype="Bool" Remanence="NonRetain" Accessibility="Public"><AttributeList><BooleanAttribute Name="ExternalAccessible" SystemDefined="true">true</BooleanAttribute><BooleanAttribute Name="ExternalVisible" SystemDefined="true">true</BooleanAttribute><BooleanAttribute Name="ExternalWritable" SystemDefined="true">true</BooleanAttribute><BooleanAttribute Name="UserVisible" Informative="true" SystemDefined="true">true</BooleanAttribute><BooleanAttribute Name="UserReadOnly" Informative="true" SystemDefined="true">false</BooleanAttribute><BooleanAttribute Name="UserDeletable" Informative="true" SystemDefined="true">true</BooleanAttribute><BooleanAttribute Name="SetPoint" SystemDefined="true">false</BooleanAttribute></AttributeList></Member>
    <Member Name="IS_MANUAL_MODE" Datatype="Bool" Remanence="Retain" Accessibility="Public"><AttributeList><BooleanAttribute Name="ExternalAccessible" SystemDefined="true">true</BooleanAttribute><BooleanAttribute Name="ExternalVisible" SystemDefined="true">true</BooleanAttribute><BooleanAttribute Name="ExternalWritable" SystemDefined="true">true</BooleanAttribute><BooleanAttribute Name="UserVisible" Informative="true" SystemDefined="true">true</BooleanAttribute><BooleanAttribute Name="UserReadOnly" Informative="true" SystemDefined="true">false</BooleanAttribute><BooleanAttribute Name="UserDeletable" Informative="true" SystemDefined="true">true</BooleanAttribute><BooleanAttribute Name="SetPoint" SystemDefined="true">false</BooleanAttribute></AttributeList></Member>
    <Member Name="BT_ZERO_Raising" Datatype="Bool" Remanence="NonRetain" Accessibility="Public"><AttributeList><BooleanAttribute Name="ExternalAccessible" SystemDefined="true">true</BooleanAttribute><BooleanAttribute Name="ExternalVisible" SystemDefined="true">true</BooleanAttribute><BooleanAttribute Name="ExternalWritable" SystemDefined="true">true</BooleanAttribute><BooleanAttribute Name="UserVisible" Informative="true" SystemDefined="true">true</BooleanAttribute><BooleanAttribute Name="UserReadOnly" Informative="true" SystemDefined="true">false</BooleanAttribute><BooleanAttribute Name="UserDeletable" Informative="true" SystemDefined="true">true</BooleanAttribute><BooleanAttribute Name="SetPoint" SystemDefined="true">false</BooleanAttribute></AttributeList></Member>
    <Member Name="BT_SPAN_Riasing" Datatype="Bool" Remanence="NonRetain" Accessibility="Public"><AttributeList><BooleanAttribute Name="ExternalAccessible" SystemDefined="true">true</BooleanAttribute><BooleanAttribute Name="ExternalVisible" SystemDefined="true">true</BooleanAttribute><BooleanAttribute Name="ExternalWritable" SystemDefined="true">true</BooleanAttribute><BooleanAttribute Name="UserVisible" Informative="true" SystemDefined="true">true</BooleanAttribute><BooleanAttribute Name="UserReadOnly" Informative="true" SystemDefined="true">false</BooleanAttribute><BooleanAttribute Name="UserDeletable" Informative="true" SystemDefined="true">true</BooleanAttribute><BooleanAttribute Name="SetPoint" SystemDefined="true">false</BooleanAttribute></AttributeList></Member>
    <Member Name="MANUAL_Raissing" Datatype="Bool" Remanence="NonRetain" Accessibility="Public"><AttributeList><BooleanAttribute Name="ExternalAccessible" SystemDefined="true">true</BooleanAttribute><BooleanAttribute Name="ExternalVisible" SystemDefined="true">true</BooleanAttribute><BooleanAttribute Name="ExternalWritable" SystemDefined="true">true</BooleanAttribute><BooleanAttribute Name="UserVisible" Informative="true" SystemDefined="true">true</BooleanAttribute><BooleanAttribute Name="UserReadOnly" Informative="true" SystemDefined="true">false</BooleanAttribute><BooleanAttribute Name="UserDeletable" Informative="true" SystemDefined="true">true</BooleanAttribute><BooleanAttribute Name="SetPoint" SystemDefined="true">false</BooleanAttribute></AttributeList></Member>
    <Member Name="Bit_Reset_Man_Mode" Datatype="Bool" Remanence="NonRetain" Accessibility="Public"><AttributeList><BooleanAttribute Name="ExternalAccessible" SystemDefined="true">true</BooleanAttribute><BooleanAttribute Name="ExternalVisible" SystemDefined="true">true</BooleanAttribute><BooleanAttribute Name="ExternalWritable" SystemDefined="true">true</BooleanAttribute><BooleanAttribute Name="UserVisible" Informative="true" SystemDefined="true">true</BooleanAttribute><BooleanAttribute Name="UserReadOnly" Informative="true" SystemDefined="true">false</BooleanAttribute><BooleanAttribute Name="UserDeletable" Informative="true" SystemDefined="true">true</BooleanAttribute><BooleanAttribute Name="SetPoint" SystemDefined="true">false</BooleanAttribute></AttributeList></Member>
  </Section>
  <Section Name="Temp">
    <Member Name="AI_MIN" Datatype="Int"><AttributeList><BooleanAttribute Name="UserVisible" Informative="true" SystemDefined="true">true</BooleanAttribute><BooleanAttribute Name="UserReadOnly" Informative="true" SystemDefined="true">false</BooleanAttribute><BooleanAttribute Name="UserDeletable" Informative="true" SystemDefined="true">true</BooleanAttribute></AttributeList></Member>
    <Member Name="AI_MAX" Datatype="Int"><AttributeList><BooleanAttribute Name="UserVisible" Informative="true" SystemDefined="true">true</BooleanAttribute><BooleanAttribute Name="UserReadOnly" Informative="true" SystemDefined="true">false</BooleanAttribute><BooleanAttribute Name="UserDeletable" Informative="true" SystemDefined="true">true</BooleanAttribute></AttributeList></Member>
    <Member Name="AN_MIN" Datatype="Real"><AttributeList><BooleanAttribute Name="UserVisible" Informative="true" SystemDefined="true">true</BooleanAttribute><BooleanAttribute Name="UserReadOnly" Informative="true" SystemDefined="true">false</BooleanAttribute><BooleanAttribute Name="UserDeletable" Informative="true" SystemDefined="true">true</BooleanAttribute></AttributeList></Member>
    <Member Name="AN_MAX" Datatype="Real"><AttributeList><BooleanAttribute Name="UserVisible" Informative="true" SystemDefined="true">true</BooleanAttribute><BooleanAttribute Name="UserReadOnly" Informative="true" SystemDefined="true">false</BooleanAttribute><BooleanAttribute Name="UserDeletable" Informative="true" SystemDefined="true">true</BooleanAttribute></AttributeList></Member>
    <Member Name="GT_INTEGER" Datatype="DInt"><AttributeList><BooleanAttribute Name="UserVisible" Informative="true" SystemDefined="true">true</BooleanAttribute><BooleanAttribute Name="UserReadOnly" Informative="true" SystemDefined="true">false</BooleanAttribute><BooleanAttribute Name="UserDeletable" Informative="true" SystemDefined="true">true</BooleanAttribute></AttributeList></Member>
    <Member Name="TEMP_RESULT_DINT" Datatype="DInt"><AttributeList><BooleanAttribute Name="UserVisible" Informative="true" SystemDefined="true">true</BooleanAttribute><BooleanAttribute Name="UserReadOnly" Informative="true" SystemDefined="true">false</BooleanAttribute><BooleanAttribute Name="UserDeletable" Informative="true" SystemDefined="true">true</BooleanAttribute></AttributeList></Member>
    <Member Name="W_OUT_MANUAL" Datatype="Real"><AttributeList><BooleanAttribute Name="UserVisible" Informative="true" SystemDefined="true">true</BooleanAttribute><BooleanAttribute Name="UserReadOnly" Informative="true" SystemDefined="true">false</BooleanAttribute><BooleanAttribute Name="UserDeletable" Informative="true" SystemDefined="true">true</BooleanAttribute></AttributeList></Member>
    <Member Name="W_OUT_AUTO" Datatype="Real"><AttributeList><BooleanAttribute Name="UserVisible" Informative="true" SystemDefined="true">true</BooleanAttribute><BooleanAttribute Name="UserReadOnly" Informative="true" SystemDefined="true">false</BooleanAttribute><BooleanAttribute Name="UserDeletable" Informative="true" SystemDefined="true">true</BooleanAttribute></AttributeList></Member>
  </Section>
  <Section Name="Constant" />
</Sections></Interface>
      <InterfaceModifiedDate ReadOnly="true">2025-09-22T19:30:11.8403437Z</InterfaceModifiedDate>
      <IsConsistent ReadOnly="true">true</IsConsistent>
      <IsIECCheckEnabled>false</IsIECCheckEnabled>
      <IsKnowHowProtected ReadOnly="true">false</IsKnowHowProtected>
      <IsRetainMemResEnabled>false</IsRetainMemResEnabled>
      <IsWriteProtected ReadOnly="true">false</IsWriteProtected>
      <LibraryConformanceStatus ReadOnly="true">The object is library-conformant.</LibraryConformanceStatus>
      <MemoryLayout>Optimized</MemoryLayout>
      <MemoryReserve>100</MemoryReserve>
      <ModifiedDate ReadOnly="true">2025-09-22T19:33:21.555545Z</ModifiedDate>
      <Name>1.ANALOG_INPUT</Name>
      <Number>1</Number>
      <ParameterModified ReadOnly="true">2025-08-30T17:31:01.4104373Z</ParameterModified>
      <PLCSimAdvancedSupport ReadOnly="true">false</PLCSimAdvancedSupport>
      <ProgrammingLanguage>LAD</ProgrammingLanguage>
      <SetENOAutomatically>False</SetENOAutomatically>
      <StructureModified ReadOnly="true">2025-09-22T19:30:11.8403437Z</StructureModified>
      <UDABlockProperties />
      <UDAEnableTagReadback>false</UDAEnableTagReadback>
    </AttributeList>
    <ObjectList>
      <MultilingualText ID="1" CompositionName="Comment">
        <ObjectList>
          <MultilingualTextItem ID="2" CompositionName="Items">
            <AttributeList>
              <Culture>en-US</Culture>
              <Text />
            </AttributeList>
          </MultilingualTextItem>
        </ObjectList>
      </MultilingualText>
      <SW.Blocks.CompileUnit ID="3" CompositionName="CompileUnits">
        <AttributeList>
          <NetworkSource><FlgNet xmlns="http://www.siemens.com/automation/Openness/SW/NetworkSource/FlgNet/v3">
  <Parts>
    <Access Scope="LocalVariable" UId="21">
      <Symbol>
        <Component Name="A_MODE" />
      </Symbol>
    </Access>
    <Access Scope="LiteralConstant" UId="22">
      <Constant>
        <ConstantType>Real</ConstantType>
        <ConstantValue>0.0</ConstantValue>
        <StringAttribute Name="Format" Informative="true">Real</StringAttribute>
      </Constant>
    </Access>
    <Access Scope="LiteralConstant" UId="23">
      <Constant>
        <ConstantType>Int</ConstantType>
        <ConstantValue>0</ConstantValue>
        <StringAttribute Name="Format" Informative="true">Dec_signed</StringAttribute>
      </Constant>
    </Access>
    <Access Scope="LocalVariable" UId="24">
      <Symbol>
        <Component Name="AI_MIN" />
      </Symbol>
    </Access>
    <Access Scope="LiteralConstant" UId="25">
      <Constant>
        <ConstantType>Int</ConstantType>
        <ConstantValue>27648</ConstantValue>
        <StringAttribute Name="Format" Informative="true">Dec_signed</StringAttribute>
      </Constant>
    </Access>
    <Access Scope="LocalVariable" UId="26">
      <Symbol>
        <Component Name="AI_MAX" />
      </Symbol>
    </Access>
    <Access Scope="LiteralConstant" UId="27">
      <Constant>
        <ConstantType>Real</ConstantType>
        <ConstantValue>0.0</ConstantValue>
        <StringAttribute Name="Format" Informative="true">Real</StringAttribute>
      </Constant>
    </Access>
    <Access Scope="LocalVariable" UId="28">
      <Symbol>
        <Component Name="AN_MIN" />
      </Symbol>
    </Access>
    <Access Scope="LiteralConstant" UId="29">
      <Constant>
        <ConstantType>Real</ConstantType>
        <ConstantValue>10.0</ConstantValue>
        <StringAttribute Name="Format" Informative="true">Real</StringAttribute>
      </Constant>
    </Access>
    <Access Scope="LocalVariable" UId="30">
      <Symbol>
        <Component Name="AN_MAX" />
      </Symbol>
    </Access>
    <Access Scope="LocalVariable" UId="31">
      <Symbol>
        <Component Name="A_MODE" />
      </Symbol>
    </Access>
    <Access Scope="LiteralConstant" UId="32">
      <Constant>
        <ConstantType>Real</ConstantType>
        <ConstantValue>1.0</ConstantValue>
        <StringAttribute Name="Format" Informative="true">Real</StringAttribute>
      </Constant>
    </Access>
    <Access Scope="LiteralConstant" UId="33">
      <Constant>
        <ConstantType>Int</ConstantType>
        <ConstantValue>0</ConstantValue>
        <StringAttribute Name="Format" Informative="true">Dec_signed</StringAttribute>
      </Constant>
    </Access>
    <Access Scope="LocalVariable" UId="34">
      <Symbol>
        <Component Name="AI_MIN" />
      </Symbol>
    </Access>
    <Access Scope="LiteralConstant" UId="35">
      <Constant>
        <ConstantType>Int</ConstantType>
        <ConstantValue>32767</ConstantValue>
        <StringAttribute Name="Format" Informative="true">Dec_signed</StringAttribute>
      </Constant>
    </Access>
    <Access Scope="LocalVariable" UId="36">
      <Symbol>
        <Component Name="AI_MAX" />
      </Symbol>
    </Access>
    <Access Scope="LiteralConstant" UId="37">
      <Constant>
        <ConstantType>Real</ConstantType>
        <ConstantValue>4.0</ConstantValue>
        <StringAttribute Name="Format" Informative="true">Real</StringAttribute>
      </Constant>
    </Access>
    <Access Scope="LocalVariable" UId="38">
      <Symbol>
        <Component Name="AN_MIN" />
      </Symbol>
    </Access>
    <Access Scope="LiteralConstant" UId="39">
      <Constant>
        <ConstantType>Real</ConstantType>
        <ConstantValue>20.0</ConstantValue>
        <StringAttribute Name="Format" Informative="true">Real</StringAttribute>
      </Constant>
    </Access>
    <Access Scope="LocalVariable" UId="40">
      <Symbol>
        <Component Name="AN_MAX" />
      </Symbol>
    </Access>
    <Access Scope="LocalVariable" UId="41">
      <Symbol>
        <Component Name="A_MODE" />
      </Symbol>
    </Access>
    <Access Scope="LiteralConstant" UId="42">
      <Constant>
        <ConstantType>Real</ConstantType>
        <ConstantValue>2.0</ConstantValue>
        <StringAttribute Name="Format" Informative="true">Real</StringAttribute>
      </Constant>
    </Access>
    <Access Scope="LiteralConstant" UId="43">
      <Constant>
        <ConstantType>Int</ConstantType>
        <ConstantValue>0</ConstantValue>
        <StringAttribute Name="Format" Informative="true">Dec_signed</StringAttribute>
      </Constant>
    </Access>
    <Access Scope="LocalVariable" UId="44">
      <Symbol>
        <Component Name="AI_MIN" />
      </Symbol>
    </Access>
    <Access Scope="LiteralConstant" UId="45">
      <Constant>
        <ConstantType>Int</ConstantType>
        <ConstantValue>32767</ConstantValue>
        <StringAttribute Name="Format" Informative="true">Dec_signed</StringAttribute>
      </Constant>
    </Access>
    <Access Scope="LocalVariable" UId="46">
      <Symbol>
        <Component Name="AI_MAX" />
      </Symbol>
    </Access>
    <Access Scope="LiteralConstant" UId="47">
      <Constant>
        <ConstantType>Real</ConstantType>
        <ConstantValue>0.0</ConstantValue>
        <StringAttribute Name="Format" Informative="true">Real</StringAttribute>
      </Constant>
    </Access>
    <Access Scope="LocalVariable" UId="48">
      <Symbol>
        <Component Name="AN_MIN" />
      </Symbol>
    </Access>
    <Access Scope="LiteralConstant" UId="49">
      <Constant>
        <ConstantType>Real</ConstantType>
        <ConstantValue>20.0</ConstantValue>
        <StringAttribute Name="Format" Informative="true">Real</StringAttribute>
      </Constant>
    </Access>
    <Access Scope="LocalVariable" UId="50">
      <Symbol>
        <Component Name="AN_MAX" />
      </Symbol>
    </Access>
    <Part Name="Eq" UId="51">
      <TemplateValue Name="SrcType" Type="Type">Real</TemplateValue>
    </Part>
    <Part Name="Move" UId="52" DisabledENO="true">
      <TemplateValue Name="Card" Type="Cardinality">1</TemplateValue>
    </Part>
    <Part Name="Move" UId="53" DisabledENO="true">
      <TemplateValue Name="Card" Type="Cardinality">1</TemplateValue>
    </Part>
    <Part Name="Move" UId="54" DisabledENO="true">
      <TemplateValue Name="Card" Type="Cardinality">1</TemplateValue>
    </Part>
    <Part Name="Move" UId="55" DisabledENO="true">
      <TemplateValue Name="Card" Type="Cardinality">1</TemplateValue>
    </Part>
    <Part Name="Eq" UId="56">
      <TemplateValue Name="SrcType" Type="Type">Real</TemplateValue>
    </Part>
    <Part Name="Move" UId="57" DisabledENO="true">
      <TemplateValue Name="Card" Type="Cardinality">1</TemplateValue>
    </Part>
    <Part Name="Move" UId="58" DisabledENO="true">
      <TemplateValue Name="Card" Type="Cardinality">1</TemplateValue>
    </Part>
    <Part Name="Move" UId="59" DisabledENO="true">
      <TemplateValue Name="Card" Type="Cardinality">1</TemplateValue>
    </Part>
    <Part Name="Move" UId="60" DisabledENO="true">
      <TemplateValue Name="Card" Type="Cardinality">1</TemplateValue>
    </Part>
    <Part Name="Eq" UId="61">
      <TemplateValue Name="SrcType" Type="Type">Real</TemplateValue>
    </Part>
    <Part Name="Move" UId="62" DisabledENO="true">
      <TemplateValue Name="Card" Type="Cardinality">1</TemplateValue>
    </Part>
    <Part Name="Move" UId="63" DisabledENO="true">
      <TemplateValue Name="Card" Type="Cardinality">1</TemplateValue>
    </Part>
    <Part Name="Move" UId="64" DisabledENO="true">
      <TemplateValue Name="Card" Type="Cardinality">1</TemplateValue>
    </Part>
    <Part Name="Move" UId="65" DisabledENO="true">
      <TemplateValue Name="Card" Type="Cardinality">1</TemplateValue>
    </Part>
  </Parts>
  <Wires>
    <Wire UId="66">
      <Powerrail />
      <NameCon UId="51" Name="pre" />
      <NameCon UId="56" Name="pre" />
      <NameCon UId="61" Name="pre" />
    </Wire>
    <Wire UId="67">
      <IdentCon UId="21" />
      <NameCon UId="51" Name="in1" />
    </Wire>
    <Wire UId="68">
      <IdentCon UId="22" />
      <NameCon UId="51" Name="in2" />
    </Wire>
    <Wire UId="69">
      <NameCon UId="51" Name="out" />
      <NameCon UId="52" Name="en" />
      <NameCon UId="54" Name="en" />
    </Wire>
    <Wire UId="70">
      <IdentCon UId="23" />
      <NameCon UId="52" Name="in" />
    </Wire>
    <Wire UId="71">
      <NameCon UId="52" Name="eno" />
      <NameCon UId="53" Name="en" />
    </Wire>
    <Wire UId="72">
      <NameCon UId="52" Name="out1" />
      <IdentCon UId="24" />
    </Wire>
    <Wire UId="73">
      <IdentCon UId="25" />
      <NameCon UId="53" Name="in" />
    </Wire>
    <Wire UId="74">
      <NameCon UId="53" Name="out1" />
      <IdentCon UId="26" />
    </Wire>
    <Wire UId="75">
      <IdentCon UId="27" />
      <NameCon UId="54" Name="in" />
    </Wire>
    <Wire UId="76">
      <NameCon UId="54" Name="eno" />
      <NameCon UId="55" Name="en" />
    </Wire>
    <Wire UId="77">
      <NameCon UId="54" Name="out1" />
      <IdentCon UId="28" />
    </Wire>
    <Wire UId="78">
      <IdentCon UId="29" />
      <NameCon UId="55" Name="in" />
    </Wire>
    <Wire UId="79">
      <NameCon UId="55" Name="out1" />
      <IdentCon UId="30" />
    </Wire>
    <Wire UId="80">
      <IdentCon UId="31" />
      <NameCon UId="56" Name="in1" />
    </Wire>
    <Wire UId="81">
      <IdentCon UId="32" />
      <NameCon UId="56" Name="in2" />
    </Wire>
    <Wire UId="82">
      <NameCon UId="56" Name="out" />
      <NameCon UId="57" Name="en" />
      <NameCon UId="59" Name="en" />
    </Wire>
    <Wire UId="83">
      <IdentCon UId="33" />
      <NameCon UId="57" Name="in" />
    </Wire>
    <Wire UId="84">
      <NameCon UId="57" Name="eno" />
      <NameCon UId="58" Name="en" />
    </Wire>
    <Wire UId="85">
      <NameCon UId="57" Name="out1" />
      <IdentCon UId="34" />
    </Wire>
    <Wire UId="86">
      <IdentCon UId="35" />
      <NameCon UId="58" Name="in" />
    </Wire>
    <Wire UId="87">
      <NameCon UId="58" Name="out1" />
      <IdentCon UId="36" />
    </Wire>
    <Wire UId="88">
      <IdentCon UId="37" />
      <NameCon UId="59" Name="in" />
    </Wire>
    <Wire UId="89">
      <NameCon UId="59" Name="eno" />
      <NameCon UId="60" Name="en" />
    </Wire>
    <Wire UId="90">
      <NameCon UId="59" Name="out1" />
      <IdentCon UId="38" />
    </Wire>
    <Wire UId="91">
      <IdentCon UId="39" />
      <NameCon UId="60" Name="in" />
    </Wire>
    <Wire UId="92">
      <NameCon UId="60" Name="out1" />
      <IdentCon UId="40" />
    </Wire>
    <Wire UId="93">
      <IdentCon UId="41" />
      <NameCon UId="61" Name="in1" />
    </Wire>
    <Wire UId="94">
      <IdentCon UId="42" />
      <NameCon UId="61" Name="in2" />
    </Wire>
    <Wire UId="95">
      <NameCon UId="61" Name="out" />
      <NameCon UId="62" Name="en" />
      <NameCon UId="64" Name="en" />
    </Wire>
    <Wire UId="96">
      <IdentCon UId="43" />
      <NameCon UId="62" Name="in" />
    </Wire>
    <Wire UId="97">
      <NameCon UId="62" Name="eno" />
      <NameCon UId="63" Name="en" />
    </Wire>
    <Wire UId="98">
      <NameCon UId="62" Name="out1" />
      <IdentCon UId="44" />
    </Wire>
    <Wire UId="99">
      <IdentCon UId="45" />
      <NameCon UId="63" Name="in" />
    </Wire>
    <Wire UId="100">
      <NameCon UId="63" Name="out1" />
      <IdentCon UId="46" />
    </Wire>
    <Wire UId="101">
      <IdentCon UId="47" />
      <NameCon UId="64" Name="in" />
    </Wire>
    <Wire UId="102">
      <NameCon UId="64" Name="eno" />
      <NameCon UId="65" Name="en" />
    </Wire>
    <Wire UId="103">
      <NameCon UId="64" Name="out1" />
      <IdentCon UId="48" />
    </Wire>
    <Wire UId="104">
      <IdentCon UId="49" />
      <NameCon UId="65" Name="in" />
    </Wire>
    <Wire UId="105">
      <NameCon UId="65" Name="out1" />
      <IdentCon UId="50" />
    </Wire>
  </Wires>
</FlgNet></NetworkSource>
          <ProgrammingLanguage>LAD</ProgrammingLanguage>
        </AttributeList>
        <ObjectList>
          <MultilingualText ID="4" CompositionName="Comment">
            <ObjectList>
              <MultilingualTextItem ID="5" CompositionName="Items">
                <AttributeList>
                  <Culture>en-US</Culture>
                  <Text />
                </AttributeList>
              </MultilingualTextItem>
            </ObjectList>
          </MultilingualText>
          <MultilingualText ID="6" CompositionName="Title">
            <ObjectList>
              <MultilingualTextItem ID="7" CompositionName="Items">
                <AttributeList>
                  <Culture>en-US</Culture>
                  <Text>ANALOG MODE</Text>
                </AttributeList>
              </MultilingualTextItem>
            </ObjectList>
          </MultilingualText>
        </ObjectList>
      </SW.Blocks.CompileUnit>
      <SW.Blocks.CompileUnit ID="8" CompositionName="CompileUnits">
        <AttributeList>
          <NetworkSource><FlgNet xmlns="http://www.siemens.com/automation/Openness/SW/NetworkSource/FlgNet/v3">
  <Parts>
    <Access Scope="LocalVariable" UId="21">
      <Symbol>
        <Component Name="AI_MIN" />
      </Symbol>
    </Access>
    <Access Scope="LocalVariable" UId="22">
      <Symbol>
        <Component Name="AI" />
      </Symbol>
    </Access>
    <Access Scope="LocalVariable" UId="23">
      <Symbol>
        <Component Name="AI_MAX" />
      </Symbol>
    </Access>
    <Access Scope="LocalVariable" UId="24">
      <Symbol>
        <Component Name="T_AI" />
      </Symbol>
    </Access>
    <Access Scope="LocalVariable" UId="25">
      <Symbol>
        <Component Name="AN_MIN" />
      </Symbol>
    </Access>
    <Access Scope="LocalVariable" UId="26">
      <Symbol>
        <Component Name="T_AI" />
      </Symbol>
    </Access>
    <Access Scope="LocalVariable" UId="27">
      <Symbol>
        <Component Name="AN_MAX" />
      </Symbol>
    </Access>
    <Access Scope="LocalVariable" UId="28">
      <Symbol>
        <Component Name="T_AN" />
      </Symbol>
    </Access>
    <Part Name="Normalize" UId="29" DisabledENO="true">
      <TemplateValue Name="SrcType" Type="Type">Int</TemplateValue>
      <TemplateValue Name="DestType" Type="Type">Real</TemplateValue>
    </Part>
    <Part Name="Scale_X" UId="30" DisabledENO="true">
      <TemplateValue Name="SrcType" Type="Type">Real</TemplateValue>
      <TemplateValue Name="DestType" Type="Type">Real</TemplateValue>
    </Part>
  </Parts>
  <Wires>
    <Wire UId="31">
      <Powerrail />
      <NameCon UId="29" Name="en" />
    </Wire>
    <Wire UId="32">
      <IdentCon UId="21" />
      <NameCon UId="29" Name="min" />
    </Wire>
    <Wire UId="33">
      <IdentCon UId="22" />
      <NameCon UId="29" Name="value" />
    </Wire>
    <Wire UId="34">
      <IdentCon UId="23" />
      <NameCon UId="29" Name="max" />
    </Wire>
    <Wire UId="35">
      <NameCon UId="29" Name="eno" />
      <NameCon UId="30" Name="en" />
    </Wire>
    <Wire UId="36">
      <NameCon UId="29" Name="out" />
      <IdentCon UId="24" />
    </Wire>
    <Wire UId="37">
      <IdentCon UId="25" />
      <NameCon UId="30" Name="min" />
    </Wire>
    <Wire UId="38">
      <IdentCon UId="26" />
      <NameCon UId="30" Name="value" />
    </Wire>
    <Wire UId="39">
      <IdentCon UId="27" />
      <NameCon UId="30" Name="max" />
    </Wire>
    <Wire UId="40">
      <NameCon UId="30" Name="out" />
      <IdentCon UId="28" />
    </Wire>
  </Wires>
</FlgNet></NetworkSource>
          <ProgrammingLanguage>LAD</ProgrammingLanguage>
        </AttributeList>
        <ObjectList>
          <MultilingualText ID="9" CompositionName="Comment">
            <ObjectList>
              <MultilingualTextItem ID="A" CompositionName="Items">
                <AttributeList>
                  <Culture>en-US</Culture>
                  <Text />
                </AttributeList>
              </MultilingualTextItem>
            </ObjectList>
          </MultilingualText>
          <MultilingualText ID="B" CompositionName="Title">
            <ObjectList>
              <MultilingualTextItem ID="C" CompositionName="Items">
                <AttributeList>
                  <Culture>en-US</Culture>
                  <Text>SCALE ANALOG IN</Text>
                </AttributeList>
              </MultilingualTextItem>
            </ObjectList>
          </MultilingualText>
        </ObjectList>
      </SW.Blocks.CompileUnit>
      <SW.Blocks.CompileUnit ID="D" CompositionName="CompileUnits">
        <AttributeList>
          <NetworkSource><FlgNet xmlns="http://www.siemens.com/automation/Openness/SW/NetworkSource/FlgNet/v3">
  <Parts>
    <Access Scope="LocalVariable" UId="21">
      <Symbol>
        <Component Name="BT_ZERO" />
      </Symbol>
    </Access>
    <Access Scope="LocalVariable" UId="22">
      <Symbol>
        <Component Name="BT_ZERO_Raising" />
      </Symbol>
    </Access>
    <Access Scope="LocalVariable" UId="23">
      <Symbol>
        <Component Name="IS_MANUAL_MODE" />
      </Symbol>
    </Access>
    <Access Scope="LocalVariable" UId="24">
      <Symbol>
        <Component Name="ZERO" />
      </Symbol>
    </Access>
    <Access Scope="LocalVariable" UId="25">
      <Symbol>
        <Component Name="T_ZERO" />
      </Symbol>
    </Access>
    <Access Scope="LocalVariable" UId="26">
      <Symbol>
        <Component Name="T_AN" />
      </Symbol>
    </Access>
    <Access Scope="LocalVariable" UId="27">
      <Symbol>
        <Component Name="AN_ZERO" />
      </Symbol>
    </Access>
    <Part Name="Contact" UId="28" />
    <Part Name="PBox" UId="29" />
    <Part Name="Contact" UId="30">
      <Negated Name="operand" />
    </Part>
    <Part Name="Move" UId="31" DisabledENO="true">
      <TemplateValue Name="Card" Type="Cardinality">1</TemplateValue>
    </Part>
    <Part Name="Move" UId="32" DisabledENO="true">
      <TemplateValue Name="Card" Type="Cardinality">1</TemplateValue>
    </Part>
  </Parts>
  <Wires>
    <Wire UId="33">
      <Powerrail />
      <NameCon UId="28" Name="in" />
    </Wire>
    <Wire UId="34">
      <IdentCon UId="21" />
      <NameCon UId="28" Name="operand" />
    </Wire>
    <Wire UId="35">
      <NameCon UId="28" Name="out" />
      <NameCon UId="29" Name="in" />
    </Wire>
    <Wire UId="36">
      <IdentCon UId="22" />
      <NameCon UId="29" Name="bit" />
    </Wire>
    <Wire UId="37">
      <NameCon UId="29" Name="out" />
      <NameCon UId="30" Name="in" />
    </Wire>
    <Wire UId="38">
      <IdentCon UId="23" />
      <NameCon UId="30" Name="operand" />
    </Wire>
    <Wire UId="39">
      <NameCon UId="30" Name="out" />
      <NameCon UId="31" Name="en" />
      <NameCon UId="32" Name="en" />
    </Wire>
    <Wire UId="40">
      <IdentCon UId="24" />
      <NameCon UId="31" Name="in" />
    </Wire>
    <Wire UId="41">
      <NameCon UId="31" Name="out1" />
      <IdentCon UId="25" />
    </Wire>
    <Wire UId="42">
      <IdentCon UId="26" />
      <NameCon UId="32" Name="in" />
    </Wire>
    <Wire UId="43">
      <NameCon UId="32" Name="out1" />
      <IdentCon UId="27" />
    </Wire>
  </Wires>
</FlgNet></NetworkSource>
          <ProgrammingLanguage>LAD</ProgrammingLanguage>
        </AttributeList>
        <ObjectList>
          <MultilingualText ID="E" CompositionName="Comment">
            <ObjectList>
              <MultilingualTextItem ID="F" CompositionName="Items">
                <AttributeList>
                  <Culture>en-US</Culture>
                  <Text />
                </AttributeList>
              </MultilingualTextItem>
            </ObjectList>
          </MultilingualText>
          <MultilingualText ID="10" CompositionName="Title">
            <ObjectList>
              <MultilingualTextItem ID="11" CompositionName="Items">
                <AttributeList>
                  <Culture>en-US</Culture>
                  <Text>CALIB ZERO</Text>
                </AttributeList>
              </MultilingualTextItem>
            </ObjectList>
          </MultilingualText>
        </ObjectList>
      </SW.Blocks.CompileUnit>
      <SW.Blocks.CompileUnit ID="12" CompositionName="CompileUnits">
        <AttributeList>
          <NetworkSource><FlgNet xmlns="http://www.siemens.com/automation/Openness/SW/NetworkSource/FlgNet/v3">
  <Parts>
    <Access Scope="LocalVariable" UId="21">
      <Symbol>
        <Component Name="BT_SPAN" />
      </Symbol>
    </Access>
    <Access Scope="LocalVariable" UId="22">
      <Symbol>
        <Component Name="BT_SPAN_Riasing" />
      </Symbol>
    </Access>
    <Access Scope="LocalVariable" UId="23">
      <Symbol>
        <Component Name="IS_MANUAL_MODE" />
      </Symbol>
    </Access>
    <Access Scope="LocalVariable" UId="24">
      <Symbol>
        <Component Name="SPAN" />
      </Symbol>
    </Access>
    <Access Scope="LocalVariable" UId="25">
      <Symbol>
        <Component Name="T_SPAN" />
      </Symbol>
    </Access>
    <Access Scope="LocalVariable" UId="26">
      <Symbol>
        <Component Name="T_AN" />
      </Symbol>
    </Access>
    <Access Scope="LocalVariable" UId="27">
      <Symbol>
        <Component Name="AN_SPAN" />
      </Symbol>
    </Access>
    <Part Name="Contact" UId="28" />
    <Part Name="PBox" UId="29" />
    <Part Name="Contact" UId="30">
      <Negated Name="operand" />
    </Part>
    <Part Name="Move" UId="31" DisabledENO="true">
      <TemplateValue Name="Card" Type="Cardinality">1</TemplateValue>
    </Part>
    <Part Name="Move" UId="32" DisabledENO="true">
      <TemplateValue Name="Card" Type="Cardinality">1</TemplateValue>
    </Part>
  </Parts>
  <Wires>
    <Wire UId="33">
      <Powerrail />
      <NameCon UId="28" Name="in" />
    </Wire>
    <Wire UId="34">
      <IdentCon UId="21" />
      <NameCon UId="28" Name="operand" />
    </Wire>
    <Wire UId="35">
      <NameCon UId="28" Name="out" />
      <NameCon UId="29" Name="in" />
    </Wire>
    <Wire UId="36">
      <IdentCon UId="22" />
      <NameCon UId="29" Name="bit" />
    </Wire>
    <Wire UId="37">
      <NameCon UId="29" Name="out" />
      <NameCon UId="30" Name="in" />
    </Wire>
    <Wire UId="38">
      <IdentCon UId="23" />
      <NameCon UId="30" Name="operand" />
    </Wire>
    <Wire UId="39">
      <NameCon UId="30" Name="out" />
      <NameCon UId="31" Name="en" />
      <NameCon UId="32" Name="en" />
    </Wire>
    <Wire UId="40">
      <IdentCon UId="24" />
      <NameCon UId="31" Name="in" />
    </Wire>
    <Wire UId="41">
      <NameCon UId="31" Name="out1" />
      <IdentCon UId="25" />
    </Wire>
    <Wire UId="42">
      <IdentCon UId="26" />
      <NameCon UId="32" Name="in" />
    </Wire>
    <Wire UId="43">
      <NameCon UId="32" Name="out1" />
      <IdentCon UId="27" />
    </Wire>
  </Wires>
</FlgNet></NetworkSource>
          <ProgrammingLanguage>LAD</ProgrammingLanguage>
        </AttributeList>
        <ObjectList>
          <MultilingualText ID="13" CompositionName="Comment">
            <ObjectList>
              <MultilingualTextItem ID="14" CompositionName="Items">
                <AttributeList>
                  <Culture>en-US</Culture>
                  <Text />
                </AttributeList>
              </MultilingualTextItem>
            </ObjectList>
          </MultilingualText>
          <MultilingualText ID="15" CompositionName="Title">
            <ObjectList>
              <MultilingualTextItem ID="16" CompositionName="Items">
                <AttributeList>
                  <Culture>en-US</Culture>
                  <Text>MOVE SPAN</Text>
                </AttributeList>
              </MultilingualTextItem>
            </ObjectList>
          </MultilingualText>
        </ObjectList>
      </SW.Blocks.CompileUnit>
      <SW.Blocks.CompileUnit ID="17" CompositionName="CompileUnits">
        <AttributeList>
          <NetworkSource><FlgNet xmlns="http://www.siemens.com/automation/Openness/SW/NetworkSource/FlgNet/v3">
  <Parts>
    <Access Scope="LocalVariable" UId="21">
      <Symbol>
        <Component Name="T_SPAN" />
      </Symbol>
    </Access>
    <Access Scope="LiteralConstant" UId="22">
      <Constant>
        <ConstantType>Real</ConstantType>
        <ConstantValue>0.0</ConstantValue>
        <StringAttribute Name="Format" Informative="true">Real</StringAttribute>
      </Constant>
    </Access>
    <Access Scope="LocalVariable" UId="23">
      <Symbol>
        <Component Name="IS_MANUAL_MODE" />
      </Symbol>
    </Access>
    <Access Scope="LocalVariable" UId="24">
      <Symbol>
        <Component Name="T_AN" />
      </Symbol>
    </Access>
    <Access Scope="LocalVariable" UId="25">
      <Symbol>
        <Component Name="T_ZERO" />
      </Symbol>
    </Access>
    <Access Scope="LocalVariable" UId="26">
      <Symbol>
        <Component Name="T_SPAN" />
      </Symbol>
    </Access>
    <Access Scope="LocalVariable" UId="27">
      <Symbol>
        <Component Name="AN_ZERO" />
      </Symbol>
    </Access>
    <Access Scope="LocalVariable" UId="28">
      <Symbol>
        <Component Name="AN_SPAN" />
      </Symbol>
    </Access>
    <Access Scope="LocalVariable" UId="29">
      <Symbol>
        <Component Name="W_OUT_AUTO" />
      </Symbol>
    </Access>
    <Access Scope="LocalVariable" UId="30">
      <Symbol>
        <Component Name="T_SPAN" />
      </Symbol>
    </Access>
    <Access Scope="LiteralConstant" UId="31">
      <Constant>
        <ConstantType>Real</ConstantType>
        <ConstantValue>0.0</ConstantValue>
        <StringAttribute Name="Format" Informative="true">Real</StringAttribute>
      </Constant>
    </Access>
    <Access Scope="LocalVariable" UId="32">
      <Symbol>
        <Component Name="IS_MANUAL_MODE" />
      </Symbol>
    </Access>
    <Access Scope="LiteralConstant" UId="33">
      <Constant>
        <ConstantType>Real</ConstantType>
        <ConstantValue>0.0</ConstantValue>
        <StringAttribute Name="Format" Informative="true">Real</StringAttribute>
      </Constant>
    </Access>
    <Access Scope="LocalVariable" UId="34">
      <Symbol>
        <Component Name="W_OUT" />
      </Symbol>
    </Access>
    <Part Name="Ne" UId="35">
      <TemplateValue Name="SrcType" Type="Type">Real</TemplateValue>
    </Part>
    <Part Name="Contact" UId="36">
      <Negated Name="operand" />
    </Part>
    <Part Name="Calc" UId="37" DisabledENO="true">
      <Equation>(IN1-IN4)/((IN5-IN4)/(IN3-IN2))</Equation>
      <TemplateValue Name="Card" Type="Cardinality">5</TemplateValue>
      <TemplateValue Name="SrcType" Type="Type">Real</TemplateValue>
    </Part>
    <Part Name="Eq" UId="38">
      <TemplateValue Name="SrcType" Type="Type">Real</TemplateValue>
    </Part>
    <Part Name="Contact" UId="39">
      <Negated Name="operand" />
    </Part>
    <Part Name="Move" UId="40" DisabledENO="true">
      <TemplateValue Name="Card" Type="Cardinality">1</TemplateValue>
    </Part>
  </Parts>
  <Wires>
    <Wire UId="41">
      <Powerrail />
      <NameCon UId="35" Name="pre" />
      <NameCon UId="38" Name="pre" />
    </Wire>
    <Wire UId="42">
      <IdentCon UId="21" />
      <NameCon UId="35" Name="in1" />
    </Wire>
    <Wire UId="43">
      <IdentCon UId="22" />
      <NameCon UId="35" Name="in2" />
    </Wire>
    <Wire UId="44">
      <NameCon UId="35" Name="out" />
      <NameCon UId="36" Name="in" />
    </Wire>
    <Wire UId="45">
      <IdentCon UId="23" />
      <NameCon UId="36" Name="operand" />
    </Wire>
    <Wire UId="46">
      <NameCon UId="36" Name="out" />
      <NameCon UId="37" Name="en" />
    </Wire>
    <Wire UId="47">
      <IdentCon UId="24" />
      <NameCon UId="37" Name="in1" />
    </Wire>
    <Wire UId="48">
      <IdentCon UId="25" />
      <NameCon UId="37" Name="in2" />
    </Wire>
    <Wire UId="49">
      <IdentCon UId="26" />
      <NameCon UId="37" Name="in3" />
    </Wire>
    <Wire UId="50">
      <IdentCon UId="27" />
      <NameCon UId="37" Name="in4" />
    </Wire>
    <Wire UId="51">
      <IdentCon UId="28" />
      <NameCon UId="37" Name="in5" />
    </Wire>
    <Wire UId="52">
      <NameCon UId="37" Name="out" />
      <IdentCon UId="29" />
    </Wire>
    <Wire UId="53">
      <IdentCon UId="30" />
      <NameCon UId="38" Name="in1" />
    </Wire>
    <Wire UId="54">
      <IdentCon UId="31" />
      <NameCon UId="38" Name="in2" />
    </Wire>
    <Wire UId="55">
      <NameCon UId="38" Name="out" />
      <NameCon UId="39" Name="in" />
    </Wire>
    <Wire UId="56">
      <IdentCon UId="32" />
      <NameCon UId="39" Name="operand" />
    </Wire>
    <Wire UId="57">
      <NameCon UId="39" Name="out" />
      <NameCon UId="40" Name="en" />
    </Wire>
    <Wire UId="58">
      <IdentCon UId="33" />
      <NameCon UId="40" Name="in" />
    </Wire>
    <Wire UId="59">
      <NameCon UId="40" Name="out1" />
      <IdentCon UId="34" />
    </Wire>
  </Wires>
</FlgNet></NetworkSource>
          <ProgrammingLanguage>LAD</ProgrammingLanguage>
        </AttributeList>
        <ObjectList>
          <MultilingualText ID="18" CompositionName="Comment">
            <ObjectList>
              <MultilingualTextItem ID="19" CompositionName="Items">
                <AttributeList>
                  <Culture>en-US</Culture>
                  <Text />
                </AttributeList>
              </MultilingualTextItem>
            </ObjectList>
          </MultilingualText>
          <MultilingualText ID="1A" CompositionName="Title">
            <ObjectList>
              <MultilingualTextItem ID="1B" CompositionName="Items">
                <AttributeList>
                  <Culture>en-US</Culture>
                  <Text>WEIGHT OUT</Text>
                </AttributeList>
              </MultilingualTextItem>
            </ObjectList>
          </MultilingualText>
        </ObjectList>
      </SW.Blocks.CompileUnit>
      <SW.Blocks.CompileUnit ID="1C" CompositionName="CompileUnits">
        <AttributeList>
          <NetworkSource><FlgNet xmlns="http://www.siemens.com/automation/Openness/SW/NetworkSource/FlgNet/v3">
  <Parts>
    <Access Scope="LocalVariable" UId="21">
      <Symbol>
        <Component Name="AI" />
      </Symbol>
    </Access>
    <Access Scope="LocalVariable" UId="22">
      <Symbol>
        <Component Name="X_OUT" />
      </Symbol>
    </Access>
    <Part Name="Convert" UId="23" DisabledENO="true">
      <TemplateValue Name="SrcType" Type="Type">Int</TemplateValue>
      <TemplateValue Name="DestType" Type="Type">Real</TemplateValue>
    </Part>
  </Parts>
  <Wires>
    <Wire UId="24">
      <Powerrail />
      <NameCon UId="23" Name="en" />
    </Wire>
    <Wire UId="25">
      <IdentCon UId="21" />
      <NameCon UId="23" Name="in" />
    </Wire>
    <Wire UId="26">
      <NameCon UId="23" Name="out" />
      <IdentCon UId="22" />
    </Wire>
  </Wires>
</FlgNet></NetworkSource>
          <ProgrammingLanguage>LAD</ProgrammingLanguage>
        </AttributeList>
        <ObjectList>
          <MultilingualText ID="1D" CompositionName="Comment">
            <ObjectList>
              <MultilingualTextItem ID="1E" CompositionName="Items">
                <AttributeList>
                  <Culture>en-US</Culture>
                  <Text />
                </AttributeList>
              </MultilingualTextItem>
            </ObjectList>
          </MultilingualText>
          <MultilingualText ID="1F" CompositionName="Title">
            <ObjectList>
              <MultilingualTextItem ID="20" CompositionName="Items">
                <AttributeList>
                  <Culture>en-US</Culture>
                  <Text />
                </AttributeList>
              </MultilingualTextItem>
            </ObjectList>
          </MultilingualText>
        </ObjectList>
      </SW.Blocks.CompileUnit>
      <SW.Blocks.CompileUnit ID="21" CompositionName="CompileUnits">
        <AttributeList>
          <NetworkSource><FlgNet xmlns="http://www.siemens.com/automation/Openness/SW/NetworkSource/FlgNet/v3">
  <Parts>
    <Access Scope="LocalVariable" UId="21">
      <Symbol>
        <Component Name="HMI_Manual_Trigger" />
      </Symbol>
    </Access>
    <Access Scope="LocalVariable" UId="22">
      <Symbol>
        <Component Name="MANUAL_Raissing" />
      </Symbol>
    </Access>
    <Access Scope="LocalVariable" UId="23">
      <Symbol>
        <Component Name="IS_MANUAL_MODE" />
      </Symbol>
    </Access>
    <Part Name="Contact" UId="24" />
    <Part Name="PBox" UId="25" />
    <Part Name="SCoil" UId="26" />
  </Parts>
  <Wires>
    <Wire UId="27">
      <Powerrail />
      <NameCon UId="24" Name="in" />
    </Wire>
    <Wire UId="28">
      <IdentCon UId="21" />
      <NameCon UId="24" Name="operand" />
    </Wire>
    <Wire UId="29">
      <NameCon UId="24" Name="out" />
      <NameCon UId="25" Name="in" />
    </Wire>
    <Wire UId="30">
      <IdentCon UId="22" />
      <NameCon UId="25" Name="bit" />
    </Wire>
    <Wire UId="31">
      <NameCon UId="25" Name="out" />
      <NameCon UId="26" Name="in" />
    </Wire>
    <Wire UId="32">
      <IdentCon UId="23" />
      <NameCon UId="26" Name="operand" />
    </Wire>
  </Wires>
</FlgNet></NetworkSource>
          <ProgrammingLanguage>LAD</ProgrammingLanguage>
        </AttributeList>
        <ObjectList>
          <MultilingualText ID="22" CompositionName="Comment">
            <ObjectList>
              <MultilingualTextItem ID="23" CompositionName="Items">
                <AttributeList>
                  <Culture>en-US</Culture>
                  <Text>// Network này nhận xung từ HMI để BẬT vĩnh viễn chế độ Thủ công.
// Nó chỉ được reset bởi một hành động khác (xem Network Y</Text>
                </AttributeList>
              </MultilingualTextItem>
            </ObjectList>
          </MultilingualText>
          <MultilingualText ID="24" CompositionName="Title">
            <ObjectList>
              <MultilingualTextItem ID="25" CompositionName="Items">
                <AttributeList>
                  <Culture>en-US</Culture>
                  <Text>Kích hoạt Chế độ Thủ công (SET)</Text>
                </AttributeList>
              </MultilingualTextItem>
            </ObjectList>
          </MultilingualText>
        </ObjectList>
      </SW.Blocks.CompileUnit>
      <SW.Blocks.CompileUnit ID="26" CompositionName="CompileUnits">
        <AttributeList>
          <NetworkSource><FlgNet xmlns="http://www.siemens.com/automation/Openness/SW/NetworkSource/FlgNet/v3">
  <Parts>
    <Access Scope="LocalVariable" UId="21">
      <Symbol>
        <Component Name="B_MANUAL" />
      </Symbol>
    </Access>
    <Access Scope="LocalVariable" UId="22">
      <Symbol>
        <Component Name="B_MANUAL_SAVED" />
      </Symbol>
    </Access>
    <Part Name="Move" UId="23" DisabledENO="true">
      <TemplateValue Name="Card" Type="Cardinality">1</TemplateValue>
    </Part>
  </Parts>
  <Wires>
    <Wire UId="24">
      <Powerrail />
      <NameCon UId="23" Name="en" />
    </Wire>
    <Wire UId="25">
      <IdentCon UId="21" />
      <NameCon UId="23" Name="in" />
    </Wire>
    <Wire UId="26">
      <NameCon UId="23" Name="out1" />
      <IdentCon UId="22" />
    </Wire>
  </Wires>
</FlgNet></NetworkSource>
          <ProgrammingLanguage>LAD</ProgrammingLanguage>
        </AttributeList>
        <ObjectList>
          <MultilingualText ID="27" CompositionName="Comment">
            <ObjectList>
              <MultilingualTextItem ID="28" CompositionName="Items">
                <AttributeList>
                  <Culture>en-US</Culture>
                  <Text />
                </AttributeList>
              </MultilingualTextItem>
            </ObjectList>
          </MultilingualText>
          <MultilingualText ID="29" CompositionName="Title">
            <ObjectList>
              <MultilingualTextItem ID="2A" CompositionName="Items">
                <AttributeList>
                  <Culture>en-US</Culture>
                  <Text />
                </AttributeList>
              </MultilingualTextItem>
            </ObjectList>
          </MultilingualText>
        </ObjectList>
      </SW.Blocks.CompileUnit>
      <SW.Blocks.CompileUnit ID="2B" CompositionName="CompileUnits">
        <AttributeList>
          <NetworkSource><FlgNet xmlns="http://www.siemens.com/automation/Openness/SW/NetworkSource/FlgNet/v3">
  <Parts>
    <Access Scope="LocalVariable" UId="21">
      <Symbol>
        <Component Name="BT_SPAN" />
      </Symbol>
    </Access>
    <Access Scope="LocalVariable" UId="22">
      <Symbol>
        <Component Name="Bit_Reset_Man_Mode" />
      </Symbol>
    </Access>
    <Access Scope="LocalVariable" UId="23">
      <Symbol>
        <Component Name="IS_MANUAL_MODE" />
      </Symbol>
    </Access>
    <Part Name="PContact" UId="24" />
    <Part Name="RCoil" UId="25" />
  </Parts>
  <Wires>
    <Wire UId="26">
      <Powerrail />
      <NameCon UId="24" Name="pre" />
    </Wire>
    <Wire UId="27">
      <IdentCon UId="22" />
      <NameCon UId="24" Name="bit" />
    </Wire>
    <Wire UId="28">
      <IdentCon UId="21" />
      <NameCon UId="24" Name="operand" />
    </Wire>
    <Wire UId="29">
      <NameCon UId="24" Name="out" />
      <NameCon UId="25" Name="in" />
    </Wire>
    <Wire UId="30">
      <IdentCon UId="23" />
      <NameCon UId="25" Name="operand" />
    </Wire>
  </Wires>
</FlgNet></NetworkSource>
          <ProgrammingLanguage>LAD</ProgrammingLanguage>
        </AttributeList>
        <ObjectList>
          <MultilingualText ID="2C" CompositionName="Comment">
            <ObjectList>
              <MultilingualTextItem ID="2D" CompositionName="Items">
                <AttributeList>
                  <Culture>en-US</Culture>
                  <Text />
                </AttributeList>
              </MultilingualTextItem>
            </ObjectList>
          </MultilingualText>
          <MultilingualText ID="2E" CompositionName="Title">
            <ObjectList>
              <MultilingualTextItem ID="2F" CompositionName="Items">
                <AttributeList>
                  <Culture>en-US</Culture>
                  <Text />
                </AttributeList>
              </MultilingualTextItem>
            </ObjectList>
          </MultilingualText>
        </ObjectList>
      </SW.Blocks.CompileUnit>
      <SW.Blocks.CompileUnit ID="30" CompositionName="CompileUnits">
        <AttributeList>
          <NetworkSource><FlgNet xmlns="http://www.siemens.com/automation/Openness/SW/NetworkSource/FlgNet/v3">
  <Parts>
    <Access Scope="LocalVariable" UId="21">
      <Symbol>
        <Component Name="IS_MANUAL_MODE" />
      </Symbol>
    </Access>
    <Access Scope="LocalVariable" UId="22">
      <Symbol>
        <Component Name="ZERO" />
      </Symbol>
    </Access>
    <Access Scope="LocalVariable" UId="23">
      <Symbol>
        <Component Name="GT_INTEGER" />
      </Symbol>
    </Access>
    <Access Scope="LocalVariable" UId="24">
      <Symbol>
        <Component Name="AI" />
      </Symbol>
    </Access>
    <Access Scope="LocalVariable" UId="25">
      <Symbol>
        <Component Name="GT_INTEGER" />
      </Symbol>
    </Access>
    <Access Scope="LocalVariable" UId="26">
      <Symbol>
        <Component Name="TEMP_RESULT_DINT" />
      </Symbol>
    </Access>
    <Access Scope="LocalVariable" UId="27">
      <Symbol>
        <Component Name="TEMP_RESULT_DINT" />
      </Symbol>
    </Access>
    <Access Scope="LocalVariable" UId="28">
      <Symbol>
        <Component Name="B_MANUAL" />
      </Symbol>
    </Access>
    <Access Scope="LocalVariable" UId="29">
      <Symbol>
        <Component Name="W_OUT_MANUAL" />
      </Symbol>
    </Access>
    <Part Name="Contact" UId="30" />
    <Part Name="Trunc" UId="31" DisabledENO="true">
      <TemplateValue Name="SrcType" Type="Type">Real</TemplateValue>
      <TemplateValue Name="DestType" Type="Type">DInt</TemplateValue>
    </Part>
    <Part Name="Sub" UId="32" DisabledENO="true">
      <AutomaticTyped Name="SrcType" />
    </Part>
    <Part Name="Mul" UId="33" DisabledENO="true">
      <TemplateValue Name="Card" Type="Cardinality">2</TemplateValue>
      <AutomaticTyped Name="SrcType" />
    </Part>
  </Parts>
  <Wires>
    <Wire UId="34">
      <Powerrail />
      <NameCon UId="30" Name="in" />
    </Wire>
    <Wire UId="35">
      <IdentCon UId="21" />
      <NameCon UId="30" Name="operand" />
    </Wire>
    <Wire UId="36">
      <NameCon UId="30" Name="out" />
      <NameCon UId="31" Name="en" />
      <NameCon UId="32" Name="en" />
      <NameCon UId="33" Name="en" />
    </Wire>
    <Wire UId="37">
      <IdentCon UId="22" />
      <NameCon UId="31" Name="in" />
    </Wire>
    <Wire UId="38">
      <NameCon UId="31" Name="out" />
      <IdentCon UId="23" />
    </Wire>
    <Wire UId="39">
      <IdentCon UId="24" />
      <NameCon UId="32" Name="in1" />
    </Wire>
    <Wire UId="40">
      <IdentCon UId="25" />
      <NameCon UId="32" Name="in2" />
    </Wire>
    <Wire UId="41">
      <NameCon UId="32" Name="out" />
      <IdentCon UId="26" />
    </Wire>
    <Wire UId="42">
      <IdentCon UId="27" />
      <NameCon UId="33" Name="in1" />
    </Wire>
    <Wire UId="43">
      <IdentCon UId="28" />
      <NameCon UId="33" Name="in2" />
    </Wire>
    <Wire UId="44">
      <NameCon UId="33" Name="out" />
      <IdentCon UId="29" />
    </Wire>
  </Wires>
</FlgNet></NetworkSource>
          <ProgrammingLanguage>LAD</ProgrammingLanguage>
        </AttributeList>
        <ObjectList>
          <MultilingualText ID="31" CompositionName="Comment">
            <ObjectList>
              <MultilingualTextItem ID="32" CompositionName="Items">
                <AttributeList>
                  <Culture>en-US</Culture>
                  <Text />
                </AttributeList>
              </MultilingualTextItem>
            </ObjectList>
          </MultilingualText>
          <MultilingualText ID="33" CompositionName="Title">
            <ObjectList>
              <MultilingualTextItem ID="34" CompositionName="Items">
                <AttributeList>
                  <Culture>en-US</Culture>
                  <Text />
                </AttributeList>
              </MultilingualTextItem>
            </ObjectList>
          </MultilingualText>
        </ObjectList>
      </SW.Blocks.CompileUnit>
      <SW.Blocks.CompileUnit ID="35" CompositionName="CompileUnits">
        <AttributeList>
          <NetworkSource><FlgNet xmlns="http://www.siemens.com/automation/Openness/SW/NetworkSource/FlgNet/v3">
  <Parts>
    <Access Scope="LocalVariable" UId="21">
      <Symbol>
        <Component Name="IS_MANUAL_MODE" />
      </Symbol>
    </Access>
    <Access Scope="LocalVariable" UId="22">
      <Symbol>
        <Component Name="W_OUT_AUTO" />
      </Symbol>
    </Access>
    <Access Scope="LocalVariable" UId="23">
      <Symbol>
        <Component Name="W_OUT_MANUAL" />
      </Symbol>
    </Access>
    <Access Scope="LocalVariable" UId="24">
      <Symbol>
        <Component Name="W_OUT" />
      </Symbol>
    </Access>
    <Part Name="SEL" Version="1.4" UId="25">
      <TemplateValue Name="value_type" Type="Type">Real</TemplateValue>
    </Part>
  </Parts>
  <Wires>
    <Wire UId="26">
      <Powerrail />
      <NameCon UId="25" Name="en" />
    </Wire>
    <Wire UId="27">
      <IdentCon UId="21" />
      <NameCon UId="25" Name="G" />
    </Wire>
    <Wire UId="28">
      <IdentCon UId="22" />
      <NameCon UId="25" Name="IN0" />
    </Wire>
    <Wire UId="29">
      <IdentCon UId="23" />
      <NameCon UId="25" Name="IN1" />
    </Wire>
    <Wire UId="30">
      <NameCon UId="25" Name="OUT" />
      <IdentCon UId="24" />
    </Wire>
  </Wires>
</FlgNet></NetworkSource>
          <ProgrammingLanguage>LAD</ProgrammingLanguage>
        </AttributeList>
        <ObjectList>
          <MultilingualText ID="36" CompositionName="Comment">
            <ObjectList>
              <MultilingualTextItem ID="37" CompositionName="Items">
                <AttributeList>
                  <Culture>en-US</Culture>
                  <Text />
                </AttributeList>
              </MultilingualTextItem>
            </ObjectList>
          </MultilingualText>
          <MultilingualText ID="38" CompositionName="Title">
            <ObjectList>
              <MultilingualTextItem ID="39" CompositionName="Items">
                <AttributeList>
                  <Culture>en-US</Culture>
                  <Text />
                </AttributeList>
              </MultilingualTextItem>
            </ObjectList>
          </MultilingualText>
        </ObjectList>
      </SW.Blocks.CompileUnit>
      <SW.Blocks.CompileUnit ID="3A" CompositionName="CompileUnits">
        <AttributeList>
          <NetworkSource />
          <ProgrammingLanguage>LAD</ProgrammingLanguage>
        </AttributeList>
        <ObjectList>
          <MultilingualText ID="3B" CompositionName="Comment">
            <ObjectList>
              <MultilingualTextItem ID="3C" CompositionName="Items">
                <AttributeList>
                  <Culture>en-US</Culture>
                  <Text />
                </AttributeList>
              </MultilingualTextItem>
            </ObjectList>
          </MultilingualText>
          <MultilingualText ID="3D" CompositionName="Title">
            <ObjectList>
              <MultilingualTextItem ID="3E" CompositionName="Items">
                <AttributeList>
                  <Culture>en-US</Culture>
                  <Text />
                </AttributeList>
              </MultilingualTextItem>
            </ObjectList>
          </MultilingualText>
        </ObjectList>
      </SW.Blocks.CompileUnit>
      <MultilingualText ID="3F" CompositionName="Title">
        <ObjectList>
          <MultilingualTextItem ID="40" CompositionName="Items">
            <AttributeList>
              <Culture>en-US</Culture>
              <Text />
            </AttributeList>
          </MultilingualTextItem>
        </ObjectList>
      </MultilingualText>
    </ObjectList>
  </SW.Blocks.FB>
</Document>