﻿<?xml version="1.0" encoding="utf-8"?>
<Document>
  <Engineering version="V15.1" />
  <DocumentInfo>
    <Created>2026-01-09T13:45:12.6414146Z</Created>
    <ExportSetting>WithDefaults, WithReadOnly</ExportSetting>
    <InstalledProducts>
      <Product>
        <DisplayName>Totally Integrated Automation Portal</DisplayName>
        <DisplayVersion>V15.1 Update 8</DisplayVersion>
      </Product>
      <OptionPackage>
        <DisplayName>TIA Portal Openness</DisplayName>
        <DisplayVersion>V15.1 Update 8</DisplayVersion>
      </OptionPackage>
      <Product>
        <DisplayName>STEP 7 Professional</DisplayName>
        <DisplayVersion>V15.1 Update 8</DisplayVersion>
      </Product>
      <Product>
        <DisplayName>WinCC Advanced</DisplayName>
        <DisplayVersion>V15.1 Update 8</DisplayVersion>
      </Product>
    </InstalledProducts>
  </DocumentInfo>
  <SW.Blocks.FB ID="0">
    <AttributeList>
      <AutoNumber>false</AutoNumber>
      <CodeModifiedDate ReadOnly="true">2025-08-27T17:13:37.9521369Z</CodeModifiedDate>
      <CompileDate ReadOnly="true">2025-08-30T17:40:34.6172449Z</CompileDate>
      <CreationDate ReadOnly="true">2024-10-12T12:36:08.0193576Z</CreationDate>
      <DownloadWithoutReinit ReadOnly="true">false</DownloadWithoutReinit>
      <HandleErrorsWithinBlock ReadOnly="true">false</HandleErrorsWithinBlock>
      <HeaderAuthor />
      <HeaderFamily />
      <HeaderName />
      <HeaderVersion>0.1</HeaderVersion>
      <Interface><Sections xmlns="http://www.siemens.com/automation/Openness/SW/Interface/v3">
  <Section Name="Input">
    <Member Name="ON" Datatype="Bool" Remanence="NonRetain" Accessibility="Public"><AttributeList><BooleanAttribute Name="ExternalAccessible" SystemDefined="true">true</BooleanAttribute><BooleanAttribute Name="ExternalVisible" SystemDefined="true">true</BooleanAttribute><BooleanAttribute Name="ExternalWritable" SystemDefined="true">true</BooleanAttribute><BooleanAttribute Name="UserVisible" Informative="true" SystemDefined="true">true</BooleanAttribute><BooleanAttribute Name="UserReadOnly" Informative="true" SystemDefined="true">false</BooleanAttribute><BooleanAttribute Name="UserDeletable" Informative="true" SystemDefined="true">true</BooleanAttribute></AttributeList></Member>
    <Member Name="CLOCK_1S" Datatype="Bool" Remanence="NonRetain" Accessibility="Public"><AttributeList><BooleanAttribute Name="ExternalAccessible" SystemDefined="true">true</BooleanAttribute><BooleanAttribute Name="ExternalVisible" SystemDefined="true">true</BooleanAttribute><BooleanAttribute Name="ExternalWritable" SystemDefined="true">true</BooleanAttribute><BooleanAttribute Name="UserVisible" Informative="true" SystemDefined="true">true</BooleanAttribute><BooleanAttribute Name="UserReadOnly" Informative="true" SystemDefined="true">false</BooleanAttribute><BooleanAttribute Name="UserDeletable" Informative="true" SystemDefined="true">true</BooleanAttribute></AttributeList></Member>
    <Member Name="T_ON" Datatype="Real" Remanence="NonRetain" Accessibility="Public"><AttributeList><BooleanAttribute Name="ExternalAccessible" SystemDefined="true">true</BooleanAttribute><BooleanAttribute Name="ExternalVisible" SystemDefined="true">true</BooleanAttribute><BooleanAttribute Name="ExternalWritable" SystemDefined="true">true</BooleanAttribute><BooleanAttribute Name="UserVisible" Informative="true" SystemDefined="true">true</BooleanAttribute><BooleanAttribute Name="UserReadOnly" Informative="true" SystemDefined="true">false</BooleanAttribute><BooleanAttribute Name="UserDeletable" Informative="true" SystemDefined="true">true</BooleanAttribute></AttributeList></Member>
    <Member Name="T_OFF" Datatype="Real" Remanence="NonRetain" Accessibility="Public"><AttributeList><BooleanAttribute Name="ExternalAccessible" SystemDefined="true">true</BooleanAttribute><BooleanAttribute Name="ExternalVisible" SystemDefined="true">true</BooleanAttribute><BooleanAttribute Name="ExternalWritable" SystemDefined="true">true</BooleanAttribute><BooleanAttribute Name="UserVisible" Informative="true" SystemDefined="true">true</BooleanAttribute><BooleanAttribute Name="UserReadOnly" Informative="true" SystemDefined="true">false</BooleanAttribute><BooleanAttribute Name="UserDeletable" Informative="true" SystemDefined="true">true</BooleanAttribute></AttributeList></Member>
  </Section>
  <Section Name="Output">
    <Member Name="OUT" Datatype="Bool" Remanence="NonRetain" Accessibility="Public"><AttributeList><BooleanAttribute Name="ExternalAccessible" SystemDefined="true">true</BooleanAttribute><BooleanAttribute Name="ExternalVisible" SystemDefined="true">true</BooleanAttribute><BooleanAttribute Name="ExternalWritable" SystemDefined="true">true</BooleanAttribute><BooleanAttribute Name="UserVisible" Informative="true" SystemDefined="true">true</BooleanAttribute><BooleanAttribute Name="UserReadOnly" Informative="true" SystemDefined="true">false</BooleanAttribute><BooleanAttribute Name="UserDeletable" Informative="true" SystemDefined="true">true</BooleanAttribute></AttributeList></Member>
  </Section>
  <Section Name="InOut" />
  <Section Name="Static">
    <Member Name="TON" Datatype="Real" Remanence="Retain" Accessibility="Public"><AttributeList><BooleanAttribute Name="ExternalAccessible" SystemDefined="true">true</BooleanAttribute><BooleanAttribute Name="ExternalVisible" SystemDefined="true">true</BooleanAttribute><BooleanAttribute Name="ExternalWritable" SystemDefined="true">true</BooleanAttribute><BooleanAttribute Name="UserVisible" Informative="true" SystemDefined="true">true</BooleanAttribute><BooleanAttribute Name="UserReadOnly" Informative="true" SystemDefined="true">false</BooleanAttribute><BooleanAttribute Name="UserDeletable" Informative="true" SystemDefined="true">true</BooleanAttribute><BooleanAttribute Name="SetPoint" SystemDefined="true">false</BooleanAttribute></AttributeList></Member>
    <Member Name="TOFF" Datatype="Real" Remanence="Retain" Accessibility="Public"><AttributeList><BooleanAttribute Name="ExternalAccessible" SystemDefined="true">true</BooleanAttribute><BooleanAttribute Name="ExternalVisible" SystemDefined="true">true</BooleanAttribute><BooleanAttribute Name="ExternalWritable" SystemDefined="true">true</BooleanAttribute><BooleanAttribute Name="UserVisible" Informative="true" SystemDefined="true">true</BooleanAttribute><BooleanAttribute Name="UserReadOnly" Informative="true" SystemDefined="true">false</BooleanAttribute><BooleanAttribute Name="UserDeletable" Informative="true" SystemDefined="true">true</BooleanAttribute><BooleanAttribute Name="SetPoint" SystemDefined="true">false</BooleanAttribute></AttributeList></Member>
    <Member Name="CLK1" Datatype="Bool" Remanence="NonRetain" Accessibility="Public"><AttributeList><BooleanAttribute Name="ExternalAccessible" SystemDefined="true">true</BooleanAttribute><BooleanAttribute Name="ExternalVisible" SystemDefined="true">true</BooleanAttribute><BooleanAttribute Name="ExternalWritable" SystemDefined="true">true</BooleanAttribute><BooleanAttribute Name="UserVisible" Informative="true" SystemDefined="true">true</BooleanAttribute><BooleanAttribute Name="UserReadOnly" Informative="true" SystemDefined="true">false</BooleanAttribute><BooleanAttribute Name="UserDeletable" Informative="true" SystemDefined="true">true</BooleanAttribute><BooleanAttribute Name="SetPoint" SystemDefined="true">false</BooleanAttribute></AttributeList></Member>
  </Section>
  <Section Name="Temp" />
  <Section Name="Constant" />
</Sections></Interface>
      <InterfaceModifiedDate ReadOnly="true">2023-08-14T08:08:19.3737097Z</InterfaceModifiedDate>
      <IsConsistent ReadOnly="true">true</IsConsistent>
      <IsIECCheckEnabled>false</IsIECCheckEnabled>
      <IsKnowHowProtected ReadOnly="true">false</IsKnowHowProtected>
      <IsRetainMemResEnabled>false</IsRetainMemResEnabled>
      <IsWriteProtected ReadOnly="true">false</IsWriteProtected>
      <LibraryConformanceStatus ReadOnly="true">The object is library-conformant.</LibraryConformanceStatus>
      <MemoryLayout>Optimized</MemoryLayout>
      <MemoryReserve>100</MemoryReserve>
      <ModifiedDate ReadOnly="true">2025-08-27T17:13:37.9521369Z</ModifiedDate>
      <Name>10.TIMER_CLOCK</Name>
      <Number>10</Number>
      <ParameterModified ReadOnly="true">2022-05-24T16:04:05.0982286Z</ParameterModified>
      <PLCSimAdvancedSupport ReadOnly="true">false</PLCSimAdvancedSupport>
      <ProgrammingLanguage>LAD</ProgrammingLanguage>
      <SetENOAutomatically>False</SetENOAutomatically>
      <StructureModified ReadOnly="true">2023-08-14T08:08:19.3737097Z</StructureModified>
      <UDABlockProperties />
      <UDAEnableTagReadback>false</UDAEnableTagReadback>
    </AttributeList>
    <ObjectList>
      <MultilingualText ID="1" CompositionName="Comment">
        <ObjectList>
          <MultilingualTextItem ID="2" CompositionName="Items">
            <AttributeList>
              <Culture>en-US</Culture>
              <Text />
            </AttributeList>
          </MultilingualTextItem>
        </ObjectList>
      </MultilingualText>
      <SW.Blocks.CompileUnit ID="3" CompositionName="CompileUnits">
        <AttributeList>
          <NetworkSource><FlgNet xmlns="http://www.siemens.com/automation/Openness/SW/NetworkSource/FlgNet/v3">
  <Parts>
    <Access Scope="LocalVariable" UId="21">
      <Symbol>
        <Component Name="ON" />
      </Symbol>
    </Access>
    <Access Scope="LocalVariable" UId="22">
      <Symbol>
        <Component Name="CLOCK_1S" />
      </Symbol>
    </Access>
    <Access Scope="LocalVariable" UId="23">
      <Symbol>
        <Component Name="CLK1" />
      </Symbol>
    </Access>
    <Access Scope="LocalVariable" UId="24">
      <Symbol>
        <Component Name="TON" />
      </Symbol>
    </Access>
    <Access Scope="LocalVariable" UId="25">
      <Symbol>
        <Component Name="T_ON" />
      </Symbol>
    </Access>
    <Access Scope="LocalVariable" UId="26">
      <Symbol>
        <Component Name="TON" />
      </Symbol>
    </Access>
    <Access Scope="LiteralConstant" UId="27">
      <Constant>
        <ConstantType>Real</ConstantType>
        <ConstantValue>0.1</ConstantValue>
        <StringAttribute Name="Format" Informative="true">Real</StringAttribute>
      </Constant>
    </Access>
    <Access Scope="LocalVariable" UId="28">
      <Symbol>
        <Component Name="TON" />
      </Symbol>
    </Access>
    <Access Scope="LocalVariable" UId="29">
      <Symbol>
        <Component Name="TON" />
      </Symbol>
    </Access>
    <Access Scope="LocalVariable" UId="30">
      <Symbol>
        <Component Name="T_ON" />
      </Symbol>
    </Access>
    <Access Scope="LocalVariable" UId="31">
      <Symbol>
        <Component Name="TOFF" />
      </Symbol>
    </Access>
    <Access Scope="LocalVariable" UId="32">
      <Symbol>
        <Component Name="T_OFF" />
      </Symbol>
    </Access>
    <Access Scope="LocalVariable" UId="33">
      <Symbol>
        <Component Name="TOFF" />
      </Symbol>
    </Access>
    <Access Scope="LiteralConstant" UId="34">
      <Constant>
        <ConstantType>Real</ConstantType>
        <ConstantValue>0.1</ConstantValue>
        <StringAttribute Name="Format" Informative="true">Real</StringAttribute>
      </Constant>
    </Access>
    <Access Scope="LocalVariable" UId="35">
      <Symbol>
        <Component Name="TOFF" />
      </Symbol>
    </Access>
    <Access Scope="LocalVariable" UId="36">
      <Symbol>
        <Component Name="ON" />
      </Symbol>
    </Access>
    <Access Scope="LocalVariable" UId="37">
      <Symbol>
        <Component Name="TON" />
      </Symbol>
    </Access>
    <Access Scope="LocalVariable" UId="38">
      <Symbol>
        <Component Name="T_ON" />
      </Symbol>
    </Access>
    <Access Scope="LocalVariable" UId="39">
      <Symbol>
        <Component Name="OUT" />
      </Symbol>
    </Access>
    <Access Scope="LocalVariable" UId="40">
      <Symbol>
        <Component Name="ON" />
      </Symbol>
    </Access>
    <Access Scope="LocalVariable" UId="41">
      <Symbol>
        <Component Name="OUT" />
      </Symbol>
    </Access>
    <Access Scope="LocalVariable" UId="42">
      <Symbol>
        <Component Name="ON" />
      </Symbol>
    </Access>
    <Access Scope="LocalVariable" UId="43">
      <Symbol>
        <Component Name="TOFF" />
      </Symbol>
    </Access>
    <Access Scope="LocalVariable" UId="44">
      <Symbol>
        <Component Name="T_OFF" />
      </Symbol>
    </Access>
    <Access Scope="LocalVariable" UId="45">
      <Symbol>
        <Component Name="TOFF" />
      </Symbol>
    </Access>
    <Access Scope="LocalVariable" UId="46">
      <Symbol>
        <Component Name="T_OFF" />
      </Symbol>
    </Access>
    <Access Scope="LocalVariable" UId="47">
      <Symbol>
        <Component Name="TON" />
      </Symbol>
    </Access>
    <Access Scope="LocalVariable" UId="48">
      <Symbol>
        <Component Name="T_ON" />
      </Symbol>
    </Access>
    <Access Scope="LocalVariable" UId="49">
      <Symbol>
        <Component Name="ON" />
      </Symbol>
    </Access>
    <Access Scope="LiteralConstant" UId="50">
      <Constant>
        <ConstantType>Real</ConstantType>
        <ConstantValue>0.0</ConstantValue>
        <StringAttribute Name="Format" Informative="true">Real</StringAttribute>
      </Constant>
    </Access>
    <Access Scope="LocalVariable" UId="51">
      <Symbol>
        <Component Name="TOFF" />
      </Symbol>
    </Access>
    <Access Scope="LocalVariable" UId="52">
      <Symbol>
        <Component Name="TON" />
      </Symbol>
    </Access>
    <Part Name="Contact" UId="53" />
    <Part Name="PContact" UId="54" />
    <Part Name="Lt" UId="55">
      <TemplateValue Name="SrcType" Type="Type">Real</TemplateValue>
    </Part>
    <Part Name="Calc" UId="56" DisabledENO="true">
      <Equation>IN1+IN2</Equation>
      <TemplateValue Name="Card" Type="Cardinality">2</TemplateValue>
      <TemplateValue Name="SrcType" Type="Type">Real</TemplateValue>
    </Part>
    <Part Name="Ge" UId="57">
      <TemplateValue Name="SrcType" Type="Type">Real</TemplateValue>
    </Part>
    <Part Name="Lt" UId="58">
      <TemplateValue Name="SrcType" Type="Type">Real</TemplateValue>
    </Part>
    <Part Name="Calc" UId="59" DisabledENO="true">
      <Equation>IN1+IN2</Equation>
      <TemplateValue Name="Card" Type="Cardinality">2</TemplateValue>
      <TemplateValue Name="SrcType" Type="Type">Real</TemplateValue>
    </Part>
    <Part Name="Contact" UId="60" />
    <Part Name="Lt" UId="61">
      <TemplateValue Name="SrcType" Type="Type">Real</TemplateValue>
    </Part>
    <Part Name="Coil" UId="62" />
    <Part Name="Contact" UId="63">
      <Negated Name="operand" />
    </Part>
    <Part Name="RCoil" UId="64" />
    <Part Name="Contact" UId="65" />
    <Part Name="Eq" UId="66">
      <TemplateValue Name="SrcType" Type="Type">Real</TemplateValue>
    </Part>
    <Part Name="Gt" UId="67">
      <TemplateValue Name="SrcType" Type="Type">Real</TemplateValue>
    </Part>
    <Part Name="Gt" UId="68">
      <TemplateValue Name="SrcType" Type="Type">Real</TemplateValue>
    </Part>
    <Part Name="Contact" UId="69">
      <Negated Name="operand" />
    </Part>
    <Part Name="O" UId="70">
      <TemplateValue Name="Card" Type="Cardinality">3</TemplateValue>
    </Part>
    <Part Name="Move" UId="71" DisabledENO="true">
      <TemplateValue Name="Card" Type="Cardinality">2</TemplateValue>
    </Part>
  </Parts>
  <Wires>
    <Wire UId="72">
      <Powerrail />
      <NameCon UId="53" Name="in" />
      <NameCon UId="60" Name="in" />
      <NameCon UId="63" Name="in" />
      <NameCon UId="65" Name="in" />
      <NameCon UId="69" Name="in" />
    </Wire>
    <Wire UId="73">
      <IdentCon UId="21" />
      <NameCon UId="53" Name="operand" />
    </Wire>
    <Wire UId="74">
      <NameCon UId="53" Name="out" />
      <NameCon UId="54" Name="pre" />
    </Wire>
    <Wire UId="75">
      <IdentCon UId="23" />
      <NameCon UId="54" Name="bit" />
    </Wire>
    <Wire UId="76">
      <IdentCon UId="22" />
      <NameCon UId="54" Name="operand" />
    </Wire>
    <Wire UId="77">
      <NameCon UId="54" Name="out" />
      <NameCon UId="55" Name="pre" />
      <NameCon UId="57" Name="pre" />
    </Wire>
    <Wire UId="78">
      <IdentCon UId="24" />
      <NameCon UId="55" Name="in1" />
    </Wire>
    <Wire UId="79">
      <IdentCon UId="25" />
      <NameCon UId="55" Name="in2" />
    </Wire>
    <Wire UId="80">
      <NameCon UId="55" Name="out" />
      <NameCon UId="56" Name="en" />
    </Wire>
    <Wire UId="81">
      <IdentCon UId="26" />
      <NameCon UId="56" Name="in1" />
    </Wire>
    <Wire UId="82">
      <IdentCon UId="27" />
      <NameCon UId="56" Name="in2" />
    </Wire>
    <Wire UId="83">
      <NameCon UId="56" Name="out" />
      <IdentCon UId="28" />
    </Wire>
    <Wire UId="84">
      <IdentCon UId="29" />
      <NameCon UId="57" Name="in1" />
    </Wire>
    <Wire UId="85">
      <IdentCon UId="30" />
      <NameCon UId="57" Name="in2" />
    </Wire>
    <Wire UId="86">
      <NameCon UId="57" Name="out" />
      <NameCon UId="58" Name="pre" />
    </Wire>
    <Wire UId="87">
      <IdentCon UId="31" />
      <NameCon UId="58" Name="in1" />
    </Wire>
    <Wire UId="88">
      <IdentCon UId="32" />
      <NameCon UId="58" Name="in2" />
    </Wire>
    <Wire UId="89">
      <NameCon UId="58" Name="out" />
      <NameCon UId="59" Name="en" />
    </Wire>
    <Wire UId="90">
      <IdentCon UId="33" />
      <NameCon UId="59" Name="in1" />
    </Wire>
    <Wire UId="91">
      <IdentCon UId="34" />
      <NameCon UId="59" Name="in2" />
    </Wire>
    <Wire UId="92">
      <NameCon UId="59" Name="out" />
      <IdentCon UId="35" />
    </Wire>
    <Wire UId="93">
      <IdentCon UId="36" />
      <NameCon UId="60" Name="operand" />
    </Wire>
    <Wire UId="94">
      <NameCon UId="60" Name="out" />
      <NameCon UId="61" Name="pre" />
    </Wire>
    <Wire UId="95">
      <IdentCon UId="37" />
      <NameCon UId="61" Name="in1" />
    </Wire>
    <Wire UId="96">
      <IdentCon UId="38" />
      <NameCon UId="61" Name="in2" />
    </Wire>
    <Wire UId="97">
      <NameCon UId="61" Name="out" />
      <NameCon UId="62" Name="in" />
    </Wire>
    <Wire UId="98">
      <IdentCon UId="39" />
      <NameCon UId="62" Name="operand" />
    </Wire>
    <Wire UId="99">
      <IdentCon UId="40" />
      <NameCon UId="63" Name="operand" />
    </Wire>
    <Wire UId="100">
      <NameCon UId="63" Name="out" />
      <NameCon UId="64" Name="in" />
    </Wire>
    <Wire UId="101">
      <IdentCon UId="41" />
      <NameCon UId="64" Name="operand" />
    </Wire>
    <Wire UId="102">
      <IdentCon UId="42" />
      <NameCon UId="65" Name="operand" />
    </Wire>
    <Wire UId="103">
      <NameCon UId="65" Name="out" />
      <NameCon UId="66" Name="pre" />
      <NameCon UId="67" Name="pre" />
    </Wire>
    <Wire UId="104">
      <IdentCon UId="43" />
      <NameCon UId="66" Name="in1" />
    </Wire>
    <Wire UId="105">
      <IdentCon UId="44" />
      <NameCon UId="66" Name="in2" />
    </Wire>
    <Wire UId="106">
      <NameCon UId="66" Name="out" />
      <NameCon UId="70" Name="in1" />
    </Wire>
    <Wire UId="107">
      <IdentCon UId="45" />
      <NameCon UId="67" Name="in1" />
    </Wire>
    <Wire UId="108">
      <IdentCon UId="46" />
      <NameCon UId="67" Name="in2" />
    </Wire>
    <Wire UId="109">
      <NameCon UId="67" Name="out" />
      <NameCon UId="68" Name="pre" />
    </Wire>
    <Wire UId="110">
      <IdentCon UId="47" />
      <NameCon UId="68" Name="in1" />
    </Wire>
    <Wire UId="111">
      <IdentCon UId="48" />
      <NameCon UId="68" Name="in2" />
    </Wire>
    <Wire UId="112">
      <NameCon UId="68" Name="out" />
      <NameCon UId="70" Name="in2" />
    </Wire>
    <Wire UId="113">
      <IdentCon UId="49" />
      <NameCon UId="69" Name="operand" />
    </Wire>
    <Wire UId="114">
      <NameCon UId="69" Name="out" />
      <NameCon UId="70" Name="in3" />
    </Wire>
    <Wire UId="115">
      <NameCon UId="70" Name="out" />
      <NameCon UId="71" Name="en" />
    </Wire>
    <Wire UId="116">
      <IdentCon UId="50" />
      <NameCon UId="71" Name="in" />
    </Wire>
    <Wire UId="117">
      <NameCon UId="71" Name="out1" />
      <IdentCon UId="51" />
    </Wire>
    <Wire UId="118">
      <NameCon UId="71" Name="out2" />
      <IdentCon UId="52" />
    </Wire>
  </Wires>
</FlgNet></NetworkSource>
          <ProgrammingLanguage>LAD</ProgrammingLanguage>
        </AttributeList>
        <ObjectList>
          <MultilingualText ID="4" CompositionName="Comment">
            <ObjectList>
              <MultilingualTextItem ID="5" CompositionName="Items">
                <AttributeList>
                  <Culture>en-US</Culture>
                  <Text />
                </AttributeList>
              </MultilingualTextItem>
            </ObjectList>
          </MultilingualText>
          <MultilingualText ID="6" CompositionName="Title">
            <ObjectList>
              <MultilingualTextItem ID="7" CompositionName="Items">
                <AttributeList>
                  <Culture>en-US</Culture>
                  <Text />
                </AttributeList>
              </MultilingualTextItem>
            </ObjectList>
          </MultilingualText>
        </ObjectList>
      </SW.Blocks.CompileUnit>
      <SW.Blocks.CompileUnit ID="8" CompositionName="CompileUnits">
        <AttributeList>
          <NetworkSource />
          <ProgrammingLanguage>LAD</ProgrammingLanguage>
        </AttributeList>
        <ObjectList>
          <MultilingualText ID="9" CompositionName="Comment">
            <ObjectList>
              <MultilingualTextItem ID="A" CompositionName="Items">
                <AttributeList>
                  <Culture>en-US</Culture>
                  <Text />
                </AttributeList>
              </MultilingualTextItem>
            </ObjectList>
          </MultilingualText>
          <MultilingualText ID="B" CompositionName="Title">
            <ObjectList>
              <MultilingualTextItem ID="C" CompositionName="Items">
                <AttributeList>
                  <Culture>en-US</Culture>
                  <Text />
                </AttributeList>
              </MultilingualTextItem>
            </ObjectList>
          </MultilingualText>
        </ObjectList>
      </SW.Blocks.CompileUnit>
      <MultilingualText ID="D" CompositionName="Title">
        <ObjectList>
          <MultilingualTextItem ID="E" CompositionName="Items">
            <AttributeList>
              <Culture>en-US</Culture>
              <Text />
            </AttributeList>
          </MultilingualTextItem>
        </ObjectList>
      </MultilingualText>
    </ObjectList>
  </SW.Blocks.FB>
</Document>