﻿<?xml version="1.0" encoding="utf-8"?>
<Document>
  <Engineering version="V15.1" />
  <DocumentInfo>
    <Created>2026-01-09T13:45:12.0760408Z</Created>
    <ExportSetting>WithDefaults, WithReadOnly</ExportSetting>
    <InstalledProducts>
      <Product>
        <DisplayName>Totally Integrated Automation Portal</DisplayName>
        <DisplayVersion>V15.1 Update 8</DisplayVersion>
      </Product>
      <OptionPackage>
        <DisplayName>TIA Portal Openness</DisplayName>
        <DisplayVersion>V15.1 Update 8</DisplayVersion>
      </OptionPackage>
      <Product>
        <DisplayName>STEP 7 Professional</DisplayName>
        <DisplayVersion>V15.1 Update 8</DisplayVersion>
      </Product>
      <Product>
        <DisplayName>WinCC Advanced</DisplayName>
        <DisplayVersion>V15.1 Update 8</DisplayVersion>
      </Product>
    </InstalledProducts>
  </DocumentInfo>
  <SW.Blocks.FB ID="0">
    <AttributeList>
      <AutoNumber>false</AutoNumber>
      <CodeModifiedDate ReadOnly="true">2025-08-27T17:14:33.2091456Z</CodeModifiedDate>
      <CompileDate ReadOnly="true">2025-08-30T17:40:32.4655936Z</CompileDate>
      <CreationDate ReadOnly="true">2024-10-12T12:36:08.0193576Z</CreationDate>
      <DownloadWithoutReinit ReadOnly="true">false</DownloadWithoutReinit>
      <HandleErrorsWithinBlock ReadOnly="true">false</HandleErrorsWithinBlock>
      <HeaderAuthor />
      <HeaderFamily />
      <HeaderName />
      <HeaderVersion>0.1</HeaderVersion>
      <Interface><Sections xmlns="http://www.siemens.com/automation/Openness/SW/Interface/v3">
  <Section Name="Input">
    <Member Name="MODE" Datatype="Bool" Remanence="NonRetain" Accessibility="Public"><AttributeList><BooleanAttribute Name="ExternalAccessible" SystemDefined="true">true</BooleanAttribute><BooleanAttribute Name="ExternalVisible" SystemDefined="true">true</BooleanAttribute><BooleanAttribute Name="ExternalWritable" SystemDefined="true">true</BooleanAttribute><BooleanAttribute Name="UserVisible" Informative="true" SystemDefined="true">true</BooleanAttribute><BooleanAttribute Name="UserReadOnly" Informative="true" SystemDefined="true">false</BooleanAttribute><BooleanAttribute Name="UserDeletable" Informative="true" SystemDefined="true">true</BooleanAttribute></AttributeList></Member>
    <Member Name="NN1" Datatype="Bool" Remanence="NonRetain" Accessibility="Public"><AttributeList><BooleanAttribute Name="ExternalAccessible" SystemDefined="true">true</BooleanAttribute><BooleanAttribute Name="ExternalVisible" SystemDefined="true">true</BooleanAttribute><BooleanAttribute Name="ExternalWritable" SystemDefined="true">true</BooleanAttribute><BooleanAttribute Name="UserVisible" Informative="true" SystemDefined="true">true</BooleanAttribute><BooleanAttribute Name="UserReadOnly" Informative="true" SystemDefined="true">false</BooleanAttribute><BooleanAttribute Name="UserDeletable" Informative="true" SystemDefined="true">true</BooleanAttribute></AttributeList></Member>
    <Member Name="NN2" Datatype="Bool" Remanence="NonRetain" Accessibility="Public"><AttributeList><BooleanAttribute Name="ExternalAccessible" SystemDefined="true">true</BooleanAttribute><BooleanAttribute Name="ExternalVisible" SystemDefined="true">true</BooleanAttribute><BooleanAttribute Name="ExternalWritable" SystemDefined="true">true</BooleanAttribute><BooleanAttribute Name="UserVisible" Informative="true" SystemDefined="true">true</BooleanAttribute><BooleanAttribute Name="UserReadOnly" Informative="true" SystemDefined="true">false</BooleanAttribute><BooleanAttribute Name="UserDeletable" Informative="true" SystemDefined="true">true</BooleanAttribute></AttributeList></Member>
    <Member Name="NN3" Datatype="Bool" Remanence="NonRetain" Accessibility="Public"><AttributeList><BooleanAttribute Name="ExternalAccessible" SystemDefined="true">true</BooleanAttribute><BooleanAttribute Name="ExternalVisible" SystemDefined="true">true</BooleanAttribute><BooleanAttribute Name="ExternalWritable" SystemDefined="true">true</BooleanAttribute><BooleanAttribute Name="UserVisible" Informative="true" SystemDefined="true">true</BooleanAttribute><BooleanAttribute Name="UserReadOnly" Informative="true" SystemDefined="true">false</BooleanAttribute><BooleanAttribute Name="UserDeletable" Informative="true" SystemDefined="true">true</BooleanAttribute></AttributeList></Member>
    <Member Name="ST1" Datatype="Bool" Remanence="NonRetain" Accessibility="Public"><AttributeList><BooleanAttribute Name="ExternalAccessible" SystemDefined="true">true</BooleanAttribute><BooleanAttribute Name="ExternalVisible" SystemDefined="true">true</BooleanAttribute><BooleanAttribute Name="ExternalWritable" SystemDefined="true">true</BooleanAttribute><BooleanAttribute Name="UserVisible" Informative="true" SystemDefined="true">true</BooleanAttribute><BooleanAttribute Name="UserReadOnly" Informative="true" SystemDefined="true">false</BooleanAttribute><BooleanAttribute Name="UserDeletable" Informative="true" SystemDefined="true">true</BooleanAttribute></AttributeList></Member>
    <Member Name="ST2" Datatype="Bool" Remanence="NonRetain" Accessibility="Public"><AttributeList><BooleanAttribute Name="ExternalAccessible" SystemDefined="true">true</BooleanAttribute><BooleanAttribute Name="ExternalVisible" SystemDefined="true">true</BooleanAttribute><BooleanAttribute Name="ExternalWritable" SystemDefined="true">true</BooleanAttribute><BooleanAttribute Name="UserVisible" Informative="true" SystemDefined="true">true</BooleanAttribute><BooleanAttribute Name="UserReadOnly" Informative="true" SystemDefined="true">false</BooleanAttribute><BooleanAttribute Name="UserDeletable" Informative="true" SystemDefined="true">true</BooleanAttribute></AttributeList></Member>
    <Member Name="ST3" Datatype="Bool" Remanence="NonRetain" Accessibility="Public"><AttributeList><BooleanAttribute Name="ExternalAccessible" SystemDefined="true">true</BooleanAttribute><BooleanAttribute Name="ExternalVisible" SystemDefined="true">true</BooleanAttribute><BooleanAttribute Name="ExternalWritable" SystemDefined="true">true</BooleanAttribute><BooleanAttribute Name="UserVisible" Informative="true" SystemDefined="true">true</BooleanAttribute><BooleanAttribute Name="UserReadOnly" Informative="true" SystemDefined="true">false</BooleanAttribute><BooleanAttribute Name="UserDeletable" Informative="true" SystemDefined="true">true</BooleanAttribute></AttributeList></Member>
    <Member Name="RS1" Datatype="Bool" Remanence="NonRetain" Accessibility="Public"><AttributeList><BooleanAttribute Name="ExternalAccessible" SystemDefined="true">true</BooleanAttribute><BooleanAttribute Name="ExternalVisible" SystemDefined="true">true</BooleanAttribute><BooleanAttribute Name="ExternalWritable" SystemDefined="true">true</BooleanAttribute><BooleanAttribute Name="UserVisible" Informative="true" SystemDefined="true">true</BooleanAttribute><BooleanAttribute Name="UserReadOnly" Informative="true" SystemDefined="true">false</BooleanAttribute><BooleanAttribute Name="UserDeletable" Informative="true" SystemDefined="true">true</BooleanAttribute></AttributeList></Member>
    <Member Name="RS2" Datatype="Bool" Remanence="NonRetain" Accessibility="Public"><AttributeList><BooleanAttribute Name="ExternalAccessible" SystemDefined="true">true</BooleanAttribute><BooleanAttribute Name="ExternalVisible" SystemDefined="true">true</BooleanAttribute><BooleanAttribute Name="ExternalWritable" SystemDefined="true">true</BooleanAttribute><BooleanAttribute Name="UserVisible" Informative="true" SystemDefined="true">true</BooleanAttribute><BooleanAttribute Name="UserReadOnly" Informative="true" SystemDefined="true">false</BooleanAttribute><BooleanAttribute Name="UserDeletable" Informative="true" SystemDefined="true">true</BooleanAttribute></AttributeList></Member>
    <Member Name="RS3" Datatype="Bool" Remanence="NonRetain" Accessibility="Public"><AttributeList><BooleanAttribute Name="ExternalAccessible" SystemDefined="true">true</BooleanAttribute><BooleanAttribute Name="ExternalVisible" SystemDefined="true">true</BooleanAttribute><BooleanAttribute Name="ExternalWritable" SystemDefined="true">true</BooleanAttribute><BooleanAttribute Name="UserVisible" Informative="true" SystemDefined="true">true</BooleanAttribute><BooleanAttribute Name="UserReadOnly" Informative="true" SystemDefined="true">false</BooleanAttribute><BooleanAttribute Name="UserDeletable" Informative="true" SystemDefined="true">true</BooleanAttribute></AttributeList></Member>
  </Section>
  <Section Name="Output">
    <Member Name="OUT1" Datatype="Bool" Remanence="NonRetain" Accessibility="Public"><AttributeList><BooleanAttribute Name="ExternalAccessible" SystemDefined="true">true</BooleanAttribute><BooleanAttribute Name="ExternalVisible" SystemDefined="true">true</BooleanAttribute><BooleanAttribute Name="ExternalWritable" SystemDefined="true">true</BooleanAttribute><BooleanAttribute Name="UserVisible" Informative="true" SystemDefined="true">true</BooleanAttribute><BooleanAttribute Name="UserReadOnly" Informative="true" SystemDefined="true">false</BooleanAttribute><BooleanAttribute Name="UserDeletable" Informative="true" SystemDefined="true">true</BooleanAttribute></AttributeList></Member>
    <Member Name="OUT2" Datatype="Bool" Remanence="NonRetain" Accessibility="Public"><AttributeList><BooleanAttribute Name="ExternalAccessible" SystemDefined="true">true</BooleanAttribute><BooleanAttribute Name="ExternalVisible" SystemDefined="true">true</BooleanAttribute><BooleanAttribute Name="ExternalWritable" SystemDefined="true">true</BooleanAttribute><BooleanAttribute Name="UserVisible" Informative="true" SystemDefined="true">true</BooleanAttribute><BooleanAttribute Name="UserReadOnly" Informative="true" SystemDefined="true">false</BooleanAttribute><BooleanAttribute Name="UserDeletable" Informative="true" SystemDefined="true">true</BooleanAttribute></AttributeList></Member>
    <Member Name="OUT3" Datatype="Bool" Remanence="NonRetain" Accessibility="Public"><AttributeList><BooleanAttribute Name="ExternalAccessible" SystemDefined="true">true</BooleanAttribute><BooleanAttribute Name="ExternalVisible" SystemDefined="true">true</BooleanAttribute><BooleanAttribute Name="ExternalWritable" SystemDefined="true">true</BooleanAttribute><BooleanAttribute Name="UserVisible" Informative="true" SystemDefined="true">true</BooleanAttribute><BooleanAttribute Name="UserReadOnly" Informative="true" SystemDefined="true">false</BooleanAttribute><BooleanAttribute Name="UserDeletable" Informative="true" SystemDefined="true">true</BooleanAttribute></AttributeList></Member>
  </Section>
  <Section Name="InOut" />
  <Section Name="Static">
    <Member Name="OUT11" Datatype="Bool" Remanence="NonRetain" Accessibility="Public"><AttributeList><BooleanAttribute Name="ExternalAccessible" SystemDefined="true">true</BooleanAttribute><BooleanAttribute Name="ExternalVisible" SystemDefined="true">true</BooleanAttribute><BooleanAttribute Name="ExternalWritable" SystemDefined="true">true</BooleanAttribute><BooleanAttribute Name="UserVisible" Informative="true" SystemDefined="true">true</BooleanAttribute><BooleanAttribute Name="UserReadOnly" Informative="true" SystemDefined="true">false</BooleanAttribute><BooleanAttribute Name="UserDeletable" Informative="true" SystemDefined="true">true</BooleanAttribute><BooleanAttribute Name="SetPoint" SystemDefined="true">false</BooleanAttribute></AttributeList></Member>
    <Member Name="OUT12" Datatype="Bool" Remanence="NonRetain" Accessibility="Public"><AttributeList><BooleanAttribute Name="ExternalAccessible" SystemDefined="true">true</BooleanAttribute><BooleanAttribute Name="ExternalVisible" SystemDefined="true">true</BooleanAttribute><BooleanAttribute Name="ExternalWritable" SystemDefined="true">true</BooleanAttribute><BooleanAttribute Name="UserVisible" Informative="true" SystemDefined="true">true</BooleanAttribute><BooleanAttribute Name="UserReadOnly" Informative="true" SystemDefined="true">false</BooleanAttribute><BooleanAttribute Name="UserDeletable" Informative="true" SystemDefined="true">true</BooleanAttribute><BooleanAttribute Name="SetPoint" SystemDefined="true">false</BooleanAttribute></AttributeList></Member>
    <Member Name="OUT21" Datatype="Bool" Remanence="NonRetain" Accessibility="Public"><AttributeList><BooleanAttribute Name="ExternalAccessible" SystemDefined="true">true</BooleanAttribute><BooleanAttribute Name="ExternalVisible" SystemDefined="true">true</BooleanAttribute><BooleanAttribute Name="ExternalWritable" SystemDefined="true">true</BooleanAttribute><BooleanAttribute Name="UserVisible" Informative="true" SystemDefined="true">true</BooleanAttribute><BooleanAttribute Name="UserReadOnly" Informative="true" SystemDefined="true">false</BooleanAttribute><BooleanAttribute Name="UserDeletable" Informative="true" SystemDefined="true">true</BooleanAttribute><BooleanAttribute Name="SetPoint" SystemDefined="true">false</BooleanAttribute></AttributeList></Member>
    <Member Name="OUT22" Datatype="Bool" Remanence="NonRetain" Accessibility="Public"><AttributeList><BooleanAttribute Name="ExternalAccessible" SystemDefined="true">true</BooleanAttribute><BooleanAttribute Name="ExternalVisible" SystemDefined="true">true</BooleanAttribute><BooleanAttribute Name="ExternalWritable" SystemDefined="true">true</BooleanAttribute><BooleanAttribute Name="UserVisible" Informative="true" SystemDefined="true">true</BooleanAttribute><BooleanAttribute Name="UserReadOnly" Informative="true" SystemDefined="true">false</BooleanAttribute><BooleanAttribute Name="UserDeletable" Informative="true" SystemDefined="true">true</BooleanAttribute><BooleanAttribute Name="SetPoint" SystemDefined="true">false</BooleanAttribute></AttributeList></Member>
    <Member Name="OUT31" Datatype="Bool" Remanence="NonRetain" Accessibility="Public"><AttributeList><BooleanAttribute Name="ExternalAccessible" SystemDefined="true">true</BooleanAttribute><BooleanAttribute Name="ExternalVisible" SystemDefined="true">true</BooleanAttribute><BooleanAttribute Name="ExternalWritable" SystemDefined="true">true</BooleanAttribute><BooleanAttribute Name="UserVisible" Informative="true" SystemDefined="true">true</BooleanAttribute><BooleanAttribute Name="UserReadOnly" Informative="true" SystemDefined="true">false</BooleanAttribute><BooleanAttribute Name="UserDeletable" Informative="true" SystemDefined="true">true</BooleanAttribute><BooleanAttribute Name="SetPoint" SystemDefined="true">false</BooleanAttribute></AttributeList></Member>
    <Member Name="OUT32" Datatype="Bool" Remanence="NonRetain" Accessibility="Public"><AttributeList><BooleanAttribute Name="ExternalAccessible" SystemDefined="true">true</BooleanAttribute><BooleanAttribute Name="ExternalVisible" SystemDefined="true">true</BooleanAttribute><BooleanAttribute Name="ExternalWritable" SystemDefined="true">true</BooleanAttribute><BooleanAttribute Name="UserVisible" Informative="true" SystemDefined="true">true</BooleanAttribute><BooleanAttribute Name="UserReadOnly" Informative="true" SystemDefined="true">false</BooleanAttribute><BooleanAttribute Name="UserDeletable" Informative="true" SystemDefined="true">true</BooleanAttribute><BooleanAttribute Name="SetPoint" SystemDefined="true">false</BooleanAttribute></AttributeList></Member>
    <Member Name="M1" Datatype="Int" Remanence="NonRetain" Accessibility="Public"><AttributeList><BooleanAttribute Name="ExternalAccessible" SystemDefined="true">true</BooleanAttribute><BooleanAttribute Name="ExternalVisible" SystemDefined="true">true</BooleanAttribute><BooleanAttribute Name="ExternalWritable" SystemDefined="true">true</BooleanAttribute><BooleanAttribute Name="UserVisible" Informative="true" SystemDefined="true">true</BooleanAttribute><BooleanAttribute Name="UserReadOnly" Informative="true" SystemDefined="true">false</BooleanAttribute><BooleanAttribute Name="UserDeletable" Informative="true" SystemDefined="true">true</BooleanAttribute><BooleanAttribute Name="SetPoint" SystemDefined="true">false</BooleanAttribute></AttributeList></Member>
    <Member Name="M2" Datatype="Int" Remanence="NonRetain" Accessibility="Public"><AttributeList><BooleanAttribute Name="ExternalAccessible" SystemDefined="true">true</BooleanAttribute><BooleanAttribute Name="ExternalVisible" SystemDefined="true">true</BooleanAttribute><BooleanAttribute Name="ExternalWritable" SystemDefined="true">true</BooleanAttribute><BooleanAttribute Name="UserVisible" Informative="true" SystemDefined="true">true</BooleanAttribute><BooleanAttribute Name="UserReadOnly" Informative="true" SystemDefined="true">false</BooleanAttribute><BooleanAttribute Name="UserDeletable" Informative="true" SystemDefined="true">true</BooleanAttribute><BooleanAttribute Name="SetPoint" SystemDefined="true">false</BooleanAttribute></AttributeList></Member>
    <Member Name="M3" Datatype="Int" Remanence="NonRetain" Accessibility="Public"><AttributeList><BooleanAttribute Name="ExternalAccessible" SystemDefined="true">true</BooleanAttribute><BooleanAttribute Name="ExternalVisible" SystemDefined="true">true</BooleanAttribute><BooleanAttribute Name="ExternalWritable" SystemDefined="true">true</BooleanAttribute><BooleanAttribute Name="UserVisible" Informative="true" SystemDefined="true">true</BooleanAttribute><BooleanAttribute Name="UserReadOnly" Informative="true" SystemDefined="true">false</BooleanAttribute><BooleanAttribute Name="UserDeletable" Informative="true" SystemDefined="true">true</BooleanAttribute><BooleanAttribute Name="SetPoint" SystemDefined="true">false</BooleanAttribute></AttributeList></Member>
    <Member Name="M4" Datatype="Bool" Remanence="NonRetain" Accessibility="Public"><AttributeList><BooleanAttribute Name="ExternalAccessible" SystemDefined="true">true</BooleanAttribute><BooleanAttribute Name="ExternalVisible" SystemDefined="true">true</BooleanAttribute><BooleanAttribute Name="ExternalWritable" SystemDefined="true">true</BooleanAttribute><BooleanAttribute Name="UserVisible" Informative="true" SystemDefined="true">true</BooleanAttribute><BooleanAttribute Name="UserReadOnly" Informative="true" SystemDefined="true">false</BooleanAttribute><BooleanAttribute Name="UserDeletable" Informative="true" SystemDefined="true">true</BooleanAttribute><BooleanAttribute Name="SetPoint" SystemDefined="true">false</BooleanAttribute></AttributeList></Member>
    <Member Name="M5" Datatype="Bool" Remanence="NonRetain" Accessibility="Public"><AttributeList><BooleanAttribute Name="ExternalAccessible" SystemDefined="true">true</BooleanAttribute><BooleanAttribute Name="ExternalVisible" SystemDefined="true">true</BooleanAttribute><BooleanAttribute Name="ExternalWritable" SystemDefined="true">true</BooleanAttribute><BooleanAttribute Name="UserVisible" Informative="true" SystemDefined="true">true</BooleanAttribute><BooleanAttribute Name="UserReadOnly" Informative="true" SystemDefined="true">false</BooleanAttribute><BooleanAttribute Name="UserDeletable" Informative="true" SystemDefined="true">true</BooleanAttribute><BooleanAttribute Name="SetPoint" SystemDefined="true">false</BooleanAttribute></AttributeList></Member>
    <Member Name="M6" Datatype="Bool" Remanence="NonRetain" Accessibility="Public"><AttributeList><BooleanAttribute Name="ExternalAccessible" SystemDefined="true">true</BooleanAttribute><BooleanAttribute Name="ExternalVisible" SystemDefined="true">true</BooleanAttribute><BooleanAttribute Name="ExternalWritable" SystemDefined="true">true</BooleanAttribute><BooleanAttribute Name="UserVisible" Informative="true" SystemDefined="true">true</BooleanAttribute><BooleanAttribute Name="UserReadOnly" Informative="true" SystemDefined="true">false</BooleanAttribute><BooleanAttribute Name="UserDeletable" Informative="true" SystemDefined="true">true</BooleanAttribute><BooleanAttribute Name="SetPoint" SystemDefined="true">false</BooleanAttribute></AttributeList></Member>
  </Section>
  <Section Name="Temp">
    <Member Name="T1" Datatype="Bool"><AttributeList><BooleanAttribute Name="UserVisible" Informative="true" SystemDefined="true">true</BooleanAttribute><BooleanAttribute Name="UserReadOnly" Informative="true" SystemDefined="true">false</BooleanAttribute><BooleanAttribute Name="UserDeletable" Informative="true" SystemDefined="true">true</BooleanAttribute></AttributeList></Member>
    <Member Name="T2" Datatype="Bool"><AttributeList><BooleanAttribute Name="UserVisible" Informative="true" SystemDefined="true">true</BooleanAttribute><BooleanAttribute Name="UserReadOnly" Informative="true" SystemDefined="true">false</BooleanAttribute><BooleanAttribute Name="UserDeletable" Informative="true" SystemDefined="true">true</BooleanAttribute></AttributeList></Member>
    <Member Name="T3" Datatype="Bool"><AttributeList><BooleanAttribute Name="UserVisible" Informative="true" SystemDefined="true">true</BooleanAttribute><BooleanAttribute Name="UserReadOnly" Informative="true" SystemDefined="true">false</BooleanAttribute><BooleanAttribute Name="UserDeletable" Informative="true" SystemDefined="true">true</BooleanAttribute></AttributeList></Member>
    <Member Name="T4" Datatype="Bool"><AttributeList><BooleanAttribute Name="UserVisible" Informative="true" SystemDefined="true">true</BooleanAttribute><BooleanAttribute Name="UserReadOnly" Informative="true" SystemDefined="true">false</BooleanAttribute><BooleanAttribute Name="UserDeletable" Informative="true" SystemDefined="true">true</BooleanAttribute></AttributeList></Member>
    <Member Name="T5" Datatype="Bool"><AttributeList><BooleanAttribute Name="UserVisible" Informative="true" SystemDefined="true">true</BooleanAttribute><BooleanAttribute Name="UserReadOnly" Informative="true" SystemDefined="true">false</BooleanAttribute><BooleanAttribute Name="UserDeletable" Informative="true" SystemDefined="true">true</BooleanAttribute></AttributeList></Member>
    <Member Name="T6" Datatype="Bool"><AttributeList><BooleanAttribute Name="UserVisible" Informative="true" SystemDefined="true">true</BooleanAttribute><BooleanAttribute Name="UserReadOnly" Informative="true" SystemDefined="true">false</BooleanAttribute><BooleanAttribute Name="UserDeletable" Informative="true" SystemDefined="true">true</BooleanAttribute></AttributeList></Member>
  </Section>
  <Section Name="Constant" />
</Sections></Interface>
      <InterfaceModifiedDate ReadOnly="true">2025-08-27T17:14:33.2091456Z</InterfaceModifiedDate>
      <IsConsistent ReadOnly="true">true</IsConsistent>
      <IsIECCheckEnabled>false</IsIECCheckEnabled>
      <IsKnowHowProtected ReadOnly="true">false</IsKnowHowProtected>
      <IsRetainMemResEnabled>false</IsRetainMemResEnabled>
      <IsWriteProtected ReadOnly="true">false</IsWriteProtected>
      <LibraryConformanceStatus ReadOnly="true">The object is library-conformant.</LibraryConformanceStatus>
      <MemoryLayout>Optimized</MemoryLayout>
      <MemoryReserve>100</MemoryReserve>
      <ModifiedDate ReadOnly="true">2025-10-23T13:27:09.8211701Z</ModifiedDate>
      <Name>2.MANUAL_CONTROL</Name>
      <Number>2</Number>
      <ParameterModified ReadOnly="true">2024-10-13T14:59:19.5830719Z</ParameterModified>
      <PLCSimAdvancedSupport ReadOnly="true">false</PLCSimAdvancedSupport>
      <ProgrammingLanguage>LAD</ProgrammingLanguage>
      <SetENOAutomatically>False</SetENOAutomatically>
      <StructureModified ReadOnly="true">2025-08-27T17:14:33.2091456Z</StructureModified>
      <UDABlockProperties />
      <UDAEnableTagReadback>false</UDAEnableTagReadback>
    </AttributeList>
    <ObjectList>
      <MultilingualText ID="1" CompositionName="Comment">
        <ObjectList>
          <MultilingualTextItem ID="2" CompositionName="Items">
            <AttributeList>
              <Culture>en-US</Culture>
              <Text>Chức năng của FB: xác định phương thức tác động khi nhấn nút NN1, NN2, NN3 theo 2 cách
Cách 1: MODE = 0, thực hiện như một Toggle, mỗi lần nhấn sẽ đổi trạng thái OUT, từ OFF sang ON và ngược lại.
NN là nút nhấn trên HMI/SCADA
OUT là ngõ ra cần được SET hoặc RESET
ST chính là OUT (nó như là phản hồi để biết OUT đang được SET hay RESET
RS là tín hiệu để reset ngõ ra
Nó dùng M là một biến Static để lưu số lần nhấn nút (ban đầu nếu chưa có ngõ ra OUT, thì M là 0, nhưng khi đã có OUT thì M  là 1), từ đây nếu NN nhấn mà chưa có OUT thì OUT11 sẽ được SET, còn nếu NN được nhấn mà có OUT11 thì sẽ Reset OUT11 đi)
Cách 2: MODE=1, nó thực hiện như một nút nhấn mình thường dạng Momentory, nghĩa là Nhấn thì đầu ra sẽ có, còn nhả ra thì mất OUT.</Text>
            </AttributeList>
          </MultilingualTextItem>
        </ObjectList>
      </MultilingualText>
      <SW.Blocks.CompileUnit ID="3" CompositionName="CompileUnits">
        <AttributeList>
          <NetworkSource><FlgNet xmlns="http://www.siemens.com/automation/Openness/SW/NetworkSource/FlgNet/v3">
  <Parts>
    <Access Scope="LocalVariable" UId="21">
      <Symbol>
        <Component Name="MODE" />
      </Symbol>
    </Access>
    <Access Scope="LocalVariable" UId="22">
      <Symbol>
        <Component Name="RS1" />
      </Symbol>
    </Access>
    <Access Scope="LocalVariable" UId="23">
      <Symbol>
        <Component Name="NN1" />
      </Symbol>
    </Access>
    <Access Scope="LocalVariable" UId="24">
      <Symbol>
        <Component Name="T1" />
      </Symbol>
    </Access>
    <Access Scope="LocalVariable" UId="25">
      <Symbol>
        <Component Name="M1" />
      </Symbol>
    </Access>
    <Access Scope="LiteralConstant" UId="26">
      <Constant>
        <ConstantType>Int</ConstantType>
        <ConstantValue>0</ConstantValue>
        <StringAttribute Name="Format" Informative="true">Dec_signed</StringAttribute>
      </Constant>
    </Access>
    <Access Scope="LocalVariable" UId="27">
      <Symbol>
        <Component Name="OUT11" />
      </Symbol>
    </Access>
    <Access Scope="LocalVariable" UId="28">
      <Symbol>
        <Component Name="M1" />
      </Symbol>
    </Access>
    <Access Scope="LiteralConstant" UId="29">
      <Constant>
        <ConstantType>Int</ConstantType>
        <ConstantValue>1</ConstantValue>
        <StringAttribute Name="Format" Informative="true">Dec_signed</StringAttribute>
      </Constant>
    </Access>
    <Access Scope="LocalVariable" UId="30">
      <Symbol>
        <Component Name="OUT11" />
      </Symbol>
    </Access>
    <Access Scope="LocalVariable" UId="31">
      <Symbol>
        <Component Name="RS1" />
      </Symbol>
    </Access>
    <Access Scope="LocalVariable" UId="32">
      <Symbol>
        <Component Name="ST1" />
      </Symbol>
    </Access>
    <Access Scope="LocalVariable" UId="33">
      <Symbol>
        <Component Name="NN1" />
      </Symbol>
    </Access>
    <Access Scope="LiteralConstant" UId="34">
      <Constant>
        <ConstantType>Int</ConstantType>
        <ConstantValue>1</ConstantValue>
        <StringAttribute Name="Format" Informative="true">Dec_signed</StringAttribute>
      </Constant>
    </Access>
    <Access Scope="LocalVariable" UId="35">
      <Symbol>
        <Component Name="M1" />
      </Symbol>
    </Access>
    <Access Scope="LocalVariable" UId="36">
      <Symbol>
        <Component Name="RS1" />
      </Symbol>
    </Access>
    <Access Scope="LocalVariable" UId="37">
      <Symbol>
        <Component Name="ST1" />
      </Symbol>
    </Access>
    <Access Scope="LocalVariable" UId="38">
      <Symbol>
        <Component Name="NN1" />
      </Symbol>
    </Access>
    <Access Scope="LiteralConstant" UId="39">
      <Constant>
        <ConstantType>Int</ConstantType>
        <ConstantValue>0</ConstantValue>
        <StringAttribute Name="Format" Informative="true">Dec_signed</StringAttribute>
      </Constant>
    </Access>
    <Access Scope="LocalVariable" UId="40">
      <Symbol>
        <Component Name="M1" />
      </Symbol>
    </Access>
    <Access Scope="LocalVariable" UId="41">
      <Symbol>
        <Component Name="RS1" />
      </Symbol>
    </Access>
    <Access Scope="LocalVariable" UId="42">
      <Symbol>
        <Component Name="ST1" />
      </Symbol>
    </Access>
    <Access Scope="LocalVariable" UId="43">
      <Symbol>
        <Component Name="OUT11" />
      </Symbol>
    </Access>
    <Access Scope="LocalVariable" UId="44">
      <Symbol>
        <Component Name="MODE" />
      </Symbol>
    </Access>
    <Access Scope="LocalVariable" UId="45">
      <Symbol>
        <Component Name="NN1" />
      </Symbol>
    </Access>
    <Access Scope="LocalVariable" UId="46">
      <Symbol>
        <Component Name="OUT12" />
      </Symbol>
    </Access>
    <Access Scope="LocalVariable" UId="47">
      <Symbol>
        <Component Name="OUT11" />
      </Symbol>
    </Access>
    <Access Scope="LocalVariable" UId="48">
      <Symbol>
        <Component Name="OUT12" />
      </Symbol>
    </Access>
    <Access Scope="LocalVariable" UId="49">
      <Symbol>
        <Component Name="OUT1" />
      </Symbol>
    </Access>
    <Part Name="Contact" UId="50">
      <Negated Name="operand" />
    </Part>
    <Part Name="Contact" UId="51">
      <Negated Name="operand" />
    </Part>
    <Part Name="PContact" UId="52" />
    <Part Name="Eq" UId="53">
      <TemplateValue Name="SrcType" Type="Type">Int</TemplateValue>
    </Part>
    <Part Name="SCoil" UId="54" />
    <Part Name="Eq" UId="55">
      <TemplateValue Name="SrcType" Type="Type">Int</TemplateValue>
    </Part>
    <Part Name="RCoil" UId="56" />
    <Part Name="Contact" UId="57">
      <Negated Name="operand" />
    </Part>
    <Part Name="Contact" UId="58" />
    <Part Name="Contact" UId="59">
      <Negated Name="operand" />
    </Part>
    <Part Name="Move" UId="60" DisabledENO="true">
      <TemplateValue Name="Card" Type="Cardinality">1</TemplateValue>
    </Part>
    <Part Name="Contact" UId="61">
      <Negated Name="operand" />
    </Part>
    <Part Name="Contact" UId="62">
      <Negated Name="operand" />
    </Part>
    <Part Name="Contact" UId="63">
      <Negated Name="operand" />
    </Part>
    <Part Name="Move" UId="64" DisabledENO="true">
      <TemplateValue Name="Card" Type="Cardinality">1</TemplateValue>
    </Part>
    <Part Name="Contact" UId="65" />
    <Part Name="Contact" UId="66" />
    <Part Name="RCoil" UId="67" />
    <Part Name="Contact" UId="68" />
    <Part Name="Contact" UId="69" />
    <Part Name="Coil" UId="70" />
    <Part Name="Contact" UId="71" />
    <Part Name="Contact" UId="72" />
    <Part Name="O" UId="73">
      <TemplateValue Name="Card" Type="Cardinality">2</TemplateValue>
    </Part>
    <Part Name="Coil" UId="74" />
  </Parts>
  <Wires>
    <Wire UId="75">
      <Powerrail />
      <NameCon UId="50" Name="in" />
      <NameCon UId="68" Name="in" />
      <NameCon UId="71" Name="in" />
      <NameCon UId="72" Name="in" />
    </Wire>
    <Wire UId="76">
      <IdentCon UId="21" />
      <NameCon UId="50" Name="operand" />
    </Wire>
    <Wire UId="77">
      <NameCon UId="50" Name="out" />
      <NameCon UId="51" Name="in" />
      <NameCon UId="57" Name="in" />
      <NameCon UId="61" Name="in" />
      <NameCon UId="65" Name="in" />
    </Wire>
    <Wire UId="78">
      <IdentCon UId="22" />
      <NameCon UId="51" Name="operand" />
    </Wire>
    <Wire UId="79">
      <NameCon UId="51" Name="out" />
      <NameCon UId="52" Name="pre" />
    </Wire>
    <Wire UId="80">
      <IdentCon UId="24" />
      <NameCon UId="52" Name="bit" />
    </Wire>
    <Wire UId="81">
      <IdentCon UId="23" />
      <NameCon UId="52" Name="operand" />
    </Wire>
    <Wire UId="82">
      <NameCon UId="52" Name="out" />
      <NameCon UId="53" Name="pre" />
      <NameCon UId="55" Name="pre" />
    </Wire>
    <Wire UId="83">
      <IdentCon UId="25" />
      <NameCon UId="53" Name="in1" />
    </Wire>
    <Wire UId="84">
      <IdentCon UId="26" />
      <NameCon UId="53" Name="in2" />
    </Wire>
    <Wire UId="85">
      <NameCon UId="53" Name="out" />
      <NameCon UId="54" Name="in" />
    </Wire>
    <Wire UId="86">
      <IdentCon UId="27" />
      <NameCon UId="54" Name="operand" />
    </Wire>
    <Wire UId="87">
      <IdentCon UId="28" />
      <NameCon UId="55" Name="in1" />
    </Wire>
    <Wire UId="88">
      <IdentCon UId="29" />
      <NameCon UId="55" Name="in2" />
    </Wire>
    <Wire UId="89">
      <NameCon UId="55" Name="out" />
      <NameCon UId="56" Name="in" />
    </Wire>
    <Wire UId="90">
      <IdentCon UId="30" />
      <NameCon UId="56" Name="operand" />
    </Wire>
    <Wire UId="91">
      <IdentCon UId="31" />
      <NameCon UId="57" Name="operand" />
    </Wire>
    <Wire UId="92">
      <NameCon UId="57" Name="out" />
      <NameCon UId="58" Name="in" />
    </Wire>
    <Wire UId="93">
      <IdentCon UId="32" />
      <NameCon UId="58" Name="operand" />
    </Wire>
    <Wire UId="94">
      <NameCon UId="58" Name="out" />
      <NameCon UId="59" Name="in" />
    </Wire>
    <Wire UId="95">
      <IdentCon UId="33" />
      <NameCon UId="59" Name="operand" />
    </Wire>
    <Wire UId="96">
      <NameCon UId="59" Name="out" />
      <NameCon UId="60" Name="en" />
    </Wire>
    <Wire UId="97">
      <IdentCon UId="34" />
      <NameCon UId="60" Name="in" />
    </Wire>
    <Wire UId="98">
      <NameCon UId="60" Name="out1" />
      <IdentCon UId="35" />
    </Wire>
    <Wire UId="99">
      <IdentCon UId="36" />
      <NameCon UId="61" Name="operand" />
    </Wire>
    <Wire UId="100">
      <NameCon UId="61" Name="out" />
      <NameCon UId="62" Name="in" />
    </Wire>
    <Wire UId="101">
      <IdentCon UId="37" />
      <NameCon UId="62" Name="operand" />
    </Wire>
    <Wire UId="102">
      <NameCon UId="62" Name="out" />
      <NameCon UId="63" Name="in" />
    </Wire>
    <Wire UId="103">
      <IdentCon UId="38" />
      <NameCon UId="63" Name="operand" />
    </Wire>
    <Wire UId="104">
      <NameCon UId="63" Name="out" />
      <NameCon UId="64" Name="en" />
    </Wire>
    <Wire UId="105">
      <IdentCon UId="39" />
      <NameCon UId="64" Name="in" />
    </Wire>
    <Wire UId="106">
      <NameCon UId="64" Name="out1" />
      <IdentCon UId="40" />
    </Wire>
    <Wire UId="107">
      <IdentCon UId="41" />
      <NameCon UId="65" Name="operand" />
    </Wire>
    <Wire UId="108">
      <NameCon UId="65" Name="out" />
      <NameCon UId="66" Name="in" />
    </Wire>
    <Wire UId="109">
      <IdentCon UId="42" />
      <NameCon UId="66" Name="operand" />
    </Wire>
    <Wire UId="110">
      <NameCon UId="66" Name="out" />
      <NameCon UId="67" Name="in" />
    </Wire>
    <Wire UId="111">
      <IdentCon UId="43" />
      <NameCon UId="67" Name="operand" />
    </Wire>
    <Wire UId="112">
      <IdentCon UId="44" />
      <NameCon UId="68" Name="operand" />
    </Wire>
    <Wire UId="113">
      <NameCon UId="68" Name="out" />
      <NameCon UId="69" Name="in" />
    </Wire>
    <Wire UId="114">
      <IdentCon UId="45" />
      <NameCon UId="69" Name="operand" />
    </Wire>
    <Wire UId="115">
      <NameCon UId="69" Name="out" />
      <NameCon UId="70" Name="in" />
    </Wire>
    <Wire UId="116">
      <IdentCon UId="46" />
      <NameCon UId="70" Name="operand" />
    </Wire>
    <Wire UId="117">
      <IdentCon UId="47" />
      <NameCon UId="71" Name="operand" />
    </Wire>
    <Wire UId="118">
      <NameCon UId="71" Name="out" />
      <NameCon UId="73" Name="in1" />
    </Wire>
    <Wire UId="119">
      <IdentCon UId="48" />
      <NameCon UId="72" Name="operand" />
    </Wire>
    <Wire UId="120">
      <NameCon UId="72" Name="out" />
      <NameCon UId="73" Name="in2" />
    </Wire>
    <Wire UId="121">
      <NameCon UId="73" Name="out" />
      <NameCon UId="74" Name="in" />
    </Wire>
    <Wire UId="122">
      <IdentCon UId="49" />
      <NameCon UId="74" Name="operand" />
    </Wire>
  </Wires>
</FlgNet></NetworkSource>
          <ProgrammingLanguage>LAD</ProgrammingLanguage>
        </AttributeList>
        <ObjectList>
          <MultilingualText ID="4" CompositionName="Comment">
            <ObjectList>
              <MultilingualTextItem ID="5" CompositionName="Items">
                <AttributeList>
                  <Culture>en-US</Culture>
                  <Text />
                </AttributeList>
              </MultilingualTextItem>
            </ObjectList>
          </MultilingualText>
          <MultilingualText ID="6" CompositionName="Title">
            <ObjectList>
              <MultilingualTextItem ID="7" CompositionName="Items">
                <AttributeList>
                  <Culture>en-US</Culture>
                  <Text />
                </AttributeList>
              </MultilingualTextItem>
            </ObjectList>
          </MultilingualText>
        </ObjectList>
      </SW.Blocks.CompileUnit>
      <SW.Blocks.CompileUnit ID="8" CompositionName="CompileUnits">
        <AttributeList>
          <NetworkSource><FlgNet xmlns="http://www.siemens.com/automation/Openness/SW/NetworkSource/FlgNet/v3">
  <Parts>
    <Access Scope="LocalVariable" UId="21">
      <Symbol>
        <Component Name="MODE" />
      </Symbol>
    </Access>
    <Access Scope="LocalVariable" UId="22">
      <Symbol>
        <Component Name="RS2" />
      </Symbol>
    </Access>
    <Access Scope="LocalVariable" UId="23">
      <Symbol>
        <Component Name="NN2" />
      </Symbol>
    </Access>
    <Access Scope="LocalVariable" UId="24">
      <Symbol>
        <Component Name="T2" />
      </Symbol>
    </Access>
    <Access Scope="LocalVariable" UId="25">
      <Symbol>
        <Component Name="M2" />
      </Symbol>
    </Access>
    <Access Scope="LiteralConstant" UId="26">
      <Constant>
        <ConstantType>Int</ConstantType>
        <ConstantValue>0</ConstantValue>
        <StringAttribute Name="Format" Informative="true">Dec_signed</StringAttribute>
      </Constant>
    </Access>
    <Access Scope="LocalVariable" UId="27">
      <Symbol>
        <Component Name="OUT21" />
      </Symbol>
    </Access>
    <Access Scope="LocalVariable" UId="28">
      <Symbol>
        <Component Name="M2" />
      </Symbol>
    </Access>
    <Access Scope="LiteralConstant" UId="29">
      <Constant>
        <ConstantType>Int</ConstantType>
        <ConstantValue>1</ConstantValue>
        <StringAttribute Name="Format" Informative="true">Dec_signed</StringAttribute>
      </Constant>
    </Access>
    <Access Scope="LocalVariable" UId="30">
      <Symbol>
        <Component Name="OUT21" />
      </Symbol>
    </Access>
    <Access Scope="LocalVariable" UId="31">
      <Symbol>
        <Component Name="RS2" />
      </Symbol>
    </Access>
    <Access Scope="LocalVariable" UId="32">
      <Symbol>
        <Component Name="ST2" />
      </Symbol>
    </Access>
    <Access Scope="LocalVariable" UId="33">
      <Symbol>
        <Component Name="NN2" />
      </Symbol>
    </Access>
    <Access Scope="LiteralConstant" UId="34">
      <Constant>
        <ConstantType>Int</ConstantType>
        <ConstantValue>1</ConstantValue>
        <StringAttribute Name="Format" Informative="true">Dec_signed</StringAttribute>
      </Constant>
    </Access>
    <Access Scope="LocalVariable" UId="35">
      <Symbol>
        <Component Name="M2" />
      </Symbol>
    </Access>
    <Access Scope="LocalVariable" UId="36">
      <Symbol>
        <Component Name="RS2" />
      </Symbol>
    </Access>
    <Access Scope="LocalVariable" UId="37">
      <Symbol>
        <Component Name="ST2" />
      </Symbol>
    </Access>
    <Access Scope="LocalVariable" UId="38">
      <Symbol>
        <Component Name="NN2" />
      </Symbol>
    </Access>
    <Access Scope="LiteralConstant" UId="39">
      <Constant>
        <ConstantType>Int</ConstantType>
        <ConstantValue>0</ConstantValue>
        <StringAttribute Name="Format" Informative="true">Dec_signed</StringAttribute>
      </Constant>
    </Access>
    <Access Scope="LocalVariable" UId="40">
      <Symbol>
        <Component Name="M2" />
      </Symbol>
    </Access>
    <Access Scope="LocalVariable" UId="41">
      <Symbol>
        <Component Name="RS2" />
      </Symbol>
    </Access>
    <Access Scope="LocalVariable" UId="42">
      <Symbol>
        <Component Name="ST2" />
      </Symbol>
    </Access>
    <Access Scope="LocalVariable" UId="43">
      <Symbol>
        <Component Name="OUT21" />
      </Symbol>
    </Access>
    <Access Scope="LocalVariable" UId="44">
      <Symbol>
        <Component Name="MODE" />
      </Symbol>
    </Access>
    <Access Scope="LocalVariable" UId="45">
      <Symbol>
        <Component Name="NN2" />
      </Symbol>
    </Access>
    <Access Scope="LocalVariable" UId="46">
      <Symbol>
        <Component Name="OUT22" />
      </Symbol>
    </Access>
    <Access Scope="LocalVariable" UId="47">
      <Symbol>
        <Component Name="OUT21" />
      </Symbol>
    </Access>
    <Access Scope="LocalVariable" UId="48">
      <Symbol>
        <Component Name="OUT22" />
      </Symbol>
    </Access>
    <Access Scope="LocalVariable" UId="49">
      <Symbol>
        <Component Name="OUT2" />
      </Symbol>
    </Access>
    <Part Name="Contact" UId="50">
      <Negated Name="operand" />
    </Part>
    <Part Name="Contact" UId="51">
      <Negated Name="operand" />
    </Part>
    <Part Name="PContact" UId="52" />
    <Part Name="Eq" UId="53">
      <TemplateValue Name="SrcType" Type="Type">Int</TemplateValue>
    </Part>
    <Part Name="SCoil" UId="54" />
    <Part Name="Eq" UId="55">
      <TemplateValue Name="SrcType" Type="Type">Int</TemplateValue>
    </Part>
    <Part Name="RCoil" UId="56" />
    <Part Name="Contact" UId="57">
      <Negated Name="operand" />
    </Part>
    <Part Name="Contact" UId="58" />
    <Part Name="Contact" UId="59">
      <Negated Name="operand" />
    </Part>
    <Part Name="Move" UId="60" DisabledENO="true">
      <TemplateValue Name="Card" Type="Cardinality">1</TemplateValue>
    </Part>
    <Part Name="Contact" UId="61">
      <Negated Name="operand" />
    </Part>
    <Part Name="Contact" UId="62">
      <Negated Name="operand" />
    </Part>
    <Part Name="Contact" UId="63">
      <Negated Name="operand" />
    </Part>
    <Part Name="Move" UId="64" DisabledENO="true">
      <TemplateValue Name="Card" Type="Cardinality">1</TemplateValue>
    </Part>
    <Part Name="Contact" UId="65" />
    <Part Name="Contact" UId="66" />
    <Part Name="RCoil" UId="67" />
    <Part Name="Contact" UId="68" />
    <Part Name="Contact" UId="69" />
    <Part Name="Coil" UId="70" />
    <Part Name="Contact" UId="71" />
    <Part Name="Contact" UId="72" />
    <Part Name="O" UId="73">
      <TemplateValue Name="Card" Type="Cardinality">2</TemplateValue>
    </Part>
    <Part Name="Coil" UId="74" />
  </Parts>
  <Wires>
    <Wire UId="75">
      <Powerrail />
      <NameCon UId="50" Name="in" />
      <NameCon UId="68" Name="in" />
      <NameCon UId="71" Name="in" />
      <NameCon UId="72" Name="in" />
    </Wire>
    <Wire UId="76">
      <IdentCon UId="21" />
      <NameCon UId="50" Name="operand" />
    </Wire>
    <Wire UId="77">
      <NameCon UId="50" Name="out" />
      <NameCon UId="51" Name="in" />
      <NameCon UId="57" Name="in" />
      <NameCon UId="61" Name="in" />
      <NameCon UId="65" Name="in" />
    </Wire>
    <Wire UId="78">
      <IdentCon UId="22" />
      <NameCon UId="51" Name="operand" />
    </Wire>
    <Wire UId="79">
      <NameCon UId="51" Name="out" />
      <NameCon UId="52" Name="pre" />
    </Wire>
    <Wire UId="80">
      <IdentCon UId="24" />
      <NameCon UId="52" Name="bit" />
    </Wire>
    <Wire UId="81">
      <IdentCon UId="23" />
      <NameCon UId="52" Name="operand" />
    </Wire>
    <Wire UId="82">
      <NameCon UId="52" Name="out" />
      <NameCon UId="53" Name="pre" />
      <NameCon UId="55" Name="pre" />
    </Wire>
    <Wire UId="83">
      <IdentCon UId="25" />
      <NameCon UId="53" Name="in1" />
    </Wire>
    <Wire UId="84">
      <IdentCon UId="26" />
      <NameCon UId="53" Name="in2" />
    </Wire>
    <Wire UId="85">
      <NameCon UId="53" Name="out" />
      <NameCon UId="54" Name="in" />
    </Wire>
    <Wire UId="86">
      <IdentCon UId="27" />
      <NameCon UId="54" Name="operand" />
    </Wire>
    <Wire UId="87">
      <IdentCon UId="28" />
      <NameCon UId="55" Name="in1" />
    </Wire>
    <Wire UId="88">
      <IdentCon UId="29" />
      <NameCon UId="55" Name="in2" />
    </Wire>
    <Wire UId="89">
      <NameCon UId="55" Name="out" />
      <NameCon UId="56" Name="in" />
    </Wire>
    <Wire UId="90">
      <IdentCon UId="30" />
      <NameCon UId="56" Name="operand" />
    </Wire>
    <Wire UId="91">
      <IdentCon UId="31" />
      <NameCon UId="57" Name="operand" />
    </Wire>
    <Wire UId="92">
      <NameCon UId="57" Name="out" />
      <NameCon UId="58" Name="in" />
    </Wire>
    <Wire UId="93">
      <IdentCon UId="32" />
      <NameCon UId="58" Name="operand" />
    </Wire>
    <Wire UId="94">
      <NameCon UId="58" Name="out" />
      <NameCon UId="59" Name="in" />
    </Wire>
    <Wire UId="95">
      <IdentCon UId="33" />
      <NameCon UId="59" Name="operand" />
    </Wire>
    <Wire UId="96">
      <NameCon UId="59" Name="out" />
      <NameCon UId="60" Name="en" />
    </Wire>
    <Wire UId="97">
      <IdentCon UId="34" />
      <NameCon UId="60" Name="in" />
    </Wire>
    <Wire UId="98">
      <NameCon UId="60" Name="out1" />
      <IdentCon UId="35" />
    </Wire>
    <Wire UId="99">
      <IdentCon UId="36" />
      <NameCon UId="61" Name="operand" />
    </Wire>
    <Wire UId="100">
      <NameCon UId="61" Name="out" />
      <NameCon UId="62" Name="in" />
    </Wire>
    <Wire UId="101">
      <IdentCon UId="37" />
      <NameCon UId="62" Name="operand" />
    </Wire>
    <Wire UId="102">
      <NameCon UId="62" Name="out" />
      <NameCon UId="63" Name="in" />
    </Wire>
    <Wire UId="103">
      <IdentCon UId="38" />
      <NameCon UId="63" Name="operand" />
    </Wire>
    <Wire UId="104">
      <NameCon UId="63" Name="out" />
      <NameCon UId="64" Name="en" />
    </Wire>
    <Wire UId="105">
      <IdentCon UId="39" />
      <NameCon UId="64" Name="in" />
    </Wire>
    <Wire UId="106">
      <NameCon UId="64" Name="out1" />
      <IdentCon UId="40" />
    </Wire>
    <Wire UId="107">
      <IdentCon UId="41" />
      <NameCon UId="65" Name="operand" />
    </Wire>
    <Wire UId="108">
      <NameCon UId="65" Name="out" />
      <NameCon UId="66" Name="in" />
    </Wire>
    <Wire UId="109">
      <IdentCon UId="42" />
      <NameCon UId="66" Name="operand" />
    </Wire>
    <Wire UId="110">
      <NameCon UId="66" Name="out" />
      <NameCon UId="67" Name="in" />
    </Wire>
    <Wire UId="111">
      <IdentCon UId="43" />
      <NameCon UId="67" Name="operand" />
    </Wire>
    <Wire UId="112">
      <IdentCon UId="44" />
      <NameCon UId="68" Name="operand" />
    </Wire>
    <Wire UId="113">
      <NameCon UId="68" Name="out" />
      <NameCon UId="69" Name="in" />
    </Wire>
    <Wire UId="114">
      <IdentCon UId="45" />
      <NameCon UId="69" Name="operand" />
    </Wire>
    <Wire UId="115">
      <NameCon UId="69" Name="out" />
      <NameCon UId="70" Name="in" />
    </Wire>
    <Wire UId="116">
      <IdentCon UId="46" />
      <NameCon UId="70" Name="operand" />
    </Wire>
    <Wire UId="117">
      <IdentCon UId="47" />
      <NameCon UId="71" Name="operand" />
    </Wire>
    <Wire UId="118">
      <NameCon UId="71" Name="out" />
      <NameCon UId="73" Name="in1" />
    </Wire>
    <Wire UId="119">
      <IdentCon UId="48" />
      <NameCon UId="72" Name="operand" />
    </Wire>
    <Wire UId="120">
      <NameCon UId="72" Name="out" />
      <NameCon UId="73" Name="in2" />
    </Wire>
    <Wire UId="121">
      <NameCon UId="73" Name="out" />
      <NameCon UId="74" Name="in" />
    </Wire>
    <Wire UId="122">
      <IdentCon UId="49" />
      <NameCon UId="74" Name="operand" />
    </Wire>
  </Wires>
</FlgNet></NetworkSource>
          <ProgrammingLanguage>LAD</ProgrammingLanguage>
        </AttributeList>
        <ObjectList>
          <MultilingualText ID="9" CompositionName="Comment">
            <ObjectList>
              <MultilingualTextItem ID="A" CompositionName="Items">
                <AttributeList>
                  <Culture>en-US</Culture>
                  <Text />
                </AttributeList>
              </MultilingualTextItem>
            </ObjectList>
          </MultilingualText>
          <MultilingualText ID="B" CompositionName="Title">
            <ObjectList>
              <MultilingualTextItem ID="C" CompositionName="Items">
                <AttributeList>
                  <Culture>en-US</Culture>
                  <Text />
                </AttributeList>
              </MultilingualTextItem>
            </ObjectList>
          </MultilingualText>
        </ObjectList>
      </SW.Blocks.CompileUnit>
      <SW.Blocks.CompileUnit ID="D" CompositionName="CompileUnits">
        <AttributeList>
          <NetworkSource><FlgNet xmlns="http://www.siemens.com/automation/Openness/SW/NetworkSource/FlgNet/v3">
  <Parts>
    <Access Scope="LocalVariable" UId="21">
      <Symbol>
        <Component Name="MODE" />
      </Symbol>
    </Access>
    <Access Scope="LocalVariable" UId="22">
      <Symbol>
        <Component Name="RS3" />
      </Symbol>
    </Access>
    <Access Scope="LocalVariable" UId="23">
      <Symbol>
        <Component Name="NN3" />
      </Symbol>
    </Access>
    <Access Scope="LocalVariable" UId="24">
      <Symbol>
        <Component Name="T3" />
      </Symbol>
    </Access>
    <Access Scope="LocalVariable" UId="25">
      <Symbol>
        <Component Name="M3" />
      </Symbol>
    </Access>
    <Access Scope="LiteralConstant" UId="26">
      <Constant>
        <ConstantType>Int</ConstantType>
        <ConstantValue>0</ConstantValue>
        <StringAttribute Name="Format" Informative="true">Dec_signed</StringAttribute>
      </Constant>
    </Access>
    <Access Scope="LocalVariable" UId="27">
      <Symbol>
        <Component Name="OUT31" />
      </Symbol>
    </Access>
    <Access Scope="LocalVariable" UId="28">
      <Symbol>
        <Component Name="M3" />
      </Symbol>
    </Access>
    <Access Scope="LiteralConstant" UId="29">
      <Constant>
        <ConstantType>Int</ConstantType>
        <ConstantValue>1</ConstantValue>
        <StringAttribute Name="Format" Informative="true">Dec_signed</StringAttribute>
      </Constant>
    </Access>
    <Access Scope="LocalVariable" UId="30">
      <Symbol>
        <Component Name="OUT31" />
      </Symbol>
    </Access>
    <Access Scope="LocalVariable" UId="31">
      <Symbol>
        <Component Name="RS3" />
      </Symbol>
    </Access>
    <Access Scope="LocalVariable" UId="32">
      <Symbol>
        <Component Name="ST3" />
      </Symbol>
    </Access>
    <Access Scope="LocalVariable" UId="33">
      <Symbol>
        <Component Name="NN3" />
      </Symbol>
    </Access>
    <Access Scope="LiteralConstant" UId="34">
      <Constant>
        <ConstantType>Int</ConstantType>
        <ConstantValue>1</ConstantValue>
        <StringAttribute Name="Format" Informative="true">Dec_signed</StringAttribute>
      </Constant>
    </Access>
    <Access Scope="LocalVariable" UId="35">
      <Symbol>
        <Component Name="M3" />
      </Symbol>
    </Access>
    <Access Scope="LocalVariable" UId="36">
      <Symbol>
        <Component Name="RS3" />
      </Symbol>
    </Access>
    <Access Scope="LocalVariable" UId="37">
      <Symbol>
        <Component Name="ST3" />
      </Symbol>
    </Access>
    <Access Scope="LocalVariable" UId="38">
      <Symbol>
        <Component Name="NN3" />
      </Symbol>
    </Access>
    <Access Scope="LiteralConstant" UId="39">
      <Constant>
        <ConstantType>Int</ConstantType>
        <ConstantValue>0</ConstantValue>
        <StringAttribute Name="Format" Informative="true">Dec_signed</StringAttribute>
      </Constant>
    </Access>
    <Access Scope="LocalVariable" UId="40">
      <Symbol>
        <Component Name="M3" />
      </Symbol>
    </Access>
    <Access Scope="LocalVariable" UId="41">
      <Symbol>
        <Component Name="RS3" />
      </Symbol>
    </Access>
    <Access Scope="LocalVariable" UId="42">
      <Symbol>
        <Component Name="ST3" />
      </Symbol>
    </Access>
    <Access Scope="LocalVariable" UId="43">
      <Symbol>
        <Component Name="OUT31" />
      </Symbol>
    </Access>
    <Access Scope="LocalVariable" UId="44">
      <Symbol>
        <Component Name="MODE" />
      </Symbol>
    </Access>
    <Access Scope="LocalVariable" UId="45">
      <Symbol>
        <Component Name="NN3" />
      </Symbol>
    </Access>
    <Access Scope="LocalVariable" UId="46">
      <Symbol>
        <Component Name="OUT32" />
      </Symbol>
    </Access>
    <Access Scope="LocalVariable" UId="47">
      <Symbol>
        <Component Name="OUT31" />
      </Symbol>
    </Access>
    <Access Scope="LocalVariable" UId="48">
      <Symbol>
        <Component Name="OUT32" />
      </Symbol>
    </Access>
    <Access Scope="LocalVariable" UId="49">
      <Symbol>
        <Component Name="OUT3" />
      </Symbol>
    </Access>
    <Part Name="Contact" UId="50">
      <Negated Name="operand" />
    </Part>
    <Part Name="Contact" UId="51">
      <Negated Name="operand" />
    </Part>
    <Part Name="PContact" UId="52" />
    <Part Name="Eq" UId="53">
      <TemplateValue Name="SrcType" Type="Type">Int</TemplateValue>
    </Part>
    <Part Name="SCoil" UId="54" />
    <Part Name="Eq" UId="55">
      <TemplateValue Name="SrcType" Type="Type">Int</TemplateValue>
    </Part>
    <Part Name="RCoil" UId="56" />
    <Part Name="Contact" UId="57">
      <Negated Name="operand" />
    </Part>
    <Part Name="Contact" UId="58" />
    <Part Name="Contact" UId="59">
      <Negated Name="operand" />
    </Part>
    <Part Name="Move" UId="60" DisabledENO="true">
      <TemplateValue Name="Card" Type="Cardinality">1</TemplateValue>
    </Part>
    <Part Name="Contact" UId="61">
      <Negated Name="operand" />
    </Part>
    <Part Name="Contact" UId="62">
      <Negated Name="operand" />
    </Part>
    <Part Name="Contact" UId="63">
      <Negated Name="operand" />
    </Part>
    <Part Name="Move" UId="64" DisabledENO="true">
      <TemplateValue Name="Card" Type="Cardinality">1</TemplateValue>
    </Part>
    <Part Name="Contact" UId="65" />
    <Part Name="Contact" UId="66" />
    <Part Name="RCoil" UId="67" />
    <Part Name="Contact" UId="68" />
    <Part Name="Contact" UId="69" />
    <Part Name="Coil" UId="70" />
    <Part Name="Contact" UId="71" />
    <Part Name="Contact" UId="72" />
    <Part Name="O" UId="73">
      <TemplateValue Name="Card" Type="Cardinality">2</TemplateValue>
    </Part>
    <Part Name="Coil" UId="74" />
  </Parts>
  <Wires>
    <Wire UId="75">
      <Powerrail />
      <NameCon UId="50" Name="in" />
      <NameCon UId="68" Name="in" />
      <NameCon UId="71" Name="in" />
      <NameCon UId="72" Name="in" />
    </Wire>
    <Wire UId="76">
      <IdentCon UId="21" />
      <NameCon UId="50" Name="operand" />
    </Wire>
    <Wire UId="77">
      <NameCon UId="50" Name="out" />
      <NameCon UId="51" Name="in" />
      <NameCon UId="57" Name="in" />
      <NameCon UId="61" Name="in" />
      <NameCon UId="65" Name="in" />
    </Wire>
    <Wire UId="78">
      <IdentCon UId="22" />
      <NameCon UId="51" Name="operand" />
    </Wire>
    <Wire UId="79">
      <NameCon UId="51" Name="out" />
      <NameCon UId="52" Name="pre" />
    </Wire>
    <Wire UId="80">
      <IdentCon UId="24" />
      <NameCon UId="52" Name="bit" />
    </Wire>
    <Wire UId="81">
      <IdentCon UId="23" />
      <NameCon UId="52" Name="operand" />
    </Wire>
    <Wire UId="82">
      <NameCon UId="52" Name="out" />
      <NameCon UId="53" Name="pre" />
      <NameCon UId="55" Name="pre" />
    </Wire>
    <Wire UId="83">
      <IdentCon UId="25" />
      <NameCon UId="53" Name="in1" />
    </Wire>
    <Wire UId="84">
      <IdentCon UId="26" />
      <NameCon UId="53" Name="in2" />
    </Wire>
    <Wire UId="85">
      <NameCon UId="53" Name="out" />
      <NameCon UId="54" Name="in" />
    </Wire>
    <Wire UId="86">
      <IdentCon UId="27" />
      <NameCon UId="54" Name="operand" />
    </Wire>
    <Wire UId="87">
      <IdentCon UId="28" />
      <NameCon UId="55" Name="in1" />
    </Wire>
    <Wire UId="88">
      <IdentCon UId="29" />
      <NameCon UId="55" Name="in2" />
    </Wire>
    <Wire UId="89">
      <NameCon UId="55" Name="out" />
      <NameCon UId="56" Name="in" />
    </Wire>
    <Wire UId="90">
      <IdentCon UId="30" />
      <NameCon UId="56" Name="operand" />
    </Wire>
    <Wire UId="91">
      <IdentCon UId="31" />
      <NameCon UId="57" Name="operand" />
    </Wire>
    <Wire UId="92">
      <NameCon UId="57" Name="out" />
      <NameCon UId="58" Name="in" />
    </Wire>
    <Wire UId="93">
      <IdentCon UId="32" />
      <NameCon UId="58" Name="operand" />
    </Wire>
    <Wire UId="94">
      <NameCon UId="58" Name="out" />
      <NameCon UId="59" Name="in" />
    </Wire>
    <Wire UId="95">
      <IdentCon UId="33" />
      <NameCon UId="59" Name="operand" />
    </Wire>
    <Wire UId="96">
      <NameCon UId="59" Name="out" />
      <NameCon UId="60" Name="en" />
    </Wire>
    <Wire UId="97">
      <IdentCon UId="34" />
      <NameCon UId="60" Name="in" />
    </Wire>
    <Wire UId="98">
      <NameCon UId="60" Name="out1" />
      <IdentCon UId="35" />
    </Wire>
    <Wire UId="99">
      <IdentCon UId="36" />
      <NameCon UId="61" Name="operand" />
    </Wire>
    <Wire UId="100">
      <NameCon UId="61" Name="out" />
      <NameCon UId="62" Name="in" />
    </Wire>
    <Wire UId="101">
      <IdentCon UId="37" />
      <NameCon UId="62" Name="operand" />
    </Wire>
    <Wire UId="102">
      <NameCon UId="62" Name="out" />
      <NameCon UId="63" Name="in" />
    </Wire>
    <Wire UId="103">
      <IdentCon UId="38" />
      <NameCon UId="63" Name="operand" />
    </Wire>
    <Wire UId="104">
      <NameCon UId="63" Name="out" />
      <NameCon UId="64" Name="en" />
    </Wire>
    <Wire UId="105">
      <IdentCon UId="39" />
      <NameCon UId="64" Name="in" />
    </Wire>
    <Wire UId="106">
      <NameCon UId="64" Name="out1" />
      <IdentCon UId="40" />
    </Wire>
    <Wire UId="107">
      <IdentCon UId="41" />
      <NameCon UId="65" Name="operand" />
    </Wire>
    <Wire UId="108">
      <NameCon UId="65" Name="out" />
      <NameCon UId="66" Name="in" />
    </Wire>
    <Wire UId="109">
      <IdentCon UId="42" />
      <NameCon UId="66" Name="operand" />
    </Wire>
    <Wire UId="110">
      <NameCon UId="66" Name="out" />
      <NameCon UId="67" Name="in" />
    </Wire>
    <Wire UId="111">
      <IdentCon UId="43" />
      <NameCon UId="67" Name="operand" />
    </Wire>
    <Wire UId="112">
      <IdentCon UId="44" />
      <NameCon UId="68" Name="operand" />
    </Wire>
    <Wire UId="113">
      <NameCon UId="68" Name="out" />
      <NameCon UId="69" Name="in" />
    </Wire>
    <Wire UId="114">
      <IdentCon UId="45" />
      <NameCon UId="69" Name="operand" />
    </Wire>
    <Wire UId="115">
      <NameCon UId="69" Name="out" />
      <NameCon UId="70" Name="in" />
    </Wire>
    <Wire UId="116">
      <IdentCon UId="46" />
      <NameCon UId="70" Name="operand" />
    </Wire>
    <Wire UId="117">
      <IdentCon UId="47" />
      <NameCon UId="71" Name="operand" />
    </Wire>
    <Wire UId="118">
      <NameCon UId="71" Name="out" />
      <NameCon UId="73" Name="in1" />
    </Wire>
    <Wire UId="119">
      <IdentCon UId="48" />
      <NameCon UId="72" Name="operand" />
    </Wire>
    <Wire UId="120">
      <NameCon UId="72" Name="out" />
      <NameCon UId="73" Name="in2" />
    </Wire>
    <Wire UId="121">
      <NameCon UId="73" Name="out" />
      <NameCon UId="74" Name="in" />
    </Wire>
    <Wire UId="122">
      <IdentCon UId="49" />
      <NameCon UId="74" Name="operand" />
    </Wire>
  </Wires>
</FlgNet></NetworkSource>
          <ProgrammingLanguage>LAD</ProgrammingLanguage>
        </AttributeList>
        <ObjectList>
          <MultilingualText ID="E" CompositionName="Comment">
            <ObjectList>
              <MultilingualTextItem ID="F" CompositionName="Items">
                <AttributeList>
                  <Culture>en-US</Culture>
                  <Text />
                </AttributeList>
              </MultilingualTextItem>
            </ObjectList>
          </MultilingualText>
          <MultilingualText ID="10" CompositionName="Title">
            <ObjectList>
              <MultilingualTextItem ID="11" CompositionName="Items">
                <AttributeList>
                  <Culture>en-US</Culture>
                  <Text />
                </AttributeList>
              </MultilingualTextItem>
            </ObjectList>
          </MultilingualText>
        </ObjectList>
      </SW.Blocks.CompileUnit>
      <SW.Blocks.CompileUnit ID="12" CompositionName="CompileUnits">
        <AttributeList>
          <NetworkSource />
          <ProgrammingLanguage>LAD</ProgrammingLanguage>
        </AttributeList>
        <ObjectList>
          <MultilingualText ID="13" CompositionName="Comment">
            <ObjectList>
              <MultilingualTextItem ID="14" CompositionName="Items">
                <AttributeList>
                  <Culture>en-US</Culture>
                  <Text />
                </AttributeList>
              </MultilingualTextItem>
            </ObjectList>
          </MultilingualText>
          <MultilingualText ID="15" CompositionName="Title">
            <ObjectList>
              <MultilingualTextItem ID="16" CompositionName="Items">
                <AttributeList>
                  <Culture>en-US</Culture>
                  <Text />
                </AttributeList>
              </MultilingualTextItem>
            </ObjectList>
          </MultilingualText>
        </ObjectList>
      </SW.Blocks.CompileUnit>
      <SW.Blocks.CompileUnit ID="17" CompositionName="CompileUnits">
        <AttributeList>
          <NetworkSource />
          <ProgrammingLanguage>LAD</ProgrammingLanguage>
        </AttributeList>
        <ObjectList>
          <MultilingualText ID="18" CompositionName="Comment">
            <ObjectList>
              <MultilingualTextItem ID="19" CompositionName="Items">
                <AttributeList>
                  <Culture>en-US</Culture>
                  <Text />
                </AttributeList>
              </MultilingualTextItem>
            </ObjectList>
          </MultilingualText>
          <MultilingualText ID="1A" CompositionName="Title">
            <ObjectList>
              <MultilingualTextItem ID="1B" CompositionName="Items">
                <AttributeList>
                  <Culture>en-US</Culture>
                  <Text />
                </AttributeList>
              </MultilingualTextItem>
            </ObjectList>
          </MultilingualText>
        </ObjectList>
      </SW.Blocks.CompileUnit>
      <MultilingualText ID="1C" CompositionName="Title">
        <ObjectList>
          <MultilingualTextItem ID="1D" CompositionName="Items">
            <AttributeList>
              <Culture>en-US</Culture>
              <Text>MODE=0 thì nhấn dạng Toggle, MODE=1 thì nhấn như một nút nhấn thông thường, nếu RS=1 thì ngõ ra sẽ bị Reset</Text>
            </AttributeList>
          </MultilingualTextItem>
        </ObjectList>
      </MultilingualText>
    </ObjectList>
  </SW.Blocks.FB>
</Document>