﻿<?xml version="1.0" encoding="utf-8"?>
<Document>
  <Engineering version="V15.1" />
  <DocumentInfo>
    <Created>2026-01-09T13:45:12.180441Z</Created>
    <ExportSetting>WithDefaults, WithReadOnly</ExportSetting>
    <InstalledProducts>
      <Product>
        <DisplayName>Totally Integrated Automation Portal</DisplayName>
        <DisplayVersion>V15.1 Update 8</DisplayVersion>
      </Product>
      <OptionPackage>
        <DisplayName>TIA Portal Openness</DisplayName>
        <DisplayVersion>V15.1 Update 8</DisplayVersion>
      </OptionPackage>
      <Product>
        <DisplayName>STEP 7 Professional</DisplayName>
        <DisplayVersion>V15.1 Update 8</DisplayVersion>
      </Product>
      <Product>
        <DisplayName>WinCC Advanced</DisplayName>
        <DisplayVersion>V15.1 Update 8</DisplayVersion>
      </Product>
    </InstalledProducts>
  </DocumentInfo>
  <SW.Blocks.FC ID="0">
    <AttributeList>
      <AutoNumber>false</AutoNumber>
      <CodeModifiedDate ReadOnly="true">2025-08-27T17:06:54.9207011Z</CodeModifiedDate>
      <CompileDate ReadOnly="true">2025-08-30T17:40:33.361501Z</CompileDate>
      <CreationDate ReadOnly="true">2024-10-12T12:36:08.0193576Z</CreationDate>
      <HandleErrorsWithinBlock ReadOnly="true">false</HandleErrorsWithinBlock>
      <HeaderAuthor />
      <HeaderFamily />
      <HeaderName />
      <HeaderVersion>0.1</HeaderVersion>
      <Interface><Sections xmlns="http://www.siemens.com/automation/Openness/SW/Interface/v3">
  <Section Name="Input">
    <Member Name="0.0" Datatype="Bool" Accessibility="Public" />
    <Member Name="0.1" Datatype="Bool" Accessibility="Public" />
    <Member Name="0.2" Datatype="Bool" Accessibility="Public" />
    <Member Name="0.3" Datatype="Bool" Accessibility="Public" />
    <Member Name="0.4" Datatype="Bool" Accessibility="Public" />
    <Member Name="0.5" Datatype="Bool" Accessibility="Public" />
    <Member Name="0.6" Datatype="Bool" Accessibility="Public" />
    <Member Name="0.7" Datatype="Bool" Accessibility="Public" />
  </Section>
  <Section Name="Output">
    <Member Name="0_0" Datatype="Bool" Accessibility="Public" />
    <Member Name="0_1" Datatype="Bool" Accessibility="Public" />
    <Member Name="0_2" Datatype="Bool" Accessibility="Public" />
    <Member Name="0_3" Datatype="Bool" Accessibility="Public" />
    <Member Name="0_4" Datatype="Bool" Accessibility="Public" />
    <Member Name="0_5" Datatype="Bool" Accessibility="Public" />
    <Member Name="0_6" Datatype="Bool" Accessibility="Public" />
    <Member Name="0_7" Datatype="Bool" Accessibility="Public" />
  </Section>
  <Section Name="InOut" />
  <Section Name="Temp" />
  <Section Name="Constant" />
  <Section Name="Return">
    <Member Name="Ret_Val" Datatype="Void" Accessibility="Public" />
  </Section>
</Sections></Interface>
      <InterfaceModifiedDate ReadOnly="true">2023-08-09T15:10:11.0888586Z</InterfaceModifiedDate>
      <IsConsistent ReadOnly="true">true</IsConsistent>
      <IsIECCheckEnabled>false</IsIECCheckEnabled>
      <IsKnowHowProtected ReadOnly="true">false</IsKnowHowProtected>
      <IsWriteProtected ReadOnly="true">false</IsWriteProtected>
      <LibraryConformanceStatus ReadOnly="true">The object is library-conformant.</LibraryConformanceStatus>
      <MemoryLayout>Optimized</MemoryLayout>
      <ModifiedDate ReadOnly="true">2025-08-27T17:06:54.9207011Z</ModifiedDate>
      <Name>2.MOVE_OUT</Name>
      <Number>2</Number>
      <ParameterModified ReadOnly="true">2023-08-09T15:10:11.0888586Z</ParameterModified>
      <PLCSimAdvancedSupport ReadOnly="true">false</PLCSimAdvancedSupport>
      <ProgrammingLanguage>LAD</ProgrammingLanguage>
      <SetENOAutomatically>False</SetENOAutomatically>
      <StructureModified ReadOnly="true">2023-08-09T15:10:11.0888586Z</StructureModified>
      <UDABlockProperties />
      <UDAEnableTagReadback>false</UDAEnableTagReadback>
    </AttributeList>
    <ObjectList>
      <MultilingualText ID="1" CompositionName="Comment">
        <ObjectList>
          <MultilingualTextItem ID="2" CompositionName="Items">
            <AttributeList>
              <Culture>en-US</Culture>
              <Text />
            </AttributeList>
          </MultilingualTextItem>
        </ObjectList>
      </MultilingualText>
      <SW.Blocks.CompileUnit ID="3" CompositionName="CompileUnits">
        <AttributeList>
          <NetworkSource />
          <ProgrammingLanguage>LAD</ProgrammingLanguage>
        </AttributeList>
        <ObjectList>
          <MultilingualText ID="4" CompositionName="Comment">
            <ObjectList>
              <MultilingualTextItem ID="5" CompositionName="Items">
                <AttributeList>
                  <Culture>en-US</Culture>
                  <Text />
                </AttributeList>
              </MultilingualTextItem>
            </ObjectList>
          </MultilingualText>
          <MultilingualText ID="6" CompositionName="Title">
            <ObjectList>
              <MultilingualTextItem ID="7" CompositionName="Items">
                <AttributeList>
                  <Culture>en-US</Culture>
                  <Text />
                </AttributeList>
              </MultilingualTextItem>
            </ObjectList>
          </MultilingualText>
        </ObjectList>
      </SW.Blocks.CompileUnit>
      <SW.Blocks.CompileUnit ID="8" CompositionName="CompileUnits">
        <AttributeList>
          <NetworkSource />
          <ProgrammingLanguage>LAD</ProgrammingLanguage>
        </AttributeList>
        <ObjectList>
          <MultilingualText ID="9" CompositionName="Comment">
            <ObjectList>
              <MultilingualTextItem ID="A" CompositionName="Items">
                <AttributeList>
                  <Culture>en-US</Culture>
                  <Text />
                </AttributeList>
              </MultilingualTextItem>
            </ObjectList>
          </MultilingualText>
          <MultilingualText ID="B" CompositionName="Title">
            <ObjectList>
              <MultilingualTextItem ID="C" CompositionName="Items">
                <AttributeList>
                  <Culture>en-US</Culture>
                  <Text />
                </AttributeList>
              </MultilingualTextItem>
            </ObjectList>
          </MultilingualText>
        </ObjectList>
      </SW.Blocks.CompileUnit>
      <SW.Blocks.CompileUnit ID="D" CompositionName="CompileUnits">
        <AttributeList>
          <NetworkSource><FlgNet xmlns="http://www.siemens.com/automation/Openness/SW/NetworkSource/FlgNet/v3">
  <Parts>
    <Access Scope="LocalVariable" UId="21">
      <Symbol>
        <Component Name="0.0" />
      </Symbol>
    </Access>
    <Access Scope="LocalVariable" UId="22">
      <Symbol>
        <Component Name="0_0" />
      </Symbol>
    </Access>
    <Access Scope="LocalVariable" UId="23">
      <Symbol>
        <Component Name="0.1" />
      </Symbol>
    </Access>
    <Access Scope="LocalVariable" UId="24">
      <Symbol>
        <Component Name="0_1" />
      </Symbol>
    </Access>
    <Access Scope="LocalVariable" UId="25">
      <Symbol>
        <Component Name="0.2" />
      </Symbol>
    </Access>
    <Access Scope="LocalVariable" UId="26">
      <Symbol>
        <Component Name="0_2" />
      </Symbol>
    </Access>
    <Access Scope="LocalVariable" UId="27">
      <Symbol>
        <Component Name="0.3" />
      </Symbol>
    </Access>
    <Access Scope="LocalVariable" UId="28">
      <Symbol>
        <Component Name="0_3" />
      </Symbol>
    </Access>
    <Access Scope="LocalVariable" UId="29">
      <Symbol>
        <Component Name="0.4" />
      </Symbol>
    </Access>
    <Access Scope="LocalVariable" UId="30">
      <Symbol>
        <Component Name="0_4" />
      </Symbol>
    </Access>
    <Access Scope="LocalVariable" UId="31">
      <Symbol>
        <Component Name="0.5" />
      </Symbol>
    </Access>
    <Access Scope="LocalVariable" UId="32">
      <Symbol>
        <Component Name="0_5" />
      </Symbol>
    </Access>
    <Access Scope="LocalVariable" UId="33">
      <Symbol>
        <Component Name="0.6" />
      </Symbol>
    </Access>
    <Access Scope="LocalVariable" UId="34">
      <Symbol>
        <Component Name="0_6" />
      </Symbol>
    </Access>
    <Access Scope="LocalVariable" UId="35">
      <Symbol>
        <Component Name="0.7" />
      </Symbol>
    </Access>
    <Access Scope="LocalVariable" UId="36">
      <Symbol>
        <Component Name="0_7" />
      </Symbol>
    </Access>
    <Part Name="Contact" UId="37" />
    <Part Name="Coil" UId="38" />
    <Part Name="Contact" UId="39" />
    <Part Name="Coil" UId="40" />
    <Part Name="Contact" UId="41" />
    <Part Name="Coil" UId="42" />
    <Part Name="Contact" UId="43" />
    <Part Name="Coil" UId="44" />
    <Part Name="Contact" UId="45" />
    <Part Name="Coil" UId="46" />
    <Part Name="Contact" UId="47" />
    <Part Name="Coil" UId="48" />
    <Part Name="Contact" UId="49" />
    <Part Name="Coil" UId="50" />
    <Part Name="Contact" UId="51" />
    <Part Name="Coil" UId="52" />
  </Parts>
  <Wires>
    <Wire UId="53">
      <Powerrail />
      <NameCon UId="37" Name="in" />
      <NameCon UId="39" Name="in" />
      <NameCon UId="41" Name="in" />
      <NameCon UId="43" Name="in" />
      <NameCon UId="45" Name="in" />
      <NameCon UId="47" Name="in" />
      <NameCon UId="49" Name="in" />
      <NameCon UId="51" Name="in" />
    </Wire>
    <Wire UId="54">
      <IdentCon UId="21" />
      <NameCon UId="37" Name="operand" />
    </Wire>
    <Wire UId="55">
      <NameCon UId="37" Name="out" />
      <NameCon UId="38" Name="in" />
    </Wire>
    <Wire UId="56">
      <IdentCon UId="22" />
      <NameCon UId="38" Name="operand" />
    </Wire>
    <Wire UId="57">
      <IdentCon UId="23" />
      <NameCon UId="39" Name="operand" />
    </Wire>
    <Wire UId="58">
      <NameCon UId="39" Name="out" />
      <NameCon UId="40" Name="in" />
    </Wire>
    <Wire UId="59">
      <IdentCon UId="24" />
      <NameCon UId="40" Name="operand" />
    </Wire>
    <Wire UId="60">
      <IdentCon UId="25" />
      <NameCon UId="41" Name="operand" />
    </Wire>
    <Wire UId="61">
      <NameCon UId="41" Name="out" />
      <NameCon UId="42" Name="in" />
    </Wire>
    <Wire UId="62">
      <IdentCon UId="26" />
      <NameCon UId="42" Name="operand" />
    </Wire>
    <Wire UId="63">
      <IdentCon UId="27" />
      <NameCon UId="43" Name="operand" />
    </Wire>
    <Wire UId="64">
      <NameCon UId="43" Name="out" />
      <NameCon UId="44" Name="in" />
    </Wire>
    <Wire UId="65">
      <IdentCon UId="28" />
      <NameCon UId="44" Name="operand" />
    </Wire>
    <Wire UId="66">
      <IdentCon UId="29" />
      <NameCon UId="45" Name="operand" />
    </Wire>
    <Wire UId="67">
      <NameCon UId="45" Name="out" />
      <NameCon UId="46" Name="in" />
    </Wire>
    <Wire UId="68">
      <IdentCon UId="30" />
      <NameCon UId="46" Name="operand" />
    </Wire>
    <Wire UId="69">
      <IdentCon UId="31" />
      <NameCon UId="47" Name="operand" />
    </Wire>
    <Wire UId="70">
      <NameCon UId="47" Name="out" />
      <NameCon UId="48" Name="in" />
    </Wire>
    <Wire UId="71">
      <IdentCon UId="32" />
      <NameCon UId="48" Name="operand" />
    </Wire>
    <Wire UId="72">
      <IdentCon UId="33" />
      <NameCon UId="49" Name="operand" />
    </Wire>
    <Wire UId="73">
      <NameCon UId="49" Name="out" />
      <NameCon UId="50" Name="in" />
    </Wire>
    <Wire UId="74">
      <IdentCon UId="34" />
      <NameCon UId="50" Name="operand" />
    </Wire>
    <Wire UId="75">
      <IdentCon UId="35" />
      <NameCon UId="51" Name="operand" />
    </Wire>
    <Wire UId="76">
      <NameCon UId="51" Name="out" />
      <NameCon UId="52" Name="in" />
    </Wire>
    <Wire UId="77">
      <IdentCon UId="36" />
      <NameCon UId="52" Name="operand" />
    </Wire>
  </Wires>
</FlgNet></NetworkSource>
          <ProgrammingLanguage>LAD</ProgrammingLanguage>
        </AttributeList>
        <ObjectList>
          <MultilingualText ID="E" CompositionName="Comment">
            <ObjectList>
              <MultilingualTextItem ID="F" CompositionName="Items">
                <AttributeList>
                  <Culture>en-US</Culture>
                  <Text />
                </AttributeList>
              </MultilingualTextItem>
            </ObjectList>
          </MultilingualText>
          <MultilingualText ID="10" CompositionName="Title">
            <ObjectList>
              <MultilingualTextItem ID="11" CompositionName="Items">
                <AttributeList>
                  <Culture>en-US</Culture>
                  <Text />
                </AttributeList>
              </MultilingualTextItem>
            </ObjectList>
          </MultilingualText>
        </ObjectList>
      </SW.Blocks.CompileUnit>
      <SW.Blocks.CompileUnit ID="12" CompositionName="CompileUnits">
        <AttributeList>
          <NetworkSource />
          <ProgrammingLanguage>LAD</ProgrammingLanguage>
        </AttributeList>
        <ObjectList>
          <MultilingualText ID="13" CompositionName="Comment">
            <ObjectList>
              <MultilingualTextItem ID="14" CompositionName="Items">
                <AttributeList>
                  <Culture>en-US</Culture>
                  <Text />
                </AttributeList>
              </MultilingualTextItem>
            </ObjectList>
          </MultilingualText>
          <MultilingualText ID="15" CompositionName="Title">
            <ObjectList>
              <MultilingualTextItem ID="16" CompositionName="Items">
                <AttributeList>
                  <Culture>en-US</Culture>
                  <Text />
                </AttributeList>
              </MultilingualTextItem>
            </ObjectList>
          </MultilingualText>
        </ObjectList>
      </SW.Blocks.CompileUnit>
      <MultilingualText ID="17" CompositionName="Title">
        <ObjectList>
          <MultilingualTextItem ID="18" CompositionName="Items">
            <AttributeList>
              <Culture>en-US</Culture>
              <Text />
            </AttributeList>
          </MultilingualTextItem>
        </ObjectList>
      </MultilingualText>
    </ObjectList>
  </SW.Blocks.FC>
</Document>