﻿<?xml version="1.0" encoding="utf-8"?>
<Document>
  <Engineering version="V15.1" />
  <DocumentInfo>
    <Created>2026-01-09T13:45:12.2358869Z</Created>
    <ExportSetting>WithDefaults, WithReadOnly</ExportSetting>
    <InstalledProducts>
      <Product>
        <DisplayName>Totally Integrated Automation Portal</DisplayName>
        <DisplayVersion>V15.1 Update 8</DisplayVersion>
      </Product>
      <OptionPackage>
        <DisplayName>TIA Portal Openness</DisplayName>
        <DisplayVersion>V15.1 Update 8</DisplayVersion>
      </OptionPackage>
      <Product>
        <DisplayName>STEP 7 Professional</DisplayName>
        <DisplayVersion>V15.1 Update 8</DisplayVersion>
      </Product>
      <Product>
        <DisplayName>WinCC Advanced</DisplayName>
        <DisplayVersion>V15.1 Update 8</DisplayVersion>
      </Product>
    </InstalledProducts>
  </DocumentInfo>
  <SW.Blocks.FC ID="0">
    <AttributeList>
      <AutoNumber>false</AutoNumber>
      <CodeModifiedDate ReadOnly="true">2025-08-27T17:07:28.4518091Z</CodeModifiedDate>
      <CompileDate ReadOnly="true">2025-08-30T17:40:35.2673041Z</CompileDate>
      <CreationDate ReadOnly="true">2024-10-12T12:36:08.0193576Z</CreationDate>
      <HandleErrorsWithinBlock ReadOnly="true">false</HandleErrorsWithinBlock>
      <HeaderAuthor />
      <HeaderFamily />
      <HeaderName />
      <HeaderVersion>0.1</HeaderVersion>
      <Interface><Sections xmlns="http://www.siemens.com/automation/Openness/SW/Interface/v3">
  <Section Name="Input">
    <Member Name="A1" Datatype="Bool" Accessibility="Public" />
    <Member Name="M1" Datatype="Bool" Accessibility="Public" />
    <Member Name="A2" Datatype="Bool" Accessibility="Public" />
    <Member Name="M2" Datatype="Bool" Accessibility="Public" />
    <Member Name="A3" Datatype="Bool" Accessibility="Public" />
    <Member Name="M3" Datatype="Bool" Accessibility="Public" />
    <Member Name="A4" Datatype="Bool" Accessibility="Public" />
    <Member Name="M4" Datatype="Bool" Accessibility="Public" />
  </Section>
  <Section Name="Output">
    <Member Name="OUT1" Datatype="Bool" Accessibility="Public" />
    <Member Name="OUT2" Datatype="Bool" Accessibility="Public" />
    <Member Name="OUT3" Datatype="Bool" Accessibility="Public" />
    <Member Name="OUT4" Datatype="Bool" Accessibility="Public" />
  </Section>
  <Section Name="InOut" />
  <Section Name="Temp" />
  <Section Name="Constant" />
  <Section Name="Return">
    <Member Name="Ret_Val" Datatype="Void" Accessibility="Public" />
  </Section>
</Sections></Interface>
      <InterfaceModifiedDate ReadOnly="true">2022-06-07T03:40:45.7898546Z</InterfaceModifiedDate>
      <IsConsistent ReadOnly="true">true</IsConsistent>
      <IsIECCheckEnabled>false</IsIECCheckEnabled>
      <IsKnowHowProtected ReadOnly="true">false</IsKnowHowProtected>
      <IsWriteProtected ReadOnly="true">false</IsWriteProtected>
      <LibraryConformanceStatus ReadOnly="true">The object is library-conformant.</LibraryConformanceStatus>
      <MemoryLayout>Optimized</MemoryLayout>
      <ModifiedDate ReadOnly="true">2025-08-27T17:07:28.4518091Z</ModifiedDate>
      <Name>3.OUTPUT_PLC</Name>
      <Number>3</Number>
      <ParameterModified ReadOnly="true">2022-06-07T03:40:45.7898546Z</ParameterModified>
      <PLCSimAdvancedSupport ReadOnly="true">false</PLCSimAdvancedSupport>
      <ProgrammingLanguage>LAD</ProgrammingLanguage>
      <SetENOAutomatically>False</SetENOAutomatically>
      <StructureModified ReadOnly="true">2022-06-07T03:40:45.7898546Z</StructureModified>
      <UDABlockProperties />
      <UDAEnableTagReadback>false</UDAEnableTagReadback>
    </AttributeList>
    <ObjectList>
      <MultilingualText ID="1" CompositionName="Comment">
        <ObjectList>
          <MultilingualTextItem ID="2" CompositionName="Items">
            <AttributeList>
              <Culture>en-US</Culture>
              <Text />
            </AttributeList>
          </MultilingualTextItem>
        </ObjectList>
      </MultilingualText>
      <SW.Blocks.CompileUnit ID="3" CompositionName="CompileUnits">
        <AttributeList>
          <NetworkSource><FlgNet xmlns="http://www.siemens.com/automation/Openness/SW/NetworkSource/FlgNet/v3">
  <Parts>
    <Access Scope="LocalVariable" UId="21">
      <Symbol>
        <Component Name="A1" />
      </Symbol>
    </Access>
    <Access Scope="LocalVariable" UId="22">
      <Symbol>
        <Component Name="M1" />
      </Symbol>
    </Access>
    <Access Scope="LocalVariable" UId="23">
      <Symbol>
        <Component Name="OUT1" />
      </Symbol>
    </Access>
    <Part Name="Contact" UId="24" />
    <Part Name="Contact" UId="25" />
    <Part Name="O" UId="26">
      <TemplateValue Name="Card" Type="Cardinality">2</TemplateValue>
    </Part>
    <Part Name="Coil" UId="27" />
  </Parts>
  <Wires>
    <Wire UId="28">
      <Powerrail />
      <NameCon UId="24" Name="in" />
      <NameCon UId="25" Name="in" />
    </Wire>
    <Wire UId="29">
      <IdentCon UId="21" />
      <NameCon UId="24" Name="operand" />
    </Wire>
    <Wire UId="30">
      <NameCon UId="24" Name="out" />
      <NameCon UId="26" Name="in1" />
    </Wire>
    <Wire UId="31">
      <IdentCon UId="22" />
      <NameCon UId="25" Name="operand" />
    </Wire>
    <Wire UId="32">
      <NameCon UId="25" Name="out" />
      <NameCon UId="26" Name="in2" />
    </Wire>
    <Wire UId="33">
      <NameCon UId="26" Name="out" />
      <NameCon UId="27" Name="in" />
    </Wire>
    <Wire UId="34">
      <IdentCon UId="23" />
      <NameCon UId="27" Name="operand" />
    </Wire>
  </Wires>
</FlgNet></NetworkSource>
          <ProgrammingLanguage>LAD</ProgrammingLanguage>
        </AttributeList>
        <ObjectList>
          <MultilingualText ID="4" CompositionName="Comment">
            <ObjectList>
              <MultilingualTextItem ID="5" CompositionName="Items">
                <AttributeList>
                  <Culture>en-US</Culture>
                  <Text />
                </AttributeList>
              </MultilingualTextItem>
            </ObjectList>
          </MultilingualText>
          <MultilingualText ID="6" CompositionName="Title">
            <ObjectList>
              <MultilingualTextItem ID="7" CompositionName="Items">
                <AttributeList>
                  <Culture>en-US</Culture>
                  <Text />
                </AttributeList>
              </MultilingualTextItem>
            </ObjectList>
          </MultilingualText>
        </ObjectList>
      </SW.Blocks.CompileUnit>
      <SW.Blocks.CompileUnit ID="8" CompositionName="CompileUnits">
        <AttributeList>
          <NetworkSource><FlgNet xmlns="http://www.siemens.com/automation/Openness/SW/NetworkSource/FlgNet/v3">
  <Parts>
    <Access Scope="LocalVariable" UId="21">
      <Symbol>
        <Component Name="A2" />
      </Symbol>
    </Access>
    <Access Scope="LocalVariable" UId="22">
      <Symbol>
        <Component Name="M2" />
      </Symbol>
    </Access>
    <Access Scope="LocalVariable" UId="23">
      <Symbol>
        <Component Name="OUT2" />
      </Symbol>
    </Access>
    <Part Name="Contact" UId="24" />
    <Part Name="Contact" UId="25" />
    <Part Name="O" UId="26">
      <TemplateValue Name="Card" Type="Cardinality">2</TemplateValue>
    </Part>
    <Part Name="Coil" UId="27" />
  </Parts>
  <Wires>
    <Wire UId="28">
      <Powerrail />
      <NameCon UId="24" Name="in" />
      <NameCon UId="25" Name="in" />
    </Wire>
    <Wire UId="29">
      <IdentCon UId="21" />
      <NameCon UId="24" Name="operand" />
    </Wire>
    <Wire UId="30">
      <NameCon UId="24" Name="out" />
      <NameCon UId="26" Name="in1" />
    </Wire>
    <Wire UId="31">
      <IdentCon UId="22" />
      <NameCon UId="25" Name="operand" />
    </Wire>
    <Wire UId="32">
      <NameCon UId="25" Name="out" />
      <NameCon UId="26" Name="in2" />
    </Wire>
    <Wire UId="33">
      <NameCon UId="26" Name="out" />
      <NameCon UId="27" Name="in" />
    </Wire>
    <Wire UId="34">
      <IdentCon UId="23" />
      <NameCon UId="27" Name="operand" />
    </Wire>
  </Wires>
</FlgNet></NetworkSource>
          <ProgrammingLanguage>LAD</ProgrammingLanguage>
        </AttributeList>
        <ObjectList>
          <MultilingualText ID="9" CompositionName="Comment">
            <ObjectList>
              <MultilingualTextItem ID="A" CompositionName="Items">
                <AttributeList>
                  <Culture>en-US</Culture>
                  <Text />
                </AttributeList>
              </MultilingualTextItem>
            </ObjectList>
          </MultilingualText>
          <MultilingualText ID="B" CompositionName="Title">
            <ObjectList>
              <MultilingualTextItem ID="C" CompositionName="Items">
                <AttributeList>
                  <Culture>en-US</Culture>
                  <Text />
                </AttributeList>
              </MultilingualTextItem>
            </ObjectList>
          </MultilingualText>
        </ObjectList>
      </SW.Blocks.CompileUnit>
      <SW.Blocks.CompileUnit ID="D" CompositionName="CompileUnits">
        <AttributeList>
          <NetworkSource><FlgNet xmlns="http://www.siemens.com/automation/Openness/SW/NetworkSource/FlgNet/v3">
  <Parts>
    <Access Scope="LocalVariable" UId="21">
      <Symbol>
        <Component Name="A3" />
      </Symbol>
    </Access>
    <Access Scope="LocalVariable" UId="22">
      <Symbol>
        <Component Name="M3" />
      </Symbol>
    </Access>
    <Access Scope="LocalVariable" UId="23">
      <Symbol>
        <Component Name="OUT3" />
      </Symbol>
    </Access>
    <Part Name="Contact" UId="24" />
    <Part Name="Contact" UId="25" />
    <Part Name="O" UId="26">
      <TemplateValue Name="Card" Type="Cardinality">2</TemplateValue>
    </Part>
    <Part Name="Coil" UId="27" />
  </Parts>
  <Wires>
    <Wire UId="28">
      <Powerrail />
      <NameCon UId="24" Name="in" />
      <NameCon UId="25" Name="in" />
    </Wire>
    <Wire UId="29">
      <IdentCon UId="21" />
      <NameCon UId="24" Name="operand" />
    </Wire>
    <Wire UId="30">
      <NameCon UId="24" Name="out" />
      <NameCon UId="26" Name="in1" />
    </Wire>
    <Wire UId="31">
      <IdentCon UId="22" />
      <NameCon UId="25" Name="operand" />
    </Wire>
    <Wire UId="32">
      <NameCon UId="25" Name="out" />
      <NameCon UId="26" Name="in2" />
    </Wire>
    <Wire UId="33">
      <NameCon UId="26" Name="out" />
      <NameCon UId="27" Name="in" />
    </Wire>
    <Wire UId="34">
      <IdentCon UId="23" />
      <NameCon UId="27" Name="operand" />
    </Wire>
  </Wires>
</FlgNet></NetworkSource>
          <ProgrammingLanguage>LAD</ProgrammingLanguage>
        </AttributeList>
        <ObjectList>
          <MultilingualText ID="E" CompositionName="Comment">
            <ObjectList>
              <MultilingualTextItem ID="F" CompositionName="Items">
                <AttributeList>
                  <Culture>en-US</Culture>
                  <Text />
                </AttributeList>
              </MultilingualTextItem>
            </ObjectList>
          </MultilingualText>
          <MultilingualText ID="10" CompositionName="Title">
            <ObjectList>
              <MultilingualTextItem ID="11" CompositionName="Items">
                <AttributeList>
                  <Culture>en-US</Culture>
                  <Text />
                </AttributeList>
              </MultilingualTextItem>
            </ObjectList>
          </MultilingualText>
        </ObjectList>
      </SW.Blocks.CompileUnit>
      <SW.Blocks.CompileUnit ID="12" CompositionName="CompileUnits">
        <AttributeList>
          <NetworkSource><FlgNet xmlns="http://www.siemens.com/automation/Openness/SW/NetworkSource/FlgNet/v3">
  <Parts>
    <Access Scope="LocalVariable" UId="21">
      <Symbol>
        <Component Name="A4" />
      </Symbol>
    </Access>
    <Access Scope="LocalVariable" UId="22">
      <Symbol>
        <Component Name="M4" />
      </Symbol>
    </Access>
    <Access Scope="LocalVariable" UId="23">
      <Symbol>
        <Component Name="OUT4" />
      </Symbol>
    </Access>
    <Part Name="Contact" UId="24" />
    <Part Name="Contact" UId="25" />
    <Part Name="O" UId="26">
      <TemplateValue Name="Card" Type="Cardinality">2</TemplateValue>
    </Part>
    <Part Name="Coil" UId="27" />
  </Parts>
  <Wires>
    <Wire UId="28">
      <Powerrail />
      <NameCon UId="24" Name="in" />
      <NameCon UId="25" Name="in" />
    </Wire>
    <Wire UId="29">
      <IdentCon UId="21" />
      <NameCon UId="24" Name="operand" />
    </Wire>
    <Wire UId="30">
      <NameCon UId="24" Name="out" />
      <NameCon UId="26" Name="in1" />
    </Wire>
    <Wire UId="31">
      <IdentCon UId="22" />
      <NameCon UId="25" Name="operand" />
    </Wire>
    <Wire UId="32">
      <NameCon UId="25" Name="out" />
      <NameCon UId="26" Name="in2" />
    </Wire>
    <Wire UId="33">
      <NameCon UId="26" Name="out" />
      <NameCon UId="27" Name="in" />
    </Wire>
    <Wire UId="34">
      <IdentCon UId="23" />
      <NameCon UId="27" Name="operand" />
    </Wire>
  </Wires>
</FlgNet></NetworkSource>
          <ProgrammingLanguage>LAD</ProgrammingLanguage>
        </AttributeList>
        <ObjectList>
          <MultilingualText ID="13" CompositionName="Comment">
            <ObjectList>
              <MultilingualTextItem ID="14" CompositionName="Items">
                <AttributeList>
                  <Culture>en-US</Culture>
                  <Text />
                </AttributeList>
              </MultilingualTextItem>
            </ObjectList>
          </MultilingualText>
          <MultilingualText ID="15" CompositionName="Title">
            <ObjectList>
              <MultilingualTextItem ID="16" CompositionName="Items">
                <AttributeList>
                  <Culture>en-US</Culture>
                  <Text />
                </AttributeList>
              </MultilingualTextItem>
            </ObjectList>
          </MultilingualText>
        </ObjectList>
      </SW.Blocks.CompileUnit>
      <SW.Blocks.CompileUnit ID="17" CompositionName="CompileUnits">
        <AttributeList>
          <NetworkSource />
          <ProgrammingLanguage>LAD</ProgrammingLanguage>
        </AttributeList>
        <ObjectList>
          <MultilingualText ID="18" CompositionName="Comment">
            <ObjectList>
              <MultilingualTextItem ID="19" CompositionName="Items">
                <AttributeList>
                  <Culture>en-US</Culture>
                  <Text />
                </AttributeList>
              </MultilingualTextItem>
            </ObjectList>
          </MultilingualText>
          <MultilingualText ID="1A" CompositionName="Title">
            <ObjectList>
              <MultilingualTextItem ID="1B" CompositionName="Items">
                <AttributeList>
                  <Culture>en-US</Culture>
                  <Text />
                </AttributeList>
              </MultilingualTextItem>
            </ObjectList>
          </MultilingualText>
        </ObjectList>
      </SW.Blocks.CompileUnit>
      <MultilingualText ID="1C" CompositionName="Title">
        <ObjectList>
          <MultilingualTextItem ID="1D" CompositionName="Items">
            <AttributeList>
              <Culture>en-US</Culture>
              <Text />
            </AttributeList>
          </MultilingualTextItem>
        </ObjectList>
      </MultilingualText>
    </ObjectList>
  </SW.Blocks.FC>
</Document>