﻿<?xml version="1.0" encoding="utf-8"?>
<Document>
  <Engineering version="V15.1" />
  <DocumentInfo>
    <Created>2026-01-09T13:45:12.3040776Z</Created>
    <ExportSetting>WithDefaults, WithReadOnly</ExportSetting>
    <InstalledProducts>
      <Product>
        <DisplayName>Totally Integrated Automation Portal</DisplayName>
        <DisplayVersion>V15.1 Update 8</DisplayVersion>
      </Product>
      <OptionPackage>
        <DisplayName>TIA Portal Openness</DisplayName>
        <DisplayVersion>V15.1 Update 8</DisplayVersion>
      </OptionPackage>
      <Product>
        <DisplayName>STEP 7 Professional</DisplayName>
        <DisplayVersion>V15.1 Update 8</DisplayVersion>
      </Product>
      <Product>
        <DisplayName>WinCC Advanced</DisplayName>
        <DisplayVersion>V15.1 Update 8</DisplayVersion>
      </Product>
    </InstalledProducts>
  </DocumentInfo>
  <SW.Blocks.FB ID="0">
    <AttributeList>
      <AutoNumber>false</AutoNumber>
      <CodeModifiedDate ReadOnly="true">2025-08-27T17:11:43.2955348Z</CodeModifiedDate>
      <CompileDate ReadOnly="true">2025-08-30T17:40:35.1660868Z</CompileDate>
      <CreationDate ReadOnly="true">2024-10-12T12:36:08.0193576Z</CreationDate>
      <DownloadWithoutReinit ReadOnly="true">false</DownloadWithoutReinit>
      <HandleErrorsWithinBlock ReadOnly="true">false</HandleErrorsWithinBlock>
      <HeaderAuthor />
      <HeaderFamily />
      <HeaderName />
      <HeaderVersion>0.1</HeaderVersion>
      <Interface><Sections xmlns="http://www.siemens.com/automation/Openness/SW/Interface/v3">
  <Section Name="Input">
    <Member Name="NN_RUN" Datatype="Bool" Remanence="NonRetain" Accessibility="Public"><AttributeList><BooleanAttribute Name="ExternalAccessible" SystemDefined="true">true</BooleanAttribute><BooleanAttribute Name="ExternalVisible" SystemDefined="true">true</BooleanAttribute><BooleanAttribute Name="ExternalWritable" SystemDefined="true">true</BooleanAttribute><BooleanAttribute Name="UserVisible" Informative="true" SystemDefined="true">true</BooleanAttribute><BooleanAttribute Name="UserReadOnly" Informative="true" SystemDefined="true">false</BooleanAttribute><BooleanAttribute Name="UserDeletable" Informative="true" SystemDefined="true">true</BooleanAttribute></AttributeList></Member>
    <Member Name="NN_STOP" Datatype="Bool" Remanence="NonRetain" Accessibility="Public"><AttributeList><BooleanAttribute Name="ExternalAccessible" SystemDefined="true">true</BooleanAttribute><BooleanAttribute Name="ExternalVisible" SystemDefined="true">true</BooleanAttribute><BooleanAttribute Name="ExternalWritable" SystemDefined="true">true</BooleanAttribute><BooleanAttribute Name="UserVisible" Informative="true" SystemDefined="true">true</BooleanAttribute><BooleanAttribute Name="UserReadOnly" Informative="true" SystemDefined="true">false</BooleanAttribute><BooleanAttribute Name="UserDeletable" Informative="true" SystemDefined="true">true</BooleanAttribute></AttributeList></Member>
    <Member Name="SW_SIM" Datatype="Bool" Remanence="NonRetain" Accessibility="Public"><AttributeList><BooleanAttribute Name="ExternalAccessible" SystemDefined="true">true</BooleanAttribute><BooleanAttribute Name="ExternalVisible" SystemDefined="true">true</BooleanAttribute><BooleanAttribute Name="ExternalWritable" SystemDefined="true">true</BooleanAttribute><BooleanAttribute Name="UserVisible" Informative="true" SystemDefined="true">true</BooleanAttribute><BooleanAttribute Name="UserReadOnly" Informative="true" SystemDefined="true">false</BooleanAttribute><BooleanAttribute Name="UserDeletable" Informative="true" SystemDefined="true">true</BooleanAttribute></AttributeList></Member>
    <Member Name="SW_MAN" Datatype="Bool" Remanence="NonRetain" Accessibility="Public"><AttributeList><BooleanAttribute Name="ExternalAccessible" SystemDefined="true">true</BooleanAttribute><BooleanAttribute Name="ExternalVisible" SystemDefined="true">true</BooleanAttribute><BooleanAttribute Name="ExternalWritable" SystemDefined="true">true</BooleanAttribute><BooleanAttribute Name="UserVisible" Informative="true" SystemDefined="true">true</BooleanAttribute><BooleanAttribute Name="UserReadOnly" Informative="true" SystemDefined="true">false</BooleanAttribute><BooleanAttribute Name="UserDeletable" Informative="true" SystemDefined="true">true</BooleanAttribute></AttributeList></Member>
    <Member Name="SW_AUT" Datatype="Bool" Remanence="NonRetain" Accessibility="Public"><AttributeList><BooleanAttribute Name="ExternalAccessible" SystemDefined="true">true</BooleanAttribute><BooleanAttribute Name="ExternalVisible" SystemDefined="true">true</BooleanAttribute><BooleanAttribute Name="ExternalWritable" SystemDefined="true">true</BooleanAttribute><BooleanAttribute Name="UserVisible" Informative="true" SystemDefined="true">true</BooleanAttribute><BooleanAttribute Name="UserReadOnly" Informative="true" SystemDefined="true">false</BooleanAttribute><BooleanAttribute Name="UserDeletable" Informative="true" SystemDefined="true">true</BooleanAttribute></AttributeList></Member>
  </Section>
  <Section Name="Output">
    <Member Name="RUN" Datatype="Bool" Remanence="NonRetain" Accessibility="Public"><AttributeList><BooleanAttribute Name="ExternalAccessible" SystemDefined="true">true</BooleanAttribute><BooleanAttribute Name="ExternalVisible" SystemDefined="true">true</BooleanAttribute><BooleanAttribute Name="ExternalWritable" SystemDefined="true">true</BooleanAttribute><BooleanAttribute Name="UserVisible" Informative="true" SystemDefined="true">true</BooleanAttribute><BooleanAttribute Name="UserReadOnly" Informative="true" SystemDefined="true">false</BooleanAttribute><BooleanAttribute Name="UserDeletable" Informative="true" SystemDefined="true">true</BooleanAttribute></AttributeList></Member>
    <Member Name="SIM" Datatype="Bool" Remanence="NonRetain" Accessibility="Public"><AttributeList><BooleanAttribute Name="ExternalAccessible" SystemDefined="true">true</BooleanAttribute><BooleanAttribute Name="ExternalVisible" SystemDefined="true">true</BooleanAttribute><BooleanAttribute Name="ExternalWritable" SystemDefined="true">true</BooleanAttribute><BooleanAttribute Name="UserVisible" Informative="true" SystemDefined="true">true</BooleanAttribute><BooleanAttribute Name="UserReadOnly" Informative="true" SystemDefined="true">false</BooleanAttribute><BooleanAttribute Name="UserDeletable" Informative="true" SystemDefined="true">true</BooleanAttribute></AttributeList></Member>
    <Member Name="MAN" Datatype="Bool" Remanence="NonRetain" Accessibility="Public"><AttributeList><BooleanAttribute Name="ExternalAccessible" SystemDefined="true">true</BooleanAttribute><BooleanAttribute Name="ExternalVisible" SystemDefined="true">true</BooleanAttribute><BooleanAttribute Name="ExternalWritable" SystemDefined="true">true</BooleanAttribute><BooleanAttribute Name="UserVisible" Informative="true" SystemDefined="true">true</BooleanAttribute><BooleanAttribute Name="UserReadOnly" Informative="true" SystemDefined="true">false</BooleanAttribute><BooleanAttribute Name="UserDeletable" Informative="true" SystemDefined="true">true</BooleanAttribute></AttributeList></Member>
    <Member Name="AUT" Datatype="Bool" Remanence="NonRetain" Accessibility="Public"><AttributeList><BooleanAttribute Name="ExternalAccessible" SystemDefined="true">true</BooleanAttribute><BooleanAttribute Name="ExternalVisible" SystemDefined="true">true</BooleanAttribute><BooleanAttribute Name="ExternalWritable" SystemDefined="true">true</BooleanAttribute><BooleanAttribute Name="UserVisible" Informative="true" SystemDefined="true">true</BooleanAttribute><BooleanAttribute Name="UserReadOnly" Informative="true" SystemDefined="true">false</BooleanAttribute><BooleanAttribute Name="UserDeletable" Informative="true" SystemDefined="true">true</BooleanAttribute></AttributeList></Member>
  </Section>
  <Section Name="InOut" />
  <Section Name="Static">
    <Member Name="TEMP1" Datatype="Bool" Remanence="NonRetain" Accessibility="Public"><AttributeList><BooleanAttribute Name="ExternalAccessible" SystemDefined="true">true</BooleanAttribute><BooleanAttribute Name="ExternalVisible" SystemDefined="true">true</BooleanAttribute><BooleanAttribute Name="ExternalWritable" SystemDefined="true">true</BooleanAttribute><BooleanAttribute Name="UserVisible" Informative="true" SystemDefined="true">true</BooleanAttribute><BooleanAttribute Name="UserReadOnly" Informative="true" SystemDefined="true">false</BooleanAttribute><BooleanAttribute Name="UserDeletable" Informative="true" SystemDefined="true">true</BooleanAttribute><BooleanAttribute Name="SetPoint" SystemDefined="true">false</BooleanAttribute></AttributeList></Member>
    <Member Name="TEMP2" Datatype="Bool" Remanence="NonRetain" Accessibility="Public"><AttributeList><BooleanAttribute Name="ExternalAccessible" SystemDefined="true">true</BooleanAttribute><BooleanAttribute Name="ExternalVisible" SystemDefined="true">true</BooleanAttribute><BooleanAttribute Name="ExternalWritable" SystemDefined="true">true</BooleanAttribute><BooleanAttribute Name="UserVisible" Informative="true" SystemDefined="true">true</BooleanAttribute><BooleanAttribute Name="UserReadOnly" Informative="true" SystemDefined="true">false</BooleanAttribute><BooleanAttribute Name="UserDeletable" Informative="true" SystemDefined="true">true</BooleanAttribute><BooleanAttribute Name="SetPoint" SystemDefined="true">false</BooleanAttribute></AttributeList></Member>
  </Section>
  <Section Name="Temp" />
  <Section Name="Constant" />
</Sections></Interface>
      <InterfaceModifiedDate ReadOnly="true">2023-07-24T14:42:19.3789304Z</InterfaceModifiedDate>
      <IsConsistent ReadOnly="true">true</IsConsistent>
      <IsIECCheckEnabled>false</IsIECCheckEnabled>
      <IsKnowHowProtected ReadOnly="true">false</IsKnowHowProtected>
      <IsRetainMemResEnabled>false</IsRetainMemResEnabled>
      <IsWriteProtected ReadOnly="true">false</IsWriteProtected>
      <LibraryConformanceStatus ReadOnly="true">The object is library-conformant.</LibraryConformanceStatus>
      <MemoryLayout>Optimized</MemoryLayout>
      <MemoryReserve>100</MemoryReserve>
      <ModifiedDate ReadOnly="true">2025-08-27T17:11:43.2955348Z</ModifiedDate>
      <Name>3.RUN_MODE</Name>
      <Number>3</Number>
      <ParameterModified ReadOnly="true">2023-07-24T14:41:56.9787559Z</ParameterModified>
      <PLCSimAdvancedSupport ReadOnly="true">false</PLCSimAdvancedSupport>
      <ProgrammingLanguage>LAD</ProgrammingLanguage>
      <SetENOAutomatically>False</SetENOAutomatically>
      <StructureModified ReadOnly="true">2023-07-24T14:42:19.3789304Z</StructureModified>
      <UDABlockProperties />
      <UDAEnableTagReadback>false</UDAEnableTagReadback>
    </AttributeList>
    <ObjectList>
      <MultilingualText ID="1" CompositionName="Comment">
        <ObjectList>
          <MultilingualTextItem ID="2" CompositionName="Items">
            <AttributeList>
              <Culture>en-US</Culture>
              <Text />
            </AttributeList>
          </MultilingualTextItem>
        </ObjectList>
      </MultilingualText>
      <SW.Blocks.CompileUnit ID="3" CompositionName="CompileUnits">
        <AttributeList>
          <NetworkSource><FlgNet xmlns="http://www.siemens.com/automation/Openness/SW/NetworkSource/FlgNet/v3">
  <Parts>
    <Access Scope="LocalVariable" UId="21">
      <Symbol>
        <Component Name="NN_RUN" />
      </Symbol>
    </Access>
    <Access Scope="LocalVariable" UId="22">
      <Symbol>
        <Component Name="TEMP1" />
      </Symbol>
    </Access>
    <Access Scope="LocalVariable" UId="23">
      <Symbol>
        <Component Name="NN_STOP" />
      </Symbol>
    </Access>
    <Access Scope="LocalVariable" UId="24">
      <Symbol>
        <Component Name="RUN" />
      </Symbol>
    </Access>
    <Access Scope="LocalVariable" UId="25">
      <Symbol>
        <Component Name="TEMP1" />
      </Symbol>
    </Access>
    <Access Scope="LocalVariable" UId="26">
      <Symbol>
        <Component Name="SW_SIM" />
      </Symbol>
    </Access>
    <Access Scope="LocalVariable" UId="27">
      <Symbol>
        <Component Name="TEMP1" />
      </Symbol>
    </Access>
    <Access Scope="LocalVariable" UId="28">
      <Symbol>
        <Component Name="TEMP2" />
      </Symbol>
    </Access>
    <Access Scope="LocalVariable" UId="29">
      <Symbol>
        <Component Name="NN_STOP" />
      </Symbol>
    </Access>
    <Access Scope="LocalVariable" UId="30">
      <Symbol>
        <Component Name="SIM" />
      </Symbol>
    </Access>
    <Access Scope="LocalVariable" UId="31">
      <Symbol>
        <Component Name="TEMP2" />
      </Symbol>
    </Access>
    <Part Name="Contact" UId="32" />
    <Part Name="Contact" UId="33" />
    <Part Name="O" UId="34">
      <TemplateValue Name="Card" Type="Cardinality">2</TemplateValue>
    </Part>
    <Part Name="Contact" UId="35">
      <Negated Name="operand" />
    </Part>
    <Part Name="Coil" UId="36" />
    <Part Name="Coil" UId="37" />
    <Part Name="Contact" UId="38" />
    <Part Name="Contact" UId="39">
      <Negated Name="operand" />
    </Part>
    <Part Name="Contact" UId="40" />
    <Part Name="O" UId="41">
      <TemplateValue Name="Card" Type="Cardinality">2</TemplateValue>
    </Part>
    <Part Name="Contact" UId="42">
      <Negated Name="operand" />
    </Part>
    <Part Name="Coil" UId="43" />
    <Part Name="Coil" UId="44" />
  </Parts>
  <Wires>
    <Wire UId="45">
      <Powerrail />
      <NameCon UId="32" Name="in" />
      <NameCon UId="33" Name="in" />
      <NameCon UId="38" Name="in" />
      <NameCon UId="40" Name="in" />
    </Wire>
    <Wire UId="46">
      <IdentCon UId="21" />
      <NameCon UId="32" Name="operand" />
    </Wire>
    <Wire UId="47">
      <NameCon UId="32" Name="out" />
      <NameCon UId="34" Name="in1" />
    </Wire>
    <Wire UId="48">
      <IdentCon UId="22" />
      <NameCon UId="33" Name="operand" />
    </Wire>
    <Wire UId="49">
      <NameCon UId="33" Name="out" />
      <NameCon UId="34" Name="in2" />
    </Wire>
    <Wire UId="50">
      <NameCon UId="34" Name="out" />
      <NameCon UId="35" Name="in" />
    </Wire>
    <Wire UId="51">
      <IdentCon UId="23" />
      <NameCon UId="35" Name="operand" />
    </Wire>
    <Wire UId="52">
      <NameCon UId="35" Name="out" />
      <NameCon UId="36" Name="in" />
      <NameCon UId="37" Name="in" />
    </Wire>
    <Wire UId="53">
      <IdentCon UId="24" />
      <NameCon UId="36" Name="operand" />
    </Wire>
    <Wire UId="54">
      <IdentCon UId="25" />
      <NameCon UId="37" Name="operand" />
    </Wire>
    <Wire UId="55">
      <IdentCon UId="26" />
      <NameCon UId="38" Name="operand" />
    </Wire>
    <Wire UId="56">
      <NameCon UId="38" Name="out" />
      <NameCon UId="39" Name="in" />
    </Wire>
    <Wire UId="57">
      <IdentCon UId="27" />
      <NameCon UId="39" Name="operand" />
    </Wire>
    <Wire UId="58">
      <NameCon UId="39" Name="out" />
      <NameCon UId="41" Name="in1" />
    </Wire>
    <Wire UId="59">
      <IdentCon UId="28" />
      <NameCon UId="40" Name="operand" />
    </Wire>
    <Wire UId="60">
      <NameCon UId="40" Name="out" />
      <NameCon UId="41" Name="in2" />
    </Wire>
    <Wire UId="61">
      <NameCon UId="41" Name="out" />
      <NameCon UId="42" Name="in" />
    </Wire>
    <Wire UId="62">
      <IdentCon UId="29" />
      <NameCon UId="42" Name="operand" />
    </Wire>
    <Wire UId="63">
      <NameCon UId="42" Name="out" />
      <NameCon UId="43" Name="in" />
      <NameCon UId="44" Name="in" />
    </Wire>
    <Wire UId="64">
      <IdentCon UId="30" />
      <NameCon UId="43" Name="operand" />
    </Wire>
    <Wire UId="65">
      <IdentCon UId="31" />
      <NameCon UId="44" Name="operand" />
    </Wire>
  </Wires>
</FlgNet></NetworkSource>
          <ProgrammingLanguage>LAD</ProgrammingLanguage>
        </AttributeList>
        <ObjectList>
          <MultilingualText ID="4" CompositionName="Comment">
            <ObjectList>
              <MultilingualTextItem ID="5" CompositionName="Items">
                <AttributeList>
                  <Culture>en-US</Culture>
                  <Text />
                </AttributeList>
              </MultilingualTextItem>
            </ObjectList>
          </MultilingualText>
          <MultilingualText ID="6" CompositionName="Title">
            <ObjectList>
              <MultilingualTextItem ID="7" CompositionName="Items">
                <AttributeList>
                  <Culture>en-US</Culture>
                  <Text />
                </AttributeList>
              </MultilingualTextItem>
            </ObjectList>
          </MultilingualText>
        </ObjectList>
      </SW.Blocks.CompileUnit>
      <SW.Blocks.CompileUnit ID="8" CompositionName="CompileUnits">
        <AttributeList>
          <NetworkSource><FlgNet xmlns="http://www.siemens.com/automation/Openness/SW/NetworkSource/FlgNet/v3">
  <Parts>
    <Access Scope="LocalVariable" UId="21">
      <Symbol>
        <Component Name="SW_MAN" />
      </Symbol>
    </Access>
    <Access Scope="LocalVariable" UId="22">
      <Symbol>
        <Component Name="SW_AUT" />
      </Symbol>
    </Access>
    <Access Scope="LocalVariable" UId="23">
      <Symbol>
        <Component Name="MAN" />
      </Symbol>
    </Access>
    <Access Scope="LocalVariable" UId="24">
      <Symbol>
        <Component Name="SW_MAN" />
      </Symbol>
    </Access>
    <Access Scope="LocalVariable" UId="25">
      <Symbol>
        <Component Name="SW_AUT" />
      </Symbol>
    </Access>
    <Access Scope="LocalVariable" UId="26">
      <Symbol>
        <Component Name="AUT" />
      </Symbol>
    </Access>
    <Part Name="Contact" UId="27" />
    <Part Name="Contact" UId="28">
      <Negated Name="operand" />
    </Part>
    <Part Name="Coil" UId="29" />
    <Part Name="Contact" UId="30">
      <Negated Name="operand" />
    </Part>
    <Part Name="Contact" UId="31" />
    <Part Name="Coil" UId="32" />
  </Parts>
  <Wires>
    <Wire UId="33">
      <Powerrail />
      <NameCon UId="27" Name="in" />
      <NameCon UId="30" Name="in" />
    </Wire>
    <Wire UId="34">
      <IdentCon UId="21" />
      <NameCon UId="27" Name="operand" />
    </Wire>
    <Wire UId="35">
      <NameCon UId="27" Name="out" />
      <NameCon UId="28" Name="in" />
    </Wire>
    <Wire UId="36">
      <IdentCon UId="22" />
      <NameCon UId="28" Name="operand" />
    </Wire>
    <Wire UId="37">
      <NameCon UId="28" Name="out" />
      <NameCon UId="29" Name="in" />
    </Wire>
    <Wire UId="38">
      <IdentCon UId="23" />
      <NameCon UId="29" Name="operand" />
    </Wire>
    <Wire UId="39">
      <IdentCon UId="24" />
      <NameCon UId="30" Name="operand" />
    </Wire>
    <Wire UId="40">
      <NameCon UId="30" Name="out" />
      <NameCon UId="31" Name="in" />
    </Wire>
    <Wire UId="41">
      <IdentCon UId="25" />
      <NameCon UId="31" Name="operand" />
    </Wire>
    <Wire UId="42">
      <NameCon UId="31" Name="out" />
      <NameCon UId="32" Name="in" />
    </Wire>
    <Wire UId="43">
      <IdentCon UId="26" />
      <NameCon UId="32" Name="operand" />
    </Wire>
  </Wires>
</FlgNet></NetworkSource>
          <ProgrammingLanguage>LAD</ProgrammingLanguage>
        </AttributeList>
        <ObjectList>
          <MultilingualText ID="9" CompositionName="Comment">
            <ObjectList>
              <MultilingualTextItem ID="A" CompositionName="Items">
                <AttributeList>
                  <Culture>en-US</Culture>
                  <Text />
                </AttributeList>
              </MultilingualTextItem>
            </ObjectList>
          </MultilingualText>
          <MultilingualText ID="B" CompositionName="Title">
            <ObjectList>
              <MultilingualTextItem ID="C" CompositionName="Items">
                <AttributeList>
                  <Culture>en-US</Culture>
                  <Text />
                </AttributeList>
              </MultilingualTextItem>
            </ObjectList>
          </MultilingualText>
        </ObjectList>
      </SW.Blocks.CompileUnit>
      <SW.Blocks.CompileUnit ID="D" CompositionName="CompileUnits">
        <AttributeList>
          <NetworkSource />
          <ProgrammingLanguage>LAD</ProgrammingLanguage>
        </AttributeList>
        <ObjectList>
          <MultilingualText ID="E" CompositionName="Comment">
            <ObjectList>
              <MultilingualTextItem ID="F" CompositionName="Items">
                <AttributeList>
                  <Culture>en-US</Culture>
                  <Text />
                </AttributeList>
              </MultilingualTextItem>
            </ObjectList>
          </MultilingualText>
          <MultilingualText ID="10" CompositionName="Title">
            <ObjectList>
              <MultilingualTextItem ID="11" CompositionName="Items">
                <AttributeList>
                  <Culture>en-US</Culture>
                  <Text />
                </AttributeList>
              </MultilingualTextItem>
            </ObjectList>
          </MultilingualText>
        </ObjectList>
      </SW.Blocks.CompileUnit>
      <MultilingualText ID="12" CompositionName="Title">
        <ObjectList>
          <MultilingualTextItem ID="13" CompositionName="Items">
            <AttributeList>
              <Culture>en-US</Culture>
              <Text />
            </AttributeList>
          </MultilingualTextItem>
        </ObjectList>
      </MultilingualText>
    </ObjectList>
  </SW.Blocks.FB>
</Document>