﻿<?xml version="1.0" encoding="utf-8"?>
<Document>
  <Engineering version="V15.1" />
  <DocumentInfo>
    <Created>2026-01-09T13:45:12.3512035Z</Created>
    <ExportSetting>WithDefaults, WithReadOnly</ExportSetting>
    <InstalledProducts>
      <Product>
        <DisplayName>Totally Integrated Automation Portal</DisplayName>
        <DisplayVersion>V15.1 Update 8</DisplayVersion>
      </Product>
      <OptionPackage>
        <DisplayName>TIA Portal Openness</DisplayName>
        <DisplayVersion>V15.1 Update 8</DisplayVersion>
      </OptionPackage>
      <Product>
        <DisplayName>STEP 7 Professional</DisplayName>
        <DisplayVersion>V15.1 Update 8</DisplayVersion>
      </Product>
      <Product>
        <DisplayName>WinCC Advanced</DisplayName>
        <DisplayVersion>V15.1 Update 8</DisplayVersion>
      </Product>
    </InstalledProducts>
  </DocumentInfo>
  <SW.Blocks.FC ID="0">
    <AttributeList>
      <AutoNumber>true</AutoNumber>
      <CodeModifiedDate ReadOnly="true">2025-08-27T17:08:03.467369Z</CodeModifiedDate>
      <CompileDate ReadOnly="true">2025-08-30T17:40:35.2171394Z</CompileDate>
      <CreationDate ReadOnly="true">2024-10-12T12:36:08.0193576Z</CreationDate>
      <HandleErrorsWithinBlock ReadOnly="true">false</HandleErrorsWithinBlock>
      <HeaderAuthor />
      <HeaderFamily />
      <HeaderName />
      <HeaderVersion>0.1</HeaderVersion>
      <Interface><Sections xmlns="http://www.siemens.com/automation/Openness/SW/Interface/v3">
  <Section Name="Input">
    <Member Name="SO_KHOI" Datatype="Real" Accessibility="Public" />
    <Member Name="M3_MAX" Datatype="Real" Accessibility="Public" />
  </Section>
  <Section Name="Output">
    <Member Name="SO_ME" Datatype="Real" Accessibility="Public" />
    <Member Name="M3/ME" Datatype="Real" Accessibility="Public" />
  </Section>
  <Section Name="InOut" />
  <Section Name="Temp">
    <Member Name="TEMP1" Datatype="Real" />
    <Member Name="TEMP2" Datatype="Int" />
    <Member Name="TEMP3" Datatype="Real" />
  </Section>
  <Section Name="Constant" />
  <Section Name="Return">
    <Member Name="Ret_Val" Datatype="Void" Accessibility="Public" />
  </Section>
</Sections></Interface>
      <InterfaceModifiedDate ReadOnly="true">2023-07-25T19:47:42.5745Z</InterfaceModifiedDate>
      <IsConsistent ReadOnly="true">true</IsConsistent>
      <IsIECCheckEnabled>false</IsIECCheckEnabled>
      <IsKnowHowProtected ReadOnly="true">false</IsKnowHowProtected>
      <IsWriteProtected ReadOnly="true">false</IsWriteProtected>
      <LibraryConformanceStatus ReadOnly="true">The object is library-conformant.</LibraryConformanceStatus>
      <MemoryLayout>Optimized</MemoryLayout>
      <ModifiedDate ReadOnly="true">2025-08-27T17:08:03.467369Z</ModifiedDate>
      <Name>4.CONVERT_VOLUME</Name>
      <Number>4</Number>
      <ParameterModified ReadOnly="true">2023-07-25T19:47:42.5745Z</ParameterModified>
      <PLCSimAdvancedSupport ReadOnly="true">false</PLCSimAdvancedSupport>
      <ProgrammingLanguage>LAD</ProgrammingLanguage>
      <SetENOAutomatically>False</SetENOAutomatically>
      <StructureModified ReadOnly="true">2023-07-25T19:47:42.5745Z</StructureModified>
      <UDABlockProperties />
      <UDAEnableTagReadback>false</UDAEnableTagReadback>
    </AttributeList>
    <ObjectList>
      <MultilingualText ID="1" CompositionName="Comment">
        <ObjectList>
          <MultilingualTextItem ID="2" CompositionName="Items">
            <AttributeList>
              <Culture>en-US</Culture>
              <Text />
            </AttributeList>
          </MultilingualTextItem>
        </ObjectList>
      </MultilingualText>
      <SW.Blocks.CompileUnit ID="3" CompositionName="CompileUnits">
        <AttributeList>
          <NetworkSource><FlgNet xmlns="http://www.siemens.com/automation/Openness/SW/NetworkSource/FlgNet/v3">
  <Parts>
    <Access Scope="LocalVariable" UId="21">
      <Symbol>
        <Component Name="SO_KHOI" />
      </Symbol>
    </Access>
    <Access Scope="LocalVariable" UId="22">
      <Symbol>
        <Component Name="M3_MAX" />
      </Symbol>
    </Access>
    <Access Scope="LocalVariable" UId="23">
      <Symbol>
        <Component Name="TEMP1" />
      </Symbol>
    </Access>
    <Access Scope="LocalVariable" UId="24">
      <Symbol>
        <Component Name="TEMP1" />
      </Symbol>
    </Access>
    <Access Scope="LocalVariable" UId="25">
      <Symbol>
        <Component Name="TEMP2" />
      </Symbol>
    </Access>
    <Access Scope="LocalVariable" UId="26">
      <Symbol>
        <Component Name="TEMP1" />
      </Symbol>
    </Access>
    <Access Scope="LocalVariable" UId="27">
      <Symbol>
        <Component Name="TEMP2" />
      </Symbol>
    </Access>
    <Access Scope="LocalVariable" UId="28">
      <Symbol>
        <Component Name="TEMP2" />
      </Symbol>
    </Access>
    <Access Scope="LocalVariable" UId="29">
      <Symbol>
        <Component Name="SO_ME" />
      </Symbol>
    </Access>
    <Access Scope="LocalVariable" UId="30">
      <Symbol>
        <Component Name="TEMP2" />
      </Symbol>
    </Access>
    <Access Scope="LocalVariable" UId="31">
      <Symbol>
        <Component Name="TEMP3" />
      </Symbol>
    </Access>
    <Access Scope="LocalVariable" UId="32">
      <Symbol>
        <Component Name="TEMP1" />
      </Symbol>
    </Access>
    <Access Scope="LocalVariable" UId="33">
      <Symbol>
        <Component Name="TEMP2" />
      </Symbol>
    </Access>
    <Access Scope="LocalVariable" UId="34">
      <Symbol>
        <Component Name="TEMP2" />
      </Symbol>
    </Access>
    <Access Scope="LiteralConstant" UId="35">
      <Constant>
        <ConstantType>LReal</ConstantType>
        <ConstantValue>1.0</ConstantValue>
        <StringAttribute Name="Format" Informative="true">Real</StringAttribute>
      </Constant>
    </Access>
    <Access Scope="LocalVariable" UId="36">
      <Symbol>
        <Component Name="SO_ME" />
      </Symbol>
    </Access>
    <Access Scope="LocalVariable" UId="37">
      <Symbol>
        <Component Name="TEMP2" />
      </Symbol>
    </Access>
    <Access Scope="LiteralConstant" UId="38">
      <Constant>
        <ConstantType>LReal</ConstantType>
        <ConstantValue>1.0</ConstantValue>
        <StringAttribute Name="Format" Informative="true">Real</StringAttribute>
      </Constant>
    </Access>
    <Access Scope="LocalVariable" UId="39">
      <Symbol>
        <Component Name="TEMP3" />
      </Symbol>
    </Access>
    <Access Scope="LocalVariable" UId="40">
      <Symbol>
        <Component Name="TEMP3" />
      </Symbol>
    </Access>
    <Access Scope="LiteralConstant" UId="41">
      <Constant>
        <ConstantType>Real</ConstantType>
        <ConstantValue>0.0</ConstantValue>
        <StringAttribute Name="Format" Informative="true">Real</StringAttribute>
      </Constant>
    </Access>
    <Access Scope="LocalVariable" UId="42">
      <Symbol>
        <Component Name="SO_KHOI" />
      </Symbol>
    </Access>
    <Access Scope="LocalVariable" UId="43">
      <Symbol>
        <Component Name="TEMP3" />
      </Symbol>
    </Access>
    <Access Scope="LocalVariable" UId="44">
      <Symbol>
        <Component Name="M3/ME" />
      </Symbol>
    </Access>
    <Access Scope="LocalVariable" UId="45">
      <Symbol>
        <Component Name="TEMP3" />
      </Symbol>
    </Access>
    <Access Scope="LiteralConstant" UId="46">
      <Constant>
        <ConstantType>Real</ConstantType>
        <ConstantValue>0.0</ConstantValue>
        <StringAttribute Name="Format" Informative="true">Real</StringAttribute>
      </Constant>
    </Access>
    <Access Scope="LiteralConstant" UId="47">
      <Constant>
        <ConstantType>Real</ConstantType>
        <ConstantValue>0.0</ConstantValue>
        <StringAttribute Name="Format" Informative="true">Real</StringAttribute>
      </Constant>
    </Access>
    <Access Scope="LocalVariable" UId="48">
      <Symbol>
        <Component Name="M3/ME" />
      </Symbol>
    </Access>
    <Part Name="Calc" UId="49" DisabledENO="true">
      <Equation>IN1/IN2</Equation>
      <TemplateValue Name="Card" Type="Cardinality">2</TemplateValue>
      <TemplateValue Name="SrcType" Type="Type">Real</TemplateValue>
    </Part>
    <Part Name="Convert" UId="50" DisabledENO="true">
      <TemplateValue Name="SrcType" Type="Type">Real</TemplateValue>
      <TemplateValue Name="DestType" Type="Type">Int</TemplateValue>
    </Part>
    <Part Name="Le" UId="51">
      <TemplateValue Name="SrcType" Type="Type">Real</TemplateValue>
    </Part>
    <Part Name="Convert" UId="52" DisabledENO="true">
      <TemplateValue Name="SrcType" Type="Type">Int</TemplateValue>
      <TemplateValue Name="DestType" Type="Type">Real</TemplateValue>
    </Part>
    <Part Name="Convert" UId="53" DisabledENO="true">
      <TemplateValue Name="SrcType" Type="Type">Int</TemplateValue>
      <TemplateValue Name="DestType" Type="Type">Real</TemplateValue>
    </Part>
    <Part Name="Gt" UId="54">
      <TemplateValue Name="SrcType" Type="Type">Real</TemplateValue>
    </Part>
    <Part Name="Add" UId="55" DisabledENO="true">
      <TemplateValue Name="Card" Type="Cardinality">2</TemplateValue>
      <AutomaticTyped Name="SrcType" />
    </Part>
    <Part Name="Add" UId="56" DisabledENO="true">
      <TemplateValue Name="Card" Type="Cardinality">2</TemplateValue>
      <AutomaticTyped Name="SrcType" />
    </Part>
    <Part Name="Ne" UId="57">
      <TemplateValue Name="SrcType" Type="Type">Real</TemplateValue>
    </Part>
    <Part Name="Calc" UId="58" DisabledENO="true">
      <Equation>IN1/IN2</Equation>
      <TemplateValue Name="Card" Type="Cardinality">2</TemplateValue>
      <TemplateValue Name="SrcType" Type="Type">Real</TemplateValue>
    </Part>
    <Part Name="Eq" UId="59">
      <TemplateValue Name="SrcType" Type="Type">Real</TemplateValue>
    </Part>
    <Part Name="Move" UId="60" DisabledENO="true">
      <TemplateValue Name="Card" Type="Cardinality">1</TemplateValue>
    </Part>
  </Parts>
  <Wires>
    <Wire UId="61">
      <Powerrail />
      <NameCon UId="49" Name="en" />
      <NameCon UId="51" Name="pre" />
      <NameCon UId="54" Name="pre" />
      <NameCon UId="57" Name="pre" />
      <NameCon UId="59" Name="pre" />
    </Wire>
    <Wire UId="62">
      <IdentCon UId="21" />
      <NameCon UId="49" Name="in1" />
    </Wire>
    <Wire UId="63">
      <IdentCon UId="22" />
      <NameCon UId="49" Name="in2" />
    </Wire>
    <Wire UId="64">
      <NameCon UId="49" Name="eno" />
      <NameCon UId="50" Name="en" />
    </Wire>
    <Wire UId="65">
      <NameCon UId="49" Name="out" />
      <IdentCon UId="23" />
    </Wire>
    <Wire UId="66">
      <IdentCon UId="24" />
      <NameCon UId="50" Name="in" />
    </Wire>
    <Wire UId="67">
      <NameCon UId="50" Name="out" />
      <IdentCon UId="25" />
    </Wire>
    <Wire UId="68">
      <IdentCon UId="26" />
      <NameCon UId="51" Name="in1" />
    </Wire>
    <Wire UId="69">
      <IdentCon UId="27" />
      <NameCon UId="51" Name="in2" />
    </Wire>
    <Wire UId="70">
      <NameCon UId="51" Name="out" />
      <NameCon UId="52" Name="en" />
      <NameCon UId="53" Name="en" />
    </Wire>
    <Wire UId="71">
      <IdentCon UId="28" />
      <NameCon UId="52" Name="in" />
    </Wire>
    <Wire UId="72">
      <NameCon UId="52" Name="out" />
      <IdentCon UId="29" />
    </Wire>
    <Wire UId="73">
      <IdentCon UId="30" />
      <NameCon UId="53" Name="in" />
    </Wire>
    <Wire UId="74">
      <NameCon UId="53" Name="out" />
      <IdentCon UId="31" />
    </Wire>
    <Wire UId="75">
      <IdentCon UId="32" />
      <NameCon UId="54" Name="in1" />
    </Wire>
    <Wire UId="76">
      <IdentCon UId="33" />
      <NameCon UId="54" Name="in2" />
    </Wire>
    <Wire UId="77">
      <NameCon UId="54" Name="out" />
      <NameCon UId="55" Name="en" />
      <NameCon UId="56" Name="en" />
    </Wire>
    <Wire UId="78">
      <IdentCon UId="34" />
      <NameCon UId="55" Name="in1" />
    </Wire>
    <Wire UId="79">
      <IdentCon UId="35" />
      <NameCon UId="55" Name="in2" />
    </Wire>
    <Wire UId="80">
      <NameCon UId="55" Name="out" />
      <IdentCon UId="36" />
    </Wire>
    <Wire UId="81">
      <IdentCon UId="37" />
      <NameCon UId="56" Name="in1" />
    </Wire>
    <Wire UId="82">
      <IdentCon UId="38" />
      <NameCon UId="56" Name="in2" />
    </Wire>
    <Wire UId="83">
      <NameCon UId="56" Name="out" />
      <IdentCon UId="39" />
    </Wire>
    <Wire UId="84">
      <IdentCon UId="40" />
      <NameCon UId="57" Name="in1" />
    </Wire>
    <Wire UId="85">
      <IdentCon UId="41" />
      <NameCon UId="57" Name="in2" />
    </Wire>
    <Wire UId="86">
      <NameCon UId="57" Name="out" />
      <NameCon UId="58" Name="en" />
    </Wire>
    <Wire UId="87">
      <IdentCon UId="42" />
      <NameCon UId="58" Name="in1" />
    </Wire>
    <Wire UId="88">
      <IdentCon UId="43" />
      <NameCon UId="58" Name="in2" />
    </Wire>
    <Wire UId="89">
      <NameCon UId="58" Name="out" />
      <IdentCon UId="44" />
    </Wire>
    <Wire UId="90">
      <IdentCon UId="45" />
      <NameCon UId="59" Name="in1" />
    </Wire>
    <Wire UId="91">
      <IdentCon UId="46" />
      <NameCon UId="59" Name="in2" />
    </Wire>
    <Wire UId="92">
      <NameCon UId="59" Name="out" />
      <NameCon UId="60" Name="en" />
    </Wire>
    <Wire UId="93">
      <IdentCon UId="47" />
      <NameCon UId="60" Name="in" />
    </Wire>
    <Wire UId="94">
      <NameCon UId="60" Name="out1" />
      <IdentCon UId="48" />
    </Wire>
  </Wires>
</FlgNet></NetworkSource>
          <ProgrammingLanguage>LAD</ProgrammingLanguage>
        </AttributeList>
        <ObjectList>
          <MultilingualText ID="4" CompositionName="Comment">
            <ObjectList>
              <MultilingualTextItem ID="5" CompositionName="Items">
                <AttributeList>
                  <Culture>en-US</Culture>
                  <Text />
                </AttributeList>
              </MultilingualTextItem>
            </ObjectList>
          </MultilingualText>
          <MultilingualText ID="6" CompositionName="Title">
            <ObjectList>
              <MultilingualTextItem ID="7" CompositionName="Items">
                <AttributeList>
                  <Culture>en-US</Culture>
                  <Text />
                </AttributeList>
              </MultilingualTextItem>
            </ObjectList>
          </MultilingualText>
        </ObjectList>
      </SW.Blocks.CompileUnit>
      <SW.Blocks.CompileUnit ID="8" CompositionName="CompileUnits">
        <AttributeList>
          <NetworkSource />
          <ProgrammingLanguage>LAD</ProgrammingLanguage>
        </AttributeList>
        <ObjectList>
          <MultilingualText ID="9" CompositionName="Comment">
            <ObjectList>
              <MultilingualTextItem ID="A" CompositionName="Items">
                <AttributeList>
                  <Culture>en-US</Culture>
                  <Text />
                </AttributeList>
              </MultilingualTextItem>
            </ObjectList>
          </MultilingualText>
          <MultilingualText ID="B" CompositionName="Title">
            <ObjectList>
              <MultilingualTextItem ID="C" CompositionName="Items">
                <AttributeList>
                  <Culture>en-US</Culture>
                  <Text />
                </AttributeList>
              </MultilingualTextItem>
            </ObjectList>
          </MultilingualText>
        </ObjectList>
      </SW.Blocks.CompileUnit>
      <MultilingualText ID="D" CompositionName="Title">
        <ObjectList>
          <MultilingualTextItem ID="E" CompositionName="Items">
            <AttributeList>
              <Culture>en-US</Culture>
              <Text />
            </AttributeList>
          </MultilingualTextItem>
        </ObjectList>
      </MultilingualText>
    </ObjectList>
  </SW.Blocks.FC>
</Document>