﻿<?xml version="1.0" encoding="utf-8"?>
<Document>
  <Engineering version="V15.1" />
  <DocumentInfo>
    <Created>2026-01-09T13:45:16.3127132Z</Created>
    <ExportSetting>WithDefaults, WithReadOnly</ExportSetting>
    <InstalledProducts>
      <Product>
        <DisplayName>Totally Integrated Automation Portal</DisplayName>
        <DisplayVersion>V15.1 Update 8</DisplayVersion>
      </Product>
      <OptionPackage>
        <DisplayName>TIA Portal Openness</DisplayName>
        <DisplayVersion>V15.1 Update 8</DisplayVersion>
      </OptionPackage>
      <Product>
        <DisplayName>STEP 7 Professional</DisplayName>
        <DisplayVersion>V15.1 Update 8</DisplayVersion>
      </Product>
      <Product>
        <DisplayName>WinCC Advanced</DisplayName>
        <DisplayVersion>V15.1 Update 8</DisplayVersion>
      </Product>
    </InstalledProducts>
  </DocumentInfo>
  <SW.Blocks.FC ID="0">
    <AttributeList>
      <AutoNumber>true</AutoNumber>
      <CodeModifiedDate ReadOnly="true">2026-01-04T14:27:05.1436831Z</CodeModifiedDate>
      <CompileDate ReadOnly="true">2026-01-04T14:27:05.2841536Z</CompileDate>
      <CreationDate ReadOnly="true">2024-10-14T18:21:08.2031131Z</CreationDate>
      <HandleErrorsWithinBlock ReadOnly="true">false</HandleErrorsWithinBlock>
      <HeaderAuthor />
      <HeaderFamily />
      <HeaderName />
      <HeaderVersion>0.1</HeaderVersion>
      <Interface><Sections xmlns="http://www.siemens.com/automation/Openness/SW/Interface/v3">
  <Section Name="Input" />
  <Section Name="Output">
    <Member Name="XA_PTG" Datatype="Bool" Accessibility="Public" />
    <Member Name="XA_CEM1" Datatype="Bool" Accessibility="Public" />
    <Member Name="XA_CEM2" Datatype="Bool" Accessibility="Public" />
    <Member Name="XA_WAT1" Datatype="Bool" Accessibility="Public" />
    <Member Name="XA_WAT2" Datatype="Bool" Accessibility="Public" />
    <Member Name="XA_ADD1" Datatype="Bool" Accessibility="Public" />
    <Member Name="XA_ADD2" Datatype="Bool" Accessibility="Public" />
  </Section>
  <Section Name="InOut" />
  <Section Name="Temp" />
  <Section Name="Constant" />
  <Section Name="Return">
    <Member Name="Ret_Val" Datatype="Void" Accessibility="Public" />
  </Section>
</Sections></Interface>
      <InterfaceModifiedDate ReadOnly="true">2023-12-12T15:54:48.677177Z</InterfaceModifiedDate>
      <IsConsistent ReadOnly="true">true</IsConsistent>
      <IsIECCheckEnabled>false</IsIECCheckEnabled>
      <IsKnowHowProtected ReadOnly="true">false</IsKnowHowProtected>
      <IsWriteProtected ReadOnly="true">false</IsWriteProtected>
      <LibraryConformanceStatus ReadOnly="true">Warning: The object contains access to global data blocks.
Warning: The block contains direct access to inputs, outputs, bit memories, indirect access to the registry or indirect access to external memory areas that are unknown at the time of compilation.
</LibraryConformanceStatus>
      <MemoryLayout>Optimized</MemoryLayout>
      <ModifiedDate ReadOnly="true">2026-01-04T14:27:05.1436831Z</ModifiedDate>
      <Name>5. QUA TRINH NAP LIEU</Name>
      <Number>5</Number>
      <ParameterModified ReadOnly="true">2023-12-12T15:54:48.677177Z</ParameterModified>
      <PLCSimAdvancedSupport ReadOnly="true">false</PLCSimAdvancedSupport>
      <ProgrammingLanguage>LAD</ProgrammingLanguage>
      <SetENOAutomatically>False</SetENOAutomatically>
      <StructureModified ReadOnly="true">2023-12-12T15:54:48.677177Z</StructureModified>
      <UDABlockProperties />
      <UDAEnableTagReadback>false</UDAEnableTagReadback>
    </AttributeList>
    <ObjectList>
      <MultilingualText ID="1" CompositionName="Comment">
        <ObjectList>
          <MultilingualTextItem ID="2" CompositionName="Items">
            <AttributeList>
              <Culture>en-US</Culture>
              <Text />
            </AttributeList>
          </MultilingualTextItem>
        </ObjectList>
      </MultilingualText>
      <SW.Blocks.CompileUnit ID="3" CompositionName="CompileUnits">
        <AttributeList>
          <NetworkSource><FlgNet xmlns="http://www.siemens.com/automation/Openness/SW/NetworkSource/FlgNet/v3">
  <Parts>
    <Access Scope="GlobalVariable" UId="21">
      <Symbol>
        <Component Name="C#2_WB" />
        <Component Name="SW_NAP_NOI_TRON" />
        <Address Area="DB" Type="Bool" BlockNumber="2" BitOffset="6" Informative="true" />
      </Symbol>
    </Access>
    <Access Scope="GlobalVariable" UId="22">
      <Symbol>
        <Component Name="C#1_RB" />
        <Component Name="TH. NOI TRON" />
        <Address Area="DB" Type="Bool" BlockNumber="1" BitOffset="0" Informative="true" />
      </Symbol>
    </Access>
    <Access Scope="GlobalVariable" UId="23">
      <Symbol>
        <Component Name="C#1_RB" />
        <Component Name="TH. CUA DONG" />
        <Address Area="DB" Type="Bool" BlockNumber="1" BitOffset="7" Informative="true" />
      </Symbol>
    </Access>
    <Access Scope="GlobalVariable" UId="24">
      <Symbol>
        <Component Name="TH_NAP_WAG" />
        <Address Area="Memory" Type="Bool" BitOffset="2400" Informative="true" />
      </Symbol>
    </Access>
    <Access Scope="GlobalVariable" UId="25">
      <Symbol>
        <Component Name="PLC_BIT" />
        <Component Name="WAG1_FU" />
        <Address Area="DB" Type="Bool" BlockNumber="9" BitOffset="9" Informative="true" />
      </Symbol>
    </Access>
    <Access Scope="GlobalVariable" UId="26">
      <Symbol>
        <Component Name="C#7_RD_RUN" />
        <Component Name="SMX_AG1" />
        <Address Area="DB" Type="Real" BlockNumber="7" BitOffset="128" Informative="true" />
      </Symbol>
    </Access>
    <Access Scope="GlobalVariable" UId="27">
      <Symbol>
        <Component Name="C#7_RD_RUN" />
        <Component Name="SMC_MIXER" />
        <Address Area="DB" Type="Real" BlockNumber="7" BitOffset="1024" Informative="true" />
      </Symbol>
    </Access>
    <Access Scope="GlobalVariable" UId="28">
      <Symbol>
        <Component Name="C#2_WB" />
        <Component Name="SW_NAP_NOI_TRON" />
        <Address Area="DB" Type="Bool" BlockNumber="2" BitOffset="6" Informative="true" />
      </Symbol>
    </Access>
    <Access Scope="GlobalVariable" UId="29">
      <Symbol>
        <Component Name="C#1_RB" />
        <Component Name="TH. NOI TRON" />
        <Address Area="DB" Type="Bool" BlockNumber="1" BitOffset="0" Informative="true" />
      </Symbol>
    </Access>
    <Access Scope="GlobalVariable" UId="30">
      <Symbol>
        <Component Name="C#1_RB" />
        <Component Name="TH. CUA DONG" />
        <Address Area="DB" Type="Bool" BlockNumber="1" BitOffset="7" Informative="true" />
      </Symbol>
    </Access>
    <Access Scope="GlobalVariable" UId="31">
      <Symbol>
        <Component Name="C#2_WB" />
        <Component Name="SW_XA W_AG1" />
        <Address Area="DB" Type="Bool" BlockNumber="2" BitOffset="36" Informative="true" />
      </Symbol>
    </Access>
    <Access Scope="GlobalVariable" UId="32">
      <Symbol>
        <Component Name="C#1_RB" />
        <Component Name="TH. NOI TRON" />
        <Address Area="DB" Type="Bool" BlockNumber="1" BitOffset="0" Informative="true" />
      </Symbol>
    </Access>
    <Access Scope="GlobalVariable" UId="33">
      <Symbol>
        <Component Name="C#1_RB" />
        <Component Name="TH. CUA MO" />
        <Address Area="DB" Type="Bool" BlockNumber="1" BitOffset="8" Informative="true" />
      </Symbol>
    </Access>
    <Access Scope="GlobalVariable" UId="34">
      <Symbol>
        <Component Name="XA_HET_AGG" />
        <Address Area="Memory" Type="Bool" BitOffset="1607" Informative="true" />
      </Symbol>
    </Access>
    <Access Scope="LocalVariable" UId="35">
      <Symbol>
        <Component Name="XA_PTG" />
      </Symbol>
    </Access>
    <Access Scope="GlobalVariable" UId="36">
      <Symbol>
        <Component Name="C#2_WB" />
        <Component Name="SW_NAP_NOI_TRON" />
        <Address Area="DB" Type="Bool" BlockNumber="2" BitOffset="6" Informative="true" />
      </Symbol>
    </Access>
    <Access Scope="GlobalVariable" UId="37">
      <Symbol>
        <Component Name="C#1_RB" />
        <Component Name="TH. NOI TRON" />
        <Address Area="DB" Type="Bool" BlockNumber="1" BitOffset="0" Informative="true" />
      </Symbol>
    </Access>
    <Access Scope="GlobalVariable" UId="38">
      <Symbol>
        <Component Name="C#1_RB" />
        <Component Name="TH. CUA DONG" />
        <Address Area="DB" Type="Bool" BlockNumber="1" BitOffset="7" Informative="true" />
      </Symbol>
    </Access>
    <Access Scope="GlobalVariable" UId="39">
      <Symbol>
        <Component Name="TH_NAP_WFD" />
        <Address Area="Memory" Type="Bool" BitOffset="2401" Informative="true" />
      </Symbol>
    </Access>
    <Access Scope="GlobalVariable" UId="40">
      <Symbol>
        <Component Name="PLC_BIT" />
        <Component Name="WCE1_FU" />
        <Address Area="DB" Type="Bool" BlockNumber="9" BitOffset="29" Informative="true" />
      </Symbol>
    </Access>
    <Access Scope="GlobalVariable" UId="41">
      <Symbol>
        <Component Name="C#4_WD_WEIGHT" />
        <Component Name="SV_FD1" />
        <Address Area="DB" Type="Real" BlockNumber="4" BitOffset="992" Informative="true" />
      </Symbol>
    </Access>
    <Access Scope="LiteralConstant" UId="42">
      <Constant>
        <ConstantType>Real</ConstantType>
        <ConstantValue>0.0</ConstantValue>
        <StringAttribute Name="Format" Informative="true">Real</StringAttribute>
      </Constant>
    </Access>
    <Access Scope="GlobalVariable" UId="43">
      <Symbol>
        <Component Name="C#7_RD_RUN" />
        <Component Name="SMX_FD1" />
        <Address Area="DB" Type="Real" BlockNumber="7" BitOffset="672" Informative="true" />
      </Symbol>
    </Access>
    <Access Scope="GlobalVariable" UId="44">
      <Symbol>
        <Component Name="C#7_RD_RUN" />
        <Component Name="SMC_MIXER" />
        <Address Area="DB" Type="Real" BlockNumber="7" BitOffset="1024" Informative="true" />
      </Symbol>
    </Access>
    <Access Scope="GlobalVariable" UId="45">
      <Symbol>
        <Component Name="9.10.DELAY_FD1_SAU_AGG" />
        <Component Name="OUT" />
        <Address Area="None" Type="Bool" BlockNumber="939" BitOffset="98" Informative="true" />
      </Symbol>
    </Access>
    <Access Scope="GlobalVariable" UId="46">
      <Symbol>
        <Component Name="C#2_WB" />
        <Component Name="SW_NAP_NOI_TRON" />
        <Address Area="DB" Type="Bool" BlockNumber="2" BitOffset="6" Informative="true" />
      </Symbol>
    </Access>
    <Access Scope="GlobalVariable" UId="47">
      <Symbol>
        <Component Name="C#1_RB" />
        <Component Name="TH. NOI TRON" />
        <Address Area="DB" Type="Bool" BlockNumber="1" BitOffset="0" Informative="true" />
      </Symbol>
    </Access>
    <Access Scope="GlobalVariable" UId="48">
      <Symbol>
        <Component Name="C#1_RB" />
        <Component Name="TH. CUA DONG" />
        <Address Area="DB" Type="Bool" BlockNumber="1" BitOffset="7" Informative="true" />
      </Symbol>
    </Access>
    <Access Scope="GlobalVariable" UId="49">
      <Symbol>
        <Component Name="C#2_WB" />
        <Component Name="SW_XA W_FD1" />
        <Address Area="DB" Type="Bool" BlockNumber="2" BitOffset="37" Informative="true" />
      </Symbol>
    </Access>
    <Access Scope="LocalVariable" UId="50">
      <Symbol>
        <Component Name="XA_CEM1" />
      </Symbol>
    </Access>
    <Access Scope="GlobalVariable" UId="51">
      <Symbol>
        <Component Name="C#2_WB" />
        <Component Name="SW_NAP_NOI_TRON" />
        <Address Area="DB" Type="Bool" BlockNumber="2" BitOffset="6" Informative="true" />
      </Symbol>
    </Access>
    <Access Scope="GlobalVariable" UId="52">
      <Symbol>
        <Component Name="C#1_RB" />
        <Component Name="TH. NOI TRON" />
        <Address Area="DB" Type="Bool" BlockNumber="1" BitOffset="0" Informative="true" />
      </Symbol>
    </Access>
    <Access Scope="GlobalVariable" UId="53">
      <Symbol>
        <Component Name="C#1_RB" />
        <Component Name="TH. CUA DONG" />
        <Address Area="DB" Type="Bool" BlockNumber="1" BitOffset="7" Informative="true" />
      </Symbol>
    </Access>
    <Access Scope="GlobalVariable" UId="54">
      <Symbol>
        <Component Name="TH_NAP_WAP" />
        <Address Area="Memory" Type="Bool" BitOffset="2402" Informative="true" />
      </Symbol>
    </Access>
    <Access Scope="GlobalVariable" UId="55">
      <Symbol>
        <Component Name="PLC_BIT" />
        <Component Name="WWA1_FU" />
        <Address Area="DB" Type="Bool" BlockNumber="9" BitOffset="36" Informative="true" />
      </Symbol>
    </Access>
    <Access Scope="GlobalVariable" UId="56">
      <Symbol>
        <Component Name="C#7_RD_RUN" />
        <Component Name="SMX_AP1" />
        <Address Area="DB" Type="Real" BlockNumber="7" BitOffset="832" Informative="true" />
      </Symbol>
    </Access>
    <Access Scope="GlobalVariable" UId="57">
      <Symbol>
        <Component Name="C#7_RD_RUN" />
        <Component Name="SMC_MIXER" />
        <Address Area="DB" Type="Real" BlockNumber="7" BitOffset="1024" Informative="true" />
      </Symbol>
    </Access>
    <Access Scope="GlobalVariable" UId="58">
      <Symbol>
        <Component Name="9.11.DELAY_AP1_SAU_AGG" />
        <Component Name="OUT" />
        <Address Area="None" Type="Bool" BlockNumber="942" BitOffset="98" Informative="true" />
      </Symbol>
    </Access>
    <Access Scope="GlobalVariable" UId="59">
      <Symbol>
        <Component Name="C#2_WB" />
        <Component Name="SW_NAP_NOI_TRON" />
        <Address Area="DB" Type="Bool" BlockNumber="2" BitOffset="6" Informative="true" />
      </Symbol>
    </Access>
    <Access Scope="GlobalVariable" UId="60">
      <Symbol>
        <Component Name="C#1_RB" />
        <Component Name="TH. NOI TRON" />
        <Address Area="DB" Type="Bool" BlockNumber="1" BitOffset="0" Informative="true" />
      </Symbol>
    </Access>
    <Access Scope="GlobalVariable" UId="61">
      <Symbol>
        <Component Name="C#1_RB" />
        <Component Name="TH. CUA DONG" />
        <Address Area="DB" Type="Bool" BlockNumber="1" BitOffset="7" Informative="true" />
      </Symbol>
    </Access>
    <Access Scope="GlobalVariable" UId="62">
      <Symbol>
        <Component Name="C#2_WB" />
        <Component Name="SW_XA W_AP1" />
        <Address Area="DB" Type="Bool" BlockNumber="2" BitOffset="38" Informative="true" />
      </Symbol>
    </Access>
    <Access Scope="LocalVariable" UId="63">
      <Symbol>
        <Component Name="XA_WAT1" />
      </Symbol>
    </Access>
    <Access Scope="GlobalVariable" UId="64">
      <Symbol>
        <Component Name="C#2_WB" />
        <Component Name="SW_NAP_NOI_TRON" />
        <Address Area="DB" Type="Bool" BlockNumber="2" BitOffset="6" Informative="true" />
      </Symbol>
    </Access>
    <Access Scope="GlobalVariable" UId="65">
      <Symbol>
        <Component Name="C#1_RB" />
        <Component Name="TH. NOI TRON" />
        <Address Area="DB" Type="Bool" BlockNumber="1" BitOffset="0" Informative="true" />
      </Symbol>
    </Access>
    <Access Scope="GlobalVariable" UId="66">
      <Symbol>
        <Component Name="C#1_RB" />
        <Component Name="TH. CUA DONG" />
        <Address Area="DB" Type="Bool" BlockNumber="1" BitOffset="7" Informative="true" />
      </Symbol>
    </Access>
    <Access Scope="GlobalVariable" UId="67">
      <Symbol>
        <Component Name="TH_NAP_WSB" />
        <Address Area="Memory" Type="Bool" BitOffset="2403" Informative="true" />
      </Symbol>
    </Access>
    <Access Scope="GlobalVariable" UId="68">
      <Symbol>
        <Component Name="PLC_BIT" />
        <Component Name="WAD1_FU" />
        <Address Area="DB" Type="Bool" BlockNumber="9" BitOffset="44" Informative="true" />
      </Symbol>
    </Access>
    <Access Scope="GlobalVariable" UId="69">
      <Symbol>
        <Component Name="C#7_RD_RUN" />
        <Component Name="SMX_SB1" />
        <Address Area="DB" Type="Real" BlockNumber="7" BitOffset="992" Informative="true" />
      </Symbol>
    </Access>
    <Access Scope="GlobalVariable" UId="70">
      <Symbol>
        <Component Name="C#7_RD_RUN" />
        <Component Name="SMC_MIXER" />
        <Address Area="DB" Type="Real" BlockNumber="7" BitOffset="1024" Informative="true" />
      </Symbol>
    </Access>
    <Access Scope="GlobalVariable" UId="71">
      <Symbol>
        <Component Name="9.10.DELAY_SB1_SAU_AGG" />
        <Component Name="OUT" />
        <Address Area="None" Type="Bool" BlockNumber="940" BitOffset="98" Informative="true" />
      </Symbol>
    </Access>
    <Access Scope="GlobalVariable" UId="72">
      <Symbol>
        <Component Name="C#2_WB" />
        <Component Name="SW_NAP_NOI_TRON" />
        <Address Area="DB" Type="Bool" BlockNumber="2" BitOffset="6" Informative="true" />
      </Symbol>
    </Access>
    <Access Scope="GlobalVariable" UId="73">
      <Symbol>
        <Component Name="C#1_RB" />
        <Component Name="TH. NOI TRON" />
        <Address Area="DB" Type="Bool" BlockNumber="1" BitOffset="0" Informative="true" />
      </Symbol>
    </Access>
    <Access Scope="GlobalVariable" UId="74">
      <Symbol>
        <Component Name="C#1_RB" />
        <Component Name="TH. CUA DONG" />
        <Address Area="DB" Type="Bool" BlockNumber="1" BitOffset="7" Informative="true" />
      </Symbol>
    </Access>
    <Access Scope="GlobalVariable" UId="75">
      <Symbol>
        <Component Name="C#2_WB" />
        <Component Name="SW_XA W_SB1" />
        <Address Area="DB" Type="Bool" BlockNumber="2" BitOffset="39" Informative="true" />
      </Symbol>
    </Access>
    <Access Scope="LocalVariable" UId="76">
      <Symbol>
        <Component Name="XA_ADD1" />
      </Symbol>
    </Access>
    <Part Name="Contact" UId="77" />
    <Part Name="Contact" UId="78" />
    <Part Name="Contact" UId="79" />
    <Part Name="Contact" UId="80" />
    <Part Name="Contact" UId="81" />
    <Part Name="Eq" UId="82">
      <TemplateValue Name="SrcType" Type="Type">Real</TemplateValue>
    </Part>
    <Part Name="Contact" UId="83">
      <Negated Name="operand" />
    </Part>
    <Part Name="Contact" UId="84" />
    <Part Name="Contact" UId="85" />
    <Part Name="Contact" UId="86" />
    <Part Name="Contact" UId="87">
      <Negated Name="operand" />
    </Part>
    <Part Name="Contact" UId="88" />
    <Part Name="Contact" UId="89" />
    <Part Name="O" UId="90">
      <TemplateValue Name="Card" Type="Cardinality">3</TemplateValue>
    </Part>
    <Part Name="Coil" UId="91" />
    <Part Name="Contact" UId="92" />
    <Part Name="Contact" UId="93" />
    <Part Name="Contact" UId="94" />
    <Part Name="Contact" UId="95" />
    <Part Name="Contact" UId="96" />
    <Part Name="Ne" UId="97">
      <TemplateValue Name="SrcType" Type="Type">Real</TemplateValue>
    </Part>
    <Part Name="Eq" UId="98">
      <TemplateValue Name="SrcType" Type="Type">Real</TemplateValue>
    </Part>
    <Part Name="Contact" UId="99" />
    <Part Name="Contact" UId="100">
      <Negated Name="operand" />
    </Part>
    <Part Name="Contact" UId="101" />
    <Part Name="Contact" UId="102" />
    <Part Name="Contact" UId="103" />
    <Part Name="O" UId="104">
      <TemplateValue Name="Card" Type="Cardinality">2</TemplateValue>
    </Part>
    <Part Name="Coil" UId="105" />
    <Part Name="Contact" UId="106" />
    <Part Name="Contact" UId="107" />
    <Part Name="Contact" UId="108" />
    <Part Name="Contact" UId="109" />
    <Part Name="Contact" UId="110" />
    <Part Name="Eq" UId="111">
      <TemplateValue Name="SrcType" Type="Type">Real</TemplateValue>
    </Part>
    <Part Name="Contact" UId="112" />
    <Part Name="Contact" UId="113">
      <Negated Name="operand" />
    </Part>
    <Part Name="Contact" UId="114" />
    <Part Name="Contact" UId="115" />
    <Part Name="Contact" UId="116" />
    <Part Name="O" UId="117">
      <TemplateValue Name="Card" Type="Cardinality">2</TemplateValue>
    </Part>
    <Part Name="Coil" UId="118" />
    <Part Name="Contact" UId="119" />
    <Part Name="Contact" UId="120" />
    <Part Name="Contact" UId="121" />
    <Part Name="Contact" UId="122" />
    <Part Name="Contact" UId="123" />
    <Part Name="Eq" UId="124">
      <TemplateValue Name="SrcType" Type="Type">Real</TemplateValue>
    </Part>
    <Part Name="Contact" UId="125" />
    <Part Name="Contact" UId="126">
      <Negated Name="operand" />
    </Part>
    <Part Name="Contact" UId="127" />
    <Part Name="Contact" UId="128" />
    <Part Name="Contact" UId="129" />
    <Part Name="O" UId="130">
      <TemplateValue Name="Card" Type="Cardinality">2</TemplateValue>
    </Part>
    <Part Name="Coil" UId="131" />
  </Parts>
  <Wires>
    <Wire UId="132">
      <Powerrail />
      <NameCon UId="77" Name="in" />
      <NameCon UId="83" Name="in" />
      <NameCon UId="87" Name="in" />
      <NameCon UId="92" Name="in" />
      <NameCon UId="100" Name="in" />
      <NameCon UId="106" Name="in" />
      <NameCon UId="113" Name="in" />
      <NameCon UId="119" Name="in" />
      <NameCon UId="126" Name="in" />
    </Wire>
    <Wire UId="133">
      <IdentCon UId="21" />
      <NameCon UId="77" Name="operand" />
    </Wire>
    <Wire UId="134">
      <NameCon UId="77" Name="out" />
      <NameCon UId="78" Name="in" />
    </Wire>
    <Wire UId="135">
      <IdentCon UId="22" />
      <NameCon UId="78" Name="operand" />
    </Wire>
    <Wire UId="136">
      <NameCon UId="78" Name="out" />
      <NameCon UId="79" Name="in" />
    </Wire>
    <Wire UId="137">
      <IdentCon UId="23" />
      <NameCon UId="79" Name="operand" />
    </Wire>
    <Wire UId="138">
      <NameCon UId="79" Name="out" />
      <NameCon UId="80" Name="in" />
    </Wire>
    <Wire UId="139">
      <IdentCon UId="24" />
      <NameCon UId="80" Name="operand" />
    </Wire>
    <Wire UId="140">
      <NameCon UId="80" Name="out" />
      <NameCon UId="81" Name="in" />
    </Wire>
    <Wire UId="141">
      <IdentCon UId="25" />
      <NameCon UId="81" Name="operand" />
    </Wire>
    <Wire UId="142">
      <NameCon UId="81" Name="out" />
      <NameCon UId="82" Name="pre" />
    </Wire>
    <Wire UId="143">
      <IdentCon UId="26" />
      <NameCon UId="82" Name="in1" />
    </Wire>
    <Wire UId="144">
      <IdentCon UId="27" />
      <NameCon UId="82" Name="in2" />
    </Wire>
    <Wire UId="145">
      <NameCon UId="82" Name="out" />
      <NameCon UId="90" Name="in1" />
    </Wire>
    <Wire UId="146">
      <IdentCon UId="28" />
      <NameCon UId="83" Name="operand" />
    </Wire>
    <Wire UId="147">
      <NameCon UId="83" Name="out" />
      <NameCon UId="84" Name="in" />
    </Wire>
    <Wire UId="148">
      <IdentCon UId="29" />
      <NameCon UId="84" Name="operand" />
    </Wire>
    <Wire UId="149">
      <NameCon UId="84" Name="out" />
      <NameCon UId="85" Name="in" />
    </Wire>
    <Wire UId="150">
      <IdentCon UId="30" />
      <NameCon UId="85" Name="operand" />
    </Wire>
    <Wire UId="151">
      <NameCon UId="85" Name="out" />
      <NameCon UId="86" Name="in" />
    </Wire>
    <Wire UId="152">
      <IdentCon UId="31" />
      <NameCon UId="86" Name="operand" />
    </Wire>
    <Wire UId="153">
      <NameCon UId="86" Name="out" />
      <NameCon UId="90" Name="in2" />
    </Wire>
    <Wire UId="154">
      <IdentCon UId="32" />
      <NameCon UId="87" Name="operand" />
    </Wire>
    <Wire UId="155">
      <NameCon UId="87" Name="out" />
      <NameCon UId="88" Name="in" />
    </Wire>
    <Wire UId="156">
      <IdentCon UId="33" />
      <NameCon UId="88" Name="operand" />
    </Wire>
    <Wire UId="157">
      <NameCon UId="88" Name="out" />
      <NameCon UId="89" Name="in" />
    </Wire>
    <Wire UId="158">
      <IdentCon UId="34" />
      <NameCon UId="89" Name="operand" />
    </Wire>
    <Wire UId="159">
      <NameCon UId="89" Name="out" />
      <NameCon UId="90" Name="in3" />
    </Wire>
    <Wire UId="160">
      <NameCon UId="90" Name="out" />
      <NameCon UId="91" Name="in" />
    </Wire>
    <Wire UId="161">
      <IdentCon UId="35" />
      <NameCon UId="91" Name="operand" />
    </Wire>
    <Wire UId="162">
      <IdentCon UId="36" />
      <NameCon UId="92" Name="operand" />
    </Wire>
    <Wire UId="163">
      <NameCon UId="92" Name="out" />
      <NameCon UId="93" Name="in" />
    </Wire>
    <Wire UId="164">
      <IdentCon UId="37" />
      <NameCon UId="93" Name="operand" />
    </Wire>
    <Wire UId="165">
      <NameCon UId="93" Name="out" />
      <NameCon UId="94" Name="in" />
    </Wire>
    <Wire UId="166">
      <IdentCon UId="38" />
      <NameCon UId="94" Name="operand" />
    </Wire>
    <Wire UId="167">
      <NameCon UId="94" Name="out" />
      <NameCon UId="95" Name="in" />
    </Wire>
    <Wire UId="168">
      <IdentCon UId="39" />
      <NameCon UId="95" Name="operand" />
    </Wire>
    <Wire UId="169">
      <NameCon UId="95" Name="out" />
      <NameCon UId="96" Name="in" />
    </Wire>
    <Wire UId="170">
      <IdentCon UId="40" />
      <NameCon UId="96" Name="operand" />
    </Wire>
    <Wire UId="171">
      <NameCon UId="96" Name="out" />
      <NameCon UId="97" Name="pre" />
    </Wire>
    <Wire UId="172">
      <IdentCon UId="41" />
      <NameCon UId="97" Name="in1" />
    </Wire>
    <Wire UId="173">
      <IdentCon UId="42" />
      <NameCon UId="97" Name="in2" />
    </Wire>
    <Wire UId="174">
      <NameCon UId="97" Name="out" />
      <NameCon UId="98" Name="pre" />
    </Wire>
    <Wire UId="175">
      <IdentCon UId="43" />
      <NameCon UId="98" Name="in1" />
    </Wire>
    <Wire UId="176">
      <IdentCon UId="44" />
      <NameCon UId="98" Name="in2" />
    </Wire>
    <Wire UId="177">
      <NameCon UId="98" Name="out" />
      <NameCon UId="99" Name="in" />
    </Wire>
    <Wire UId="178">
      <IdentCon UId="45" />
      <NameCon UId="99" Name="operand" />
    </Wire>
    <Wire UId="179">
      <NameCon UId="99" Name="out" />
      <NameCon UId="104" Name="in1" />
    </Wire>
    <Wire UId="180">
      <IdentCon UId="46" />
      <NameCon UId="100" Name="operand" />
    </Wire>
    <Wire UId="181">
      <NameCon UId="100" Name="out" />
      <NameCon UId="101" Name="in" />
    </Wire>
    <Wire UId="182">
      <IdentCon UId="47" />
      <NameCon UId="101" Name="operand" />
    </Wire>
    <Wire UId="183">
      <NameCon UId="101" Name="out" />
      <NameCon UId="102" Name="in" />
    </Wire>
    <Wire UId="184">
      <IdentCon UId="48" />
      <NameCon UId="102" Name="operand" />
    </Wire>
    <Wire UId="185">
      <NameCon UId="102" Name="out" />
      <NameCon UId="103" Name="in" />
    </Wire>
    <Wire UId="186">
      <IdentCon UId="49" />
      <NameCon UId="103" Name="operand" />
    </Wire>
    <Wire UId="187">
      <NameCon UId="103" Name="out" />
      <NameCon UId="104" Name="in2" />
    </Wire>
    <Wire UId="188">
      <NameCon UId="104" Name="out" />
      <NameCon UId="105" Name="in" />
    </Wire>
    <Wire UId="189">
      <IdentCon UId="50" />
      <NameCon UId="105" Name="operand" />
    </Wire>
    <Wire UId="190">
      <IdentCon UId="51" />
      <NameCon UId="106" Name="operand" />
    </Wire>
    <Wire UId="191">
      <NameCon UId="106" Name="out" />
      <NameCon UId="107" Name="in" />
    </Wire>
    <Wire UId="192">
      <IdentCon UId="52" />
      <NameCon UId="107" Name="operand" />
    </Wire>
    <Wire UId="193">
      <NameCon UId="107" Name="out" />
      <NameCon UId="108" Name="in" />
    </Wire>
    <Wire UId="194">
      <IdentCon UId="53" />
      <NameCon UId="108" Name="operand" />
    </Wire>
    <Wire UId="195">
      <NameCon UId="108" Name="out" />
      <NameCon UId="109" Name="in" />
    </Wire>
    <Wire UId="196">
      <IdentCon UId="54" />
      <NameCon UId="109" Name="operand" />
    </Wire>
    <Wire UId="197">
      <NameCon UId="109" Name="out" />
      <NameCon UId="110" Name="in" />
    </Wire>
    <Wire UId="198">
      <IdentCon UId="55" />
      <NameCon UId="110" Name="operand" />
    </Wire>
    <Wire UId="199">
      <NameCon UId="110" Name="out" />
      <NameCon UId="111" Name="pre" />
    </Wire>
    <Wire UId="200">
      <IdentCon UId="56" />
      <NameCon UId="111" Name="in1" />
    </Wire>
    <Wire UId="201">
      <IdentCon UId="57" />
      <NameCon UId="111" Name="in2" />
    </Wire>
    <Wire UId="202">
      <NameCon UId="111" Name="out" />
      <NameCon UId="112" Name="in" />
    </Wire>
    <Wire UId="203">
      <IdentCon UId="58" />
      <NameCon UId="112" Name="operand" />
    </Wire>
    <Wire UId="204">
      <NameCon UId="112" Name="out" />
      <NameCon UId="117" Name="in1" />
    </Wire>
    <Wire UId="205">
      <IdentCon UId="59" />
      <NameCon UId="113" Name="operand" />
    </Wire>
    <Wire UId="206">
      <NameCon UId="113" Name="out" />
      <NameCon UId="114" Name="in" />
    </Wire>
    <Wire UId="207">
      <IdentCon UId="60" />
      <NameCon UId="114" Name="operand" />
    </Wire>
    <Wire UId="208">
      <NameCon UId="114" Name="out" />
      <NameCon UId="115" Name="in" />
    </Wire>
    <Wire UId="209">
      <IdentCon UId="61" />
      <NameCon UId="115" Name="operand" />
    </Wire>
    <Wire UId="210">
      <NameCon UId="115" Name="out" />
      <NameCon UId="116" Name="in" />
    </Wire>
    <Wire UId="211">
      <IdentCon UId="62" />
      <NameCon UId="116" Name="operand" />
    </Wire>
    <Wire UId="212">
      <NameCon UId="116" Name="out" />
      <NameCon UId="117" Name="in2" />
    </Wire>
    <Wire UId="213">
      <NameCon UId="117" Name="out" />
      <NameCon UId="118" Name="in" />
    </Wire>
    <Wire UId="214">
      <IdentCon UId="63" />
      <NameCon UId="118" Name="operand" />
    </Wire>
    <Wire UId="215">
      <IdentCon UId="64" />
      <NameCon UId="119" Name="operand" />
    </Wire>
    <Wire UId="216">
      <NameCon UId="119" Name="out" />
      <NameCon UId="120" Name="in" />
    </Wire>
    <Wire UId="217">
      <IdentCon UId="65" />
      <NameCon UId="120" Name="operand" />
    </Wire>
    <Wire UId="218">
      <NameCon UId="120" Name="out" />
      <NameCon UId="121" Name="in" />
    </Wire>
    <Wire UId="219">
      <IdentCon UId="66" />
      <NameCon UId="121" Name="operand" />
    </Wire>
    <Wire UId="220">
      <NameCon UId="121" Name="out" />
      <NameCon UId="122" Name="in" />
    </Wire>
    <Wire UId="221">
      <IdentCon UId="67" />
      <NameCon UId="122" Name="operand" />
    </Wire>
    <Wire UId="222">
      <NameCon UId="122" Name="out" />
      <NameCon UId="123" Name="in" />
    </Wire>
    <Wire UId="223">
      <IdentCon UId="68" />
      <NameCon UId="123" Name="operand" />
    </Wire>
    <Wire UId="224">
      <NameCon UId="123" Name="out" />
      <NameCon UId="124" Name="pre" />
    </Wire>
    <Wire UId="225">
      <IdentCon UId="69" />
      <NameCon UId="124" Name="in1" />
    </Wire>
    <Wire UId="226">
      <IdentCon UId="70" />
      <NameCon UId="124" Name="in2" />
    </Wire>
    <Wire UId="227">
      <NameCon UId="124" Name="out" />
      <NameCon UId="125" Name="in" />
    </Wire>
    <Wire UId="228">
      <IdentCon UId="71" />
      <NameCon UId="125" Name="operand" />
    </Wire>
    <Wire UId="229">
      <NameCon UId="125" Name="out" />
      <NameCon UId="130" Name="in1" />
    </Wire>
    <Wire UId="230">
      <IdentCon UId="72" />
      <NameCon UId="126" Name="operand" />
    </Wire>
    <Wire UId="231">
      <NameCon UId="126" Name="out" />
      <NameCon UId="127" Name="in" />
    </Wire>
    <Wire UId="232">
      <IdentCon UId="73" />
      <NameCon UId="127" Name="operand" />
    </Wire>
    <Wire UId="233">
      <NameCon UId="127" Name="out" />
      <NameCon UId="128" Name="in" />
    </Wire>
    <Wire UId="234">
      <IdentCon UId="74" />
      <NameCon UId="128" Name="operand" />
    </Wire>
    <Wire UId="235">
      <NameCon UId="128" Name="out" />
      <NameCon UId="129" Name="in" />
    </Wire>
    <Wire UId="236">
      <IdentCon UId="75" />
      <NameCon UId="129" Name="operand" />
    </Wire>
    <Wire UId="237">
      <NameCon UId="129" Name="out" />
      <NameCon UId="130" Name="in2" />
    </Wire>
    <Wire UId="238">
      <NameCon UId="130" Name="out" />
      <NameCon UId="131" Name="in" />
    </Wire>
    <Wire UId="239">
      <IdentCon UId="76" />
      <NameCon UId="131" Name="operand" />
    </Wire>
  </Wires>
</FlgNet></NetworkSource>
          <ProgrammingLanguage>LAD</ProgrammingLanguage>
        </AttributeList>
        <ObjectList>
          <MultilingualText ID="4" CompositionName="Comment">
            <ObjectList>
              <MultilingualTextItem ID="5" CompositionName="Items">
                <AttributeList>
                  <Culture>en-US</Culture>
                  <Text />
                </AttributeList>
              </MultilingualTextItem>
            </ObjectList>
          </MultilingualText>
          <MultilingualText ID="6" CompositionName="Title">
            <ObjectList>
              <MultilingualTextItem ID="7" CompositionName="Items">
                <AttributeList>
                  <Culture>en-US</Culture>
                  <Text>Van xả phễu chờ</Text>
                </AttributeList>
              </MultilingualTextItem>
            </ObjectList>
          </MultilingualText>
        </ObjectList>
      </SW.Blocks.CompileUnit>
      <SW.Blocks.CompileUnit ID="8" CompositionName="CompileUnits">
        <AttributeList>
          <NetworkSource />
          <ProgrammingLanguage>LAD</ProgrammingLanguage>
        </AttributeList>
        <ObjectList>
          <MultilingualText ID="9" CompositionName="Comment">
            <ObjectList>
              <MultilingualTextItem ID="A" CompositionName="Items">
                <AttributeList>
                  <Culture>en-US</Culture>
                  <Text />
                </AttributeList>
              </MultilingualTextItem>
            </ObjectList>
          </MultilingualText>
          <MultilingualText ID="B" CompositionName="Title">
            <ObjectList>
              <MultilingualTextItem ID="C" CompositionName="Items">
                <AttributeList>
                  <Culture>en-US</Culture>
                  <Text />
                </AttributeList>
              </MultilingualTextItem>
            </ObjectList>
          </MultilingualText>
        </ObjectList>
      </SW.Blocks.CompileUnit>
      <MultilingualText ID="D" CompositionName="Title">
        <ObjectList>
          <MultilingualTextItem ID="E" CompositionName="Items">
            <AttributeList>
              <Culture>en-US</Culture>
              <Text />
            </AttributeList>
          </MultilingualTextItem>
        </ObjectList>
      </MultilingualText>
    </ObjectList>
  </SW.Blocks.FC>
</Document>