﻿<?xml version="1.0" encoding="utf-8"?>
<Document>
  <Engineering version="V15.1" />
  <DocumentInfo>
    <Created>2026-01-09T13:45:16.4318779Z</Created>
    <ExportSetting>WithDefaults, WithReadOnly</ExportSetting>
    <InstalledProducts>
      <Product>
        <DisplayName>Totally Integrated Automation Portal</DisplayName>
        <DisplayVersion>V15.1 Update 8</DisplayVersion>
      </Product>
      <OptionPackage>
        <DisplayName>TIA Portal Openness</DisplayName>
        <DisplayVersion>V15.1 Update 8</DisplayVersion>
      </OptionPackage>
      <Product>
        <DisplayName>STEP 7 Professional</DisplayName>
        <DisplayVersion>V15.1 Update 8</DisplayVersion>
      </Product>
      <Product>
        <DisplayName>WinCC Advanced</DisplayName>
        <DisplayVersion>V15.1 Update 8</DisplayVersion>
      </Product>
    </InstalledProducts>
  </DocumentInfo>
  <SW.Blocks.FC ID="0">
    <AttributeList>
      <AutoNumber>false</AutoNumber>
      <CodeModifiedDate ReadOnly="true">2026-01-04T14:27:05.3313004Z</CodeModifiedDate>
      <CompileDate ReadOnly="true">2026-01-04T14:27:05.4091731Z</CompileDate>
      <CreationDate ReadOnly="true">2024-10-14T18:51:22.4750735Z</CreationDate>
      <HandleErrorsWithinBlock ReadOnly="true">false</HandleErrorsWithinBlock>
      <HeaderAuthor />
      <HeaderFamily />
      <HeaderName />
      <HeaderVersion>0.1</HeaderVersion>
      <Interface><Sections xmlns="http://www.siemens.com/automation/Openness/SW/Interface/v3">
  <Section Name="Input" />
  <Section Name="Output" />
  <Section Name="InOut" />
  <Section Name="Temp" />
  <Section Name="Constant" />
  <Section Name="Return">
    <Member Name="Ret_Val" Datatype="Void" Accessibility="Public" />
  </Section>
</Sections></Interface>
      <InterfaceModifiedDate ReadOnly="true">2023-12-15T06:44:57.8941631Z</InterfaceModifiedDate>
      <IsConsistent ReadOnly="true">true</IsConsistent>
      <IsIECCheckEnabled>false</IsIECCheckEnabled>
      <IsKnowHowProtected ReadOnly="true">false</IsKnowHowProtected>
      <IsWriteProtected ReadOnly="true">false</IsWriteProtected>
      <LibraryConformanceStatus ReadOnly="true">Warning: The object contains access to global data blocks.
Warning: The block contains direct access to inputs, outputs, bit memories, indirect access to the registry or indirect access to external memory areas that are unknown at the time of compilation.
</LibraryConformanceStatus>
      <MemoryLayout>Optimized</MemoryLayout>
      <ModifiedDate ReadOnly="true">2026-01-04T14:27:05.3313004Z</ModifiedDate>
      <Name>7. SAVE_REPORT</Name>
      <Number>7</Number>
      <ParameterModified ReadOnly="true">2023-12-15T06:44:57.8941631Z</ParameterModified>
      <PLCSimAdvancedSupport ReadOnly="true">false</PLCSimAdvancedSupport>
      <ProgrammingLanguage>LAD</ProgrammingLanguage>
      <SetENOAutomatically>False</SetENOAutomatically>
      <StructureModified ReadOnly="true">2023-12-15T06:44:57.8941631Z</StructureModified>
      <UDABlockProperties />
      <UDAEnableTagReadback>false</UDAEnableTagReadback>
    </AttributeList>
    <ObjectList>
      <MultilingualText ID="1" CompositionName="Comment">
        <ObjectList>
          <MultilingualTextItem ID="2" CompositionName="Items">
            <AttributeList>
              <Culture>en-US</Culture>
              <Text />
            </AttributeList>
          </MultilingualTextItem>
        </ObjectList>
      </MultilingualText>
      <SW.Blocks.CompileUnit ID="3" CompositionName="CompileUnits">
        <AttributeList>
          <NetworkSource><FlgNet xmlns="http://www.siemens.com/automation/Openness/SW/NetworkSource/FlgNet/v3">
  <Parts>
    <Access Scope="GlobalVariable" UId="21">
      <Symbol>
        <Component Name="PLC_BIT" />
        <Component Name="AGG1_FU" />
        <Address Area="DB" Type="Bool" BlockNumber="9" BitOffset="8" Informative="true" />
      </Symbol>
    </Access>
    <Access Scope="GlobalVariable" UId="22">
      <Symbol>
        <Component Name="C#2_WB" />
        <Component Name="SW_MAN/AUTO" />
        <Address Area="DB" Type="Bool" BlockNumber="2" BitOffset="4" Informative="true" />
      </Symbol>
    </Access>
    <Access Scope="GlobalVariable" UId="23">
      <Symbol>
        <Component Name="PLC_BIT" />
        <Component Name="RUN" />
        <Address Area="DB" Type="Bool" BlockNumber="9" BitOffset="0" Informative="true" />
      </Symbol>
    </Access>
    <Access Scope="GlobalVariable" UId="24">
      <Symbol>
        <Component Name="C#1_RB" />
        <Component Name="XA W_AG1" />
        <Address Area="DB" Type="Bool" BlockNumber="1" BitOffset="47" Informative="true" />
      </Symbol>
    </Access>
    <Access Scope="GlobalVariable" UId="25">
      <Symbol>
        <Component Name="P_XA PTG" />
        <Address Area="Memory" Type="Bool" BitOffset="877" Informative="true" />
      </Symbol>
    </Access>
    <Access Scope="GlobalVariable" UId="26">
      <Symbol>
        <Component Name="C#2_WB" />
        <Component Name="SW_MAN/AUTO" />
        <Address Area="DB" Type="Bool" BlockNumber="2" BitOffset="4" Informative="true" />
      </Symbol>
    </Access>
    <Access Scope="GlobalVariable" UId="27">
      <Symbol>
        <Component Name="PLC_BIT" />
        <Component Name="RUN" />
        <Address Area="DB" Type="Bool" BlockNumber="9" BitOffset="0" Informative="true" />
      </Symbol>
    </Access>
    <Access Scope="GlobalVariable" UId="28">
      <Symbol>
        <Component Name="C#1_RB" />
        <Component Name="DONG CUA" />
        <Address Area="DB" Type="Bool" BlockNumber="1" BitOffset="32" Informative="true" />
      </Symbol>
    </Access>
    <Access Scope="GlobalVariable" UId="29">
      <Symbol>
        <Component Name="C#7_RD_RUN" />
        <Component Name="PV_AG1" />
        <Address Area="DB" Type="Real" BlockNumber="7" BitOffset="0" Informative="true" />
      </Symbol>
    </Access>
    <Access Scope="GlobalVariable" UId="30">
      <Symbol>
        <Component Name="C#8_RD_REPORT" />
        <Component Name="PV_AGG1" />
        <Address Area="DB" Type="Real" BlockNumber="8" BitOffset="32" Informative="true" />
      </Symbol>
    </Access>
    <Access Scope="GlobalVariable" UId="31">
      <Symbol>
        <Component Name="C#7_RD_RUN" />
        <Component Name="PV_AG2" />
        <Address Area="DB" Type="Real" BlockNumber="7" BitOffset="160" Informative="true" />
      </Symbol>
    </Access>
    <Access Scope="GlobalVariable" UId="32">
      <Symbol>
        <Component Name="C#8_RD_REPORT" />
        <Component Name="PV_AGG2" />
        <Address Area="DB" Type="Real" BlockNumber="8" BitOffset="96" Informative="true" />
      </Symbol>
    </Access>
    <Access Scope="GlobalVariable" UId="33">
      <Symbol>
        <Component Name="C#7_RD_RUN" />
        <Component Name="PV_AG3" />
        <Address Area="DB" Type="Real" BlockNumber="7" BitOffset="256" Informative="true" />
      </Symbol>
    </Access>
    <Access Scope="GlobalVariable" UId="34">
      <Symbol>
        <Component Name="C#8_RD_REPORT" />
        <Component Name="PV_AGG3" />
        <Address Area="DB" Type="Real" BlockNumber="8" BitOffset="160" Informative="true" />
      </Symbol>
    </Access>
    <Access Scope="GlobalVariable" UId="35">
      <Symbol>
        <Component Name="C#7_RD_RUN" />
        <Component Name="PVM_AG3" />
        <Address Area="DB" Type="Real" BlockNumber="7" BitOffset="1280" Informative="true" />
      </Symbol>
    </Access>
    <Access Scope="GlobalVariable" UId="36">
      <Symbol>
        <Component Name="C#8_RD_REPORT" />
        <Component Name="PVM_AGG3" />
        <Address Area="DB" Type="Real" BlockNumber="8" BitOffset="192" Informative="true" />
      </Symbol>
    </Access>
    <Access Scope="GlobalVariable" UId="37">
      <Symbol>
        <Component Name="C#7_RD_RUN" />
        <Component Name="PVM_AG2" />
        <Address Area="DB" Type="Real" BlockNumber="7" BitOffset="1248" Informative="true" />
      </Symbol>
    </Access>
    <Access Scope="GlobalVariable" UId="38">
      <Symbol>
        <Component Name="C#8_RD_REPORT" />
        <Component Name="PVM_AGG2" />
        <Address Area="DB" Type="Real" BlockNumber="8" BitOffset="128" Informative="true" />
      </Symbol>
    </Access>
    <Access Scope="GlobalVariable" UId="39">
      <Symbol>
        <Component Name="C#7_RD_RUN" />
        <Component Name="PVM_AG1" />
        <Address Area="DB" Type="Real" BlockNumber="7" BitOffset="1216" Informative="true" />
      </Symbol>
    </Access>
    <Access Scope="GlobalVariable" UId="40">
      <Symbol>
        <Component Name="C#8_RD_REPORT" />
        <Component Name="PVM_AGG1" />
        <Address Area="DB" Type="Real" BlockNumber="8" BitOffset="64" Informative="true" />
      </Symbol>
    </Access>
    <Access Scope="GlobalVariable" UId="41">
      <Symbol>
        <Component Name="C#7_RD_RUN" />
        <Component Name="PV_AG4" />
        <Address Area="DB" Type="Real" BlockNumber="7" BitOffset="352" Informative="true" />
      </Symbol>
    </Access>
    <Access Scope="GlobalVariable" UId="42">
      <Symbol>
        <Component Name="C#8_RD_REPORT" />
        <Component Name="PV_AGG4" />
        <Address Area="DB" Type="Real" BlockNumber="8" BitOffset="224" Informative="true" />
      </Symbol>
    </Access>
    <Access Scope="GlobalVariable" UId="43">
      <Symbol>
        <Component Name="C#7_RD_RUN" />
        <Component Name="PV_AG5" />
        <Address Area="DB" Type="Real" BlockNumber="7" BitOffset="448" Informative="true" />
      </Symbol>
    </Access>
    <Access Scope="GlobalVariable" UId="44">
      <Symbol>
        <Component Name="C#8_RD_REPORT" />
        <Component Name="PV_AGG5" />
        <Address Area="DB" Type="Real" BlockNumber="8" BitOffset="288" Informative="true" />
      </Symbol>
    </Access>
    <Access Scope="GlobalVariable" UId="45">
      <Symbol>
        <Component Name="C#7_RD_RUN" />
        <Component Name="PVM_AG5" />
        <Address Area="DB" Type="Real" BlockNumber="7" BitOffset="1344" Informative="true" />
      </Symbol>
    </Access>
    <Access Scope="GlobalVariable" UId="46">
      <Symbol>
        <Component Name="C#8_RD_REPORT" />
        <Component Name="PVM_AGG5" />
        <Address Area="DB" Type="Real" BlockNumber="8" BitOffset="320" Informative="true" />
      </Symbol>
    </Access>
    <Access Scope="GlobalVariable" UId="47">
      <Symbol>
        <Component Name="C#7_RD_RUN" />
        <Component Name="PVM_AG4" />
        <Address Area="DB" Type="Real" BlockNumber="7" BitOffset="1312" Informative="true" />
      </Symbol>
    </Access>
    <Access Scope="GlobalVariable" UId="48">
      <Symbol>
        <Component Name="C#8_RD_REPORT" />
        <Component Name="PVM_AGG4" />
        <Address Area="DB" Type="Real" BlockNumber="8" BitOffset="256" Informative="true" />
      </Symbol>
    </Access>
    <Part Name="Contact" UId="49" />
    <Part Name="Contact" UId="50">
      <Negated Name="operand" />
    </Part>
    <Part Name="Contact" UId="51">
      <Negated Name="operand" />
    </Part>
    <Part Name="O" UId="52">
      <TemplateValue Name="Card" Type="Cardinality">2</TemplateValue>
    </Part>
    <Part Name="PContact" UId="53" />
    <Part Name="Contact" UId="54">
      <Negated Name="operand" />
    </Part>
    <Part Name="Contact" UId="55">
      <Negated Name="operand" />
    </Part>
    <Part Name="Contact" UId="56" />
    <Part Name="O" UId="57">
      <TemplateValue Name="Card" Type="Cardinality">2</TemplateValue>
    </Part>
    <Part Name="Move" UId="58" DisabledENO="true">
      <TemplateValue Name="Card" Type="Cardinality">1</TemplateValue>
    </Part>
    <Part Name="Move" UId="59" DisabledENO="true">
      <TemplateValue Name="Card" Type="Cardinality">1</TemplateValue>
    </Part>
    <Part Name="Move" UId="60" DisabledENO="true">
      <TemplateValue Name="Card" Type="Cardinality">1</TemplateValue>
    </Part>
    <Part Name="Move" UId="61" DisabledENO="true">
      <TemplateValue Name="Card" Type="Cardinality">1</TemplateValue>
    </Part>
    <Part Name="Move" UId="62" DisabledENO="true">
      <TemplateValue Name="Card" Type="Cardinality">1</TemplateValue>
    </Part>
    <Part Name="Move" UId="63" DisabledENO="true">
      <TemplateValue Name="Card" Type="Cardinality">1</TemplateValue>
    </Part>
    <Part Name="Move" UId="64" DisabledENO="true">
      <TemplateValue Name="Card" Type="Cardinality">1</TemplateValue>
    </Part>
    <Part Name="Move" UId="65" DisabledENO="true">
      <TemplateValue Name="Card" Type="Cardinality">1</TemplateValue>
    </Part>
    <Part Name="Move" UId="66" DisabledENO="true">
      <TemplateValue Name="Card" Type="Cardinality">1</TemplateValue>
    </Part>
    <Part Name="Move" UId="67" DisabledENO="true">
      <TemplateValue Name="Card" Type="Cardinality">1</TemplateValue>
    </Part>
  </Parts>
  <Wires>
    <Wire UId="68">
      <Powerrail />
      <NameCon UId="49" Name="in" />
      <NameCon UId="50" Name="in" />
    </Wire>
    <Wire UId="69">
      <IdentCon UId="21" />
      <NameCon UId="49" Name="operand" />
    </Wire>
    <Wire UId="70">
      <NameCon UId="49" Name="out" />
      <NameCon UId="52" Name="in1" />
    </Wire>
    <Wire UId="71">
      <IdentCon UId="22" />
      <NameCon UId="50" Name="operand" />
    </Wire>
    <Wire UId="72">
      <NameCon UId="50" Name="out" />
      <NameCon UId="51" Name="in" />
    </Wire>
    <Wire UId="73">
      <IdentCon UId="23" />
      <NameCon UId="51" Name="operand" />
    </Wire>
    <Wire UId="74">
      <NameCon UId="51" Name="out" />
      <NameCon UId="52" Name="in2" />
    </Wire>
    <Wire UId="75">
      <NameCon UId="52" Name="out" />
      <NameCon UId="53" Name="pre" />
      <NameCon UId="54" Name="in" />
    </Wire>
    <Wire UId="76">
      <IdentCon UId="25" />
      <NameCon UId="53" Name="bit" />
    </Wire>
    <Wire UId="77">
      <IdentCon UId="24" />
      <NameCon UId="53" Name="operand" />
    </Wire>
    <Wire UId="78">
      <NameCon UId="53" Name="out" />
      <NameCon UId="57" Name="in1" />
    </Wire>
    <Wire UId="79">
      <IdentCon UId="26" />
      <NameCon UId="54" Name="operand" />
    </Wire>
    <Wire UId="80">
      <NameCon UId="54" Name="out" />
      <NameCon UId="55" Name="in" />
    </Wire>
    <Wire UId="81">
      <IdentCon UId="27" />
      <NameCon UId="55" Name="operand" />
    </Wire>
    <Wire UId="82">
      <NameCon UId="55" Name="out" />
      <NameCon UId="56" Name="in" />
    </Wire>
    <Wire UId="83">
      <IdentCon UId="28" />
      <NameCon UId="56" Name="operand" />
    </Wire>
    <Wire UId="84">
      <NameCon UId="56" Name="out" />
      <NameCon UId="57" Name="in2" />
    </Wire>
    <Wire UId="85">
      <NameCon UId="57" Name="out" />
      <NameCon UId="58" Name="en" />
      <NameCon UId="63" Name="en" />
      <NameCon UId="64" Name="en" />
      <NameCon UId="67" Name="en" />
    </Wire>
    <Wire UId="86">
      <IdentCon UId="29" />
      <NameCon UId="58" Name="in" />
    </Wire>
    <Wire UId="87">
      <NameCon UId="58" Name="eno" />
      <NameCon UId="59" Name="en" />
      <NameCon UId="62" Name="en" />
    </Wire>
    <Wire UId="88">
      <NameCon UId="58" Name="out1" />
      <IdentCon UId="30" />
    </Wire>
    <Wire UId="89">
      <IdentCon UId="31" />
      <NameCon UId="59" Name="in" />
    </Wire>
    <Wire UId="90">
      <NameCon UId="59" Name="eno" />
      <NameCon UId="60" Name="en" />
      <NameCon UId="61" Name="en" />
    </Wire>
    <Wire UId="91">
      <NameCon UId="59" Name="out1" />
      <IdentCon UId="32" />
    </Wire>
    <Wire UId="92">
      <IdentCon UId="33" />
      <NameCon UId="60" Name="in" />
    </Wire>
    <Wire UId="93">
      <NameCon UId="60" Name="out1" />
      <IdentCon UId="34" />
    </Wire>
    <Wire UId="94">
      <IdentCon UId="35" />
      <NameCon UId="61" Name="in" />
    </Wire>
    <Wire UId="95">
      <NameCon UId="61" Name="out1" />
      <IdentCon UId="36" />
    </Wire>
    <Wire UId="96">
      <IdentCon UId="37" />
      <NameCon UId="62" Name="in" />
    </Wire>
    <Wire UId="97">
      <NameCon UId="62" Name="out1" />
      <IdentCon UId="38" />
    </Wire>
    <Wire UId="98">
      <IdentCon UId="39" />
      <NameCon UId="63" Name="in" />
    </Wire>
    <Wire UId="99">
      <NameCon UId="63" Name="out1" />
      <IdentCon UId="40" />
    </Wire>
    <Wire UId="100">
      <IdentCon UId="41" />
      <NameCon UId="64" Name="in" />
    </Wire>
    <Wire UId="101">
      <NameCon UId="64" Name="eno" />
      <NameCon UId="65" Name="en" />
      <NameCon UId="66" Name="en" />
    </Wire>
    <Wire UId="102">
      <NameCon UId="64" Name="out1" />
      <IdentCon UId="42" />
    </Wire>
    <Wire UId="103">
      <IdentCon UId="43" />
      <NameCon UId="65" Name="in" />
    </Wire>
    <Wire UId="104">
      <NameCon UId="65" Name="out1" />
      <IdentCon UId="44" />
    </Wire>
    <Wire UId="105">
      <IdentCon UId="45" />
      <NameCon UId="66" Name="in" />
    </Wire>
    <Wire UId="106">
      <NameCon UId="66" Name="out1" />
      <IdentCon UId="46" />
    </Wire>
    <Wire UId="107">
      <IdentCon UId="47" />
      <NameCon UId="67" Name="in" />
    </Wire>
    <Wire UId="108">
      <NameCon UId="67" Name="out1" />
      <IdentCon UId="48" />
    </Wire>
  </Wires>
</FlgNet></NetworkSource>
          <ProgrammingLanguage>LAD</ProgrammingLanguage>
        </AttributeList>
        <ObjectList>
          <MultilingualText ID="4" CompositionName="Comment">
            <ObjectList>
              <MultilingualTextItem ID="5" CompositionName="Items">
                <AttributeList>
                  <Culture>en-US</Culture>
                  <Text />
                </AttributeList>
              </MultilingualTextItem>
            </ObjectList>
          </MultilingualText>
          <MultilingualText ID="6" CompositionName="Title">
            <ObjectList>
              <MultilingualTextItem ID="7" CompositionName="Items">
                <AttributeList>
                  <Culture>en-US</Culture>
                  <Text>Lưu dữ liệu Cốt liệu</Text>
                </AttributeList>
              </MultilingualTextItem>
            </ObjectList>
          </MultilingualText>
        </ObjectList>
      </SW.Blocks.CompileUnit>
      <SW.Blocks.CompileUnit ID="8" CompositionName="CompileUnits">
        <AttributeList>
          <NetworkSource><FlgNet xmlns="http://www.siemens.com/automation/Openness/SW/NetworkSource/FlgNet/v3">
  <Parts>
    <Access Scope="GlobalVariable" UId="21">
      <Symbol>
        <Component Name="PLC_BIT" />
        <Component Name="WCE1_FU" />
        <Address Area="DB" Type="Bool" BlockNumber="9" BitOffset="29" Informative="true" />
      </Symbol>
    </Access>
    <Access Scope="GlobalVariable" UId="22">
      <Symbol>
        <Component Name="C#2_WB" />
        <Component Name="SW_MAN/AUTO" />
        <Address Area="DB" Type="Bool" BlockNumber="2" BitOffset="4" Informative="true" />
      </Symbol>
    </Access>
    <Access Scope="GlobalVariable" UId="23">
      <Symbol>
        <Component Name="PLC_BIT" />
        <Component Name="RUN" />
        <Address Area="DB" Type="Bool" BlockNumber="9" BitOffset="0" Informative="true" />
      </Symbol>
    </Access>
    <Access Scope="GlobalVariable" UId="24">
      <Symbol>
        <Component Name="C#1_RB" />
        <Component Name="XA W_FD1" />
        <Address Area="DB" Type="Bool" BlockNumber="1" BitOffset="48" Informative="true" />
      </Symbol>
    </Access>
    <Access Scope="GlobalVariable" UId="25">
      <Symbol>
        <Component Name="P_XA CEM1" />
        <Address Area="Memory" Type="Bool" BitOffset="878" Informative="true" />
      </Symbol>
    </Access>
    <Access Scope="GlobalVariable" UId="26">
      <Symbol>
        <Component Name="C#2_WB" />
        <Component Name="SW_MAN/AUTO" />
        <Address Area="DB" Type="Bool" BlockNumber="2" BitOffset="4" Informative="true" />
      </Symbol>
    </Access>
    <Access Scope="GlobalVariable" UId="27">
      <Symbol>
        <Component Name="PLC_BIT" />
        <Component Name="RUN" />
        <Address Area="DB" Type="Bool" BlockNumber="9" BitOffset="0" Informative="true" />
      </Symbol>
    </Access>
    <Access Scope="GlobalVariable" UId="28">
      <Symbol>
        <Component Name="C#1_RB" />
        <Component Name="DONG CUA" />
        <Address Area="DB" Type="Bool" BlockNumber="1" BitOffset="32" Informative="true" />
      </Symbol>
    </Access>
    <Access Scope="GlobalVariable" UId="29">
      <Symbol>
        <Component Name="C#7_RD_RUN" />
        <Component Name="PV_FD1" />
        <Address Area="DB" Type="Real" BlockNumber="7" BitOffset="544" Informative="true" />
      </Symbol>
    </Access>
    <Access Scope="GlobalVariable" UId="30">
      <Symbol>
        <Component Name="C#8_RD_REPORT" />
        <Component Name="PV_FD1" />
        <Address Area="DB" Type="Real" BlockNumber="8" BitOffset="416" Informative="true" />
      </Symbol>
    </Access>
    <Access Scope="GlobalVariable" UId="31">
      <Symbol>
        <Component Name="C#7_RD_RUN" />
        <Component Name="PVM_FD1" />
        <Address Area="DB" Type="Real" BlockNumber="7" BitOffset="1376" Informative="true" />
      </Symbol>
    </Access>
    <Access Scope="GlobalVariable" UId="32">
      <Symbol>
        <Component Name="C#8_RD_REPORT" />
        <Component Name="PVM_FD1" />
        <Address Area="DB" Type="Real" BlockNumber="8" BitOffset="448" Informative="true" />
      </Symbol>
    </Access>
    <Part Name="Contact" UId="33" />
    <Part Name="Contact" UId="34">
      <Negated Name="operand" />
    </Part>
    <Part Name="Contact" UId="35">
      <Negated Name="operand" />
    </Part>
    <Part Name="O" UId="36">
      <TemplateValue Name="Card" Type="Cardinality">2</TemplateValue>
    </Part>
    <Part Name="PContact" UId="37" />
    <Part Name="Contact" UId="38">
      <Negated Name="operand" />
    </Part>
    <Part Name="Contact" UId="39">
      <Negated Name="operand" />
    </Part>
    <Part Name="Contact" UId="40" />
    <Part Name="O" UId="41">
      <TemplateValue Name="Card" Type="Cardinality">2</TemplateValue>
    </Part>
    <Part Name="Move" UId="42" DisabledENO="true">
      <TemplateValue Name="Card" Type="Cardinality">1</TemplateValue>
    </Part>
    <Part Name="Move" UId="43" DisabledENO="true">
      <TemplateValue Name="Card" Type="Cardinality">1</TemplateValue>
    </Part>
  </Parts>
  <Wires>
    <Wire UId="44">
      <Powerrail />
      <NameCon UId="33" Name="in" />
      <NameCon UId="34" Name="in" />
    </Wire>
    <Wire UId="45">
      <IdentCon UId="21" />
      <NameCon UId="33" Name="operand" />
    </Wire>
    <Wire UId="46">
      <NameCon UId="33" Name="out" />
      <NameCon UId="36" Name="in1" />
    </Wire>
    <Wire UId="47">
      <IdentCon UId="22" />
      <NameCon UId="34" Name="operand" />
    </Wire>
    <Wire UId="48">
      <NameCon UId="34" Name="out" />
      <NameCon UId="35" Name="in" />
    </Wire>
    <Wire UId="49">
      <IdentCon UId="23" />
      <NameCon UId="35" Name="operand" />
    </Wire>
    <Wire UId="50">
      <NameCon UId="35" Name="out" />
      <NameCon UId="36" Name="in2" />
    </Wire>
    <Wire UId="51">
      <NameCon UId="36" Name="out" />
      <NameCon UId="37" Name="pre" />
      <NameCon UId="38" Name="in" />
    </Wire>
    <Wire UId="52">
      <IdentCon UId="25" />
      <NameCon UId="37" Name="bit" />
    </Wire>
    <Wire UId="53">
      <IdentCon UId="24" />
      <NameCon UId="37" Name="operand" />
    </Wire>
    <Wire UId="54">
      <NameCon UId="37" Name="out" />
      <NameCon UId="41" Name="in1" />
    </Wire>
    <Wire UId="55">
      <IdentCon UId="26" />
      <NameCon UId="38" Name="operand" />
    </Wire>
    <Wire UId="56">
      <NameCon UId="38" Name="out" />
      <NameCon UId="39" Name="in" />
    </Wire>
    <Wire UId="57">
      <IdentCon UId="27" />
      <NameCon UId="39" Name="operand" />
    </Wire>
    <Wire UId="58">
      <NameCon UId="39" Name="out" />
      <NameCon UId="40" Name="in" />
    </Wire>
    <Wire UId="59">
      <IdentCon UId="28" />
      <NameCon UId="40" Name="operand" />
    </Wire>
    <Wire UId="60">
      <NameCon UId="40" Name="out" />
      <NameCon UId="41" Name="in2" />
    </Wire>
    <Wire UId="61">
      <NameCon UId="41" Name="out" />
      <NameCon UId="42" Name="en" />
      <NameCon UId="43" Name="en" />
    </Wire>
    <Wire UId="62">
      <IdentCon UId="29" />
      <NameCon UId="42" Name="in" />
    </Wire>
    <Wire UId="63">
      <NameCon UId="42" Name="out1" />
      <IdentCon UId="30" />
    </Wire>
    <Wire UId="64">
      <IdentCon UId="31" />
      <NameCon UId="43" Name="in" />
    </Wire>
    <Wire UId="65">
      <NameCon UId="43" Name="out1" />
      <IdentCon UId="32" />
    </Wire>
  </Wires>
</FlgNet></NetworkSource>
          <ProgrammingLanguage>LAD</ProgrammingLanguage>
        </AttributeList>
        <ObjectList>
          <MultilingualText ID="9" CompositionName="Comment">
            <ObjectList>
              <MultilingualTextItem ID="A" CompositionName="Items">
                <AttributeList>
                  <Culture>en-US</Culture>
                  <Text />
                </AttributeList>
              </MultilingualTextItem>
            </ObjectList>
          </MultilingualText>
          <MultilingualText ID="B" CompositionName="Title">
            <ObjectList>
              <MultilingualTextItem ID="C" CompositionName="Items">
                <AttributeList>
                  <Culture>en-US</Culture>
                  <Text>Lưu dữ liệu Xi măng</Text>
                </AttributeList>
              </MultilingualTextItem>
            </ObjectList>
          </MultilingualText>
        </ObjectList>
      </SW.Blocks.CompileUnit>
      <SW.Blocks.CompileUnit ID="D" CompositionName="CompileUnits">
        <AttributeList>
          <NetworkSource><FlgNet xmlns="http://www.siemens.com/automation/Openness/SW/NetworkSource/FlgNet/v3">
  <Parts>
    <Access Scope="GlobalVariable" UId="21">
      <Symbol>
        <Component Name="PLC_BIT" />
        <Component Name="WWA1_FU" />
        <Address Area="DB" Type="Bool" BlockNumber="9" BitOffset="36" Informative="true" />
      </Symbol>
    </Access>
    <Access Scope="GlobalVariable" UId="22">
      <Symbol>
        <Component Name="C#2_WB" />
        <Component Name="SW_MAN/AUTO" />
        <Address Area="DB" Type="Bool" BlockNumber="2" BitOffset="4" Informative="true" />
      </Symbol>
    </Access>
    <Access Scope="GlobalVariable" UId="23">
      <Symbol>
        <Component Name="PLC_BIT" />
        <Component Name="RUN" />
        <Address Area="DB" Type="Bool" BlockNumber="9" BitOffset="0" Informative="true" />
      </Symbol>
    </Access>
    <Access Scope="GlobalVariable" UId="24">
      <Symbol>
        <Component Name="C#1_RB" />
        <Component Name="XA W_AP1" />
        <Address Area="DB" Type="Bool" BlockNumber="1" BitOffset="49" Informative="true" />
      </Symbol>
    </Access>
    <Access Scope="GlobalVariable" UId="25">
      <Symbol>
        <Component Name="P_XA WAT1" />
        <Address Area="Memory" Type="Bool" BitOffset="880" Informative="true" />
      </Symbol>
    </Access>
    <Access Scope="GlobalVariable" UId="26">
      <Symbol>
        <Component Name="C#2_WB" />
        <Component Name="SW_MAN/AUTO" />
        <Address Area="DB" Type="Bool" BlockNumber="2" BitOffset="4" Informative="true" />
      </Symbol>
    </Access>
    <Access Scope="GlobalVariable" UId="27">
      <Symbol>
        <Component Name="PLC_BIT" />
        <Component Name="RUN" />
        <Address Area="DB" Type="Bool" BlockNumber="9" BitOffset="0" Informative="true" />
      </Symbol>
    </Access>
    <Access Scope="GlobalVariable" UId="28">
      <Symbol>
        <Component Name="C#1_RB" />
        <Component Name="DONG CUA" />
        <Address Area="DB" Type="Bool" BlockNumber="1" BitOffset="32" Informative="true" />
      </Symbol>
    </Access>
    <Access Scope="GlobalVariable" UId="29">
      <Symbol>
        <Component Name="C#7_RD_RUN" />
        <Component Name="PV_AP1" />
        <Address Area="DB" Type="Real" BlockNumber="7" BitOffset="704" Informative="true" />
      </Symbol>
    </Access>
    <Access Scope="GlobalVariable" UId="30">
      <Symbol>
        <Component Name="C#8_RD_REPORT" />
        <Component Name="PV_AP1" />
        <Address Area="DB" Type="Real" BlockNumber="8" BitOffset="480" Informative="true" />
      </Symbol>
    </Access>
    <Access Scope="GlobalVariable" UId="31">
      <Symbol>
        <Component Name="C#7_RD_RUN" />
        <Component Name="PVM_AP1" />
        <Address Area="DB" Type="Real" BlockNumber="7" BitOffset="1408" Informative="true" />
      </Symbol>
    </Access>
    <Access Scope="GlobalVariable" UId="32">
      <Symbol>
        <Component Name="C#8_RD_REPORT" />
        <Component Name="PVM_AP1" />
        <Address Area="DB" Type="Real" BlockNumber="8" BitOffset="512" Informative="true" />
      </Symbol>
    </Access>
    <Part Name="Contact" UId="33" />
    <Part Name="Contact" UId="34">
      <Negated Name="operand" />
    </Part>
    <Part Name="Contact" UId="35">
      <Negated Name="operand" />
    </Part>
    <Part Name="O" UId="36">
      <TemplateValue Name="Card" Type="Cardinality">2</TemplateValue>
    </Part>
    <Part Name="PContact" UId="37" />
    <Part Name="Contact" UId="38">
      <Negated Name="operand" />
    </Part>
    <Part Name="Contact" UId="39">
      <Negated Name="operand" />
    </Part>
    <Part Name="Contact" UId="40" />
    <Part Name="O" UId="41">
      <TemplateValue Name="Card" Type="Cardinality">2</TemplateValue>
    </Part>
    <Part Name="Move" UId="42" DisabledENO="true">
      <TemplateValue Name="Card" Type="Cardinality">1</TemplateValue>
    </Part>
    <Part Name="Move" UId="43" DisabledENO="true">
      <TemplateValue Name="Card" Type="Cardinality">1</TemplateValue>
    </Part>
  </Parts>
  <Wires>
    <Wire UId="44">
      <Powerrail />
      <NameCon UId="33" Name="in" />
      <NameCon UId="34" Name="in" />
    </Wire>
    <Wire UId="45">
      <IdentCon UId="21" />
      <NameCon UId="33" Name="operand" />
    </Wire>
    <Wire UId="46">
      <NameCon UId="33" Name="out" />
      <NameCon UId="36" Name="in1" />
    </Wire>
    <Wire UId="47">
      <IdentCon UId="22" />
      <NameCon UId="34" Name="operand" />
    </Wire>
    <Wire UId="48">
      <NameCon UId="34" Name="out" />
      <NameCon UId="35" Name="in" />
    </Wire>
    <Wire UId="49">
      <IdentCon UId="23" />
      <NameCon UId="35" Name="operand" />
    </Wire>
    <Wire UId="50">
      <NameCon UId="35" Name="out" />
      <NameCon UId="36" Name="in2" />
    </Wire>
    <Wire UId="51">
      <NameCon UId="36" Name="out" />
      <NameCon UId="37" Name="pre" />
      <NameCon UId="38" Name="in" />
    </Wire>
    <Wire UId="52">
      <IdentCon UId="25" />
      <NameCon UId="37" Name="bit" />
    </Wire>
    <Wire UId="53">
      <IdentCon UId="24" />
      <NameCon UId="37" Name="operand" />
    </Wire>
    <Wire UId="54">
      <NameCon UId="37" Name="out" />
      <NameCon UId="41" Name="in1" />
    </Wire>
    <Wire UId="55">
      <IdentCon UId="26" />
      <NameCon UId="38" Name="operand" />
    </Wire>
    <Wire UId="56">
      <NameCon UId="38" Name="out" />
      <NameCon UId="39" Name="in" />
    </Wire>
    <Wire UId="57">
      <IdentCon UId="27" />
      <NameCon UId="39" Name="operand" />
    </Wire>
    <Wire UId="58">
      <NameCon UId="39" Name="out" />
      <NameCon UId="40" Name="in" />
    </Wire>
    <Wire UId="59">
      <IdentCon UId="28" />
      <NameCon UId="40" Name="operand" />
    </Wire>
    <Wire UId="60">
      <NameCon UId="40" Name="out" />
      <NameCon UId="41" Name="in2" />
    </Wire>
    <Wire UId="61">
      <NameCon UId="41" Name="out" />
      <NameCon UId="42" Name="en" />
      <NameCon UId="43" Name="en" />
    </Wire>
    <Wire UId="62">
      <IdentCon UId="29" />
      <NameCon UId="42" Name="in" />
    </Wire>
    <Wire UId="63">
      <NameCon UId="42" Name="out1" />
      <IdentCon UId="30" />
    </Wire>
    <Wire UId="64">
      <IdentCon UId="31" />
      <NameCon UId="43" Name="in" />
    </Wire>
    <Wire UId="65">
      <NameCon UId="43" Name="out1" />
      <IdentCon UId="32" />
    </Wire>
  </Wires>
</FlgNet></NetworkSource>
          <ProgrammingLanguage>LAD</ProgrammingLanguage>
        </AttributeList>
        <ObjectList>
          <MultilingualText ID="E" CompositionName="Comment">
            <ObjectList>
              <MultilingualTextItem ID="F" CompositionName="Items">
                <AttributeList>
                  <Culture>en-US</Culture>
                  <Text />
                </AttributeList>
              </MultilingualTextItem>
            </ObjectList>
          </MultilingualText>
          <MultilingualText ID="10" CompositionName="Title">
            <ObjectList>
              <MultilingualTextItem ID="11" CompositionName="Items">
                <AttributeList>
                  <Culture>en-US</Culture>
                  <Text>Lưu dữ liệu Nhựa</Text>
                </AttributeList>
              </MultilingualTextItem>
            </ObjectList>
          </MultilingualText>
        </ObjectList>
      </SW.Blocks.CompileUnit>
      <SW.Blocks.CompileUnit ID="12" CompositionName="CompileUnits">
        <AttributeList>
          <NetworkSource><FlgNet xmlns="http://www.siemens.com/automation/Openness/SW/NetworkSource/FlgNet/v3">
  <Parts>
    <Access Scope="GlobalVariable" UId="21">
      <Symbol>
        <Component Name="PLC_BIT" />
        <Component Name="WAD1_FU" />
        <Address Area="DB" Type="Bool" BlockNumber="9" BitOffset="44" Informative="true" />
      </Symbol>
    </Access>
    <Access Scope="GlobalVariable" UId="22">
      <Symbol>
        <Component Name="C#2_WB" />
        <Component Name="SW_MAN/AUTO" />
        <Address Area="DB" Type="Bool" BlockNumber="2" BitOffset="4" Informative="true" />
      </Symbol>
    </Access>
    <Access Scope="GlobalVariable" UId="23">
      <Symbol>
        <Component Name="PLC_BIT" />
        <Component Name="RUN" />
        <Address Area="DB" Type="Bool" BlockNumber="9" BitOffset="0" Informative="true" />
      </Symbol>
    </Access>
    <Access Scope="GlobalVariable" UId="24">
      <Symbol>
        <Component Name="C#1_RB" />
        <Component Name="XA W_SB1" />
        <Address Area="DB" Type="Bool" BlockNumber="1" BitOffset="50" Informative="true" />
      </Symbol>
    </Access>
    <Access Scope="GlobalVariable" UId="25">
      <Symbol>
        <Component Name="P_XA ADD1" />
        <Address Area="Memory" Type="Bool" BitOffset="882" Informative="true" />
      </Symbol>
    </Access>
    <Access Scope="GlobalVariable" UId="26">
      <Symbol>
        <Component Name="C#2_WB" />
        <Component Name="SW_MAN/AUTO" />
        <Address Area="DB" Type="Bool" BlockNumber="2" BitOffset="4" Informative="true" />
      </Symbol>
    </Access>
    <Access Scope="GlobalVariable" UId="27">
      <Symbol>
        <Component Name="PLC_BIT" />
        <Component Name="RUN" />
        <Address Area="DB" Type="Bool" BlockNumber="9" BitOffset="0" Informative="true" />
      </Symbol>
    </Access>
    <Access Scope="GlobalVariable" UId="28">
      <Symbol>
        <Component Name="C#1_RB" />
        <Component Name="DONG CUA" />
        <Address Area="DB" Type="Bool" BlockNumber="1" BitOffset="32" Informative="true" />
      </Symbol>
    </Access>
    <Access Scope="GlobalVariable" UId="29">
      <Symbol>
        <Component Name="C#7_RD_RUN" />
        <Component Name="PV_SB1" />
        <Address Area="DB" Type="Real" BlockNumber="7" BitOffset="864" Informative="true" />
      </Symbol>
    </Access>
    <Access Scope="GlobalVariable" UId="30">
      <Symbol>
        <Component Name="C#8_RD_REPORT" />
        <Component Name="PV_SB1" />
        <Address Area="DB" Type="Real" BlockNumber="8" BitOffset="576" Informative="true" />
      </Symbol>
    </Access>
    <Access Scope="GlobalVariable" UId="31">
      <Symbol>
        <Component Name="C#7_RD_RUN" />
        <Component Name="PVM_SB1" />
        <Address Area="DB" Type="Real" BlockNumber="7" BitOffset="1440" Informative="true" />
      </Symbol>
    </Access>
    <Access Scope="GlobalVariable" UId="32">
      <Symbol>
        <Component Name="C#8_RD_REPORT" />
        <Component Name="PVM_SB1" />
        <Address Area="DB" Type="Real" BlockNumber="8" BitOffset="608" Informative="true" />
      </Symbol>
    </Access>
    <Part Name="Contact" UId="33" />
    <Part Name="Contact" UId="34">
      <Negated Name="operand" />
    </Part>
    <Part Name="Contact" UId="35">
      <Negated Name="operand" />
    </Part>
    <Part Name="O" UId="36">
      <TemplateValue Name="Card" Type="Cardinality">2</TemplateValue>
    </Part>
    <Part Name="PContact" UId="37" />
    <Part Name="Contact" UId="38">
      <Negated Name="operand" />
    </Part>
    <Part Name="Contact" UId="39">
      <Negated Name="operand" />
    </Part>
    <Part Name="Contact" UId="40" />
    <Part Name="O" UId="41">
      <TemplateValue Name="Card" Type="Cardinality">2</TemplateValue>
    </Part>
    <Part Name="Move" UId="42" DisabledENO="true">
      <TemplateValue Name="Card" Type="Cardinality">1</TemplateValue>
    </Part>
    <Part Name="Move" UId="43" DisabledENO="true">
      <TemplateValue Name="Card" Type="Cardinality">1</TemplateValue>
    </Part>
  </Parts>
  <Wires>
    <Wire UId="44">
      <Powerrail />
      <NameCon UId="33" Name="in" />
      <NameCon UId="34" Name="in" />
    </Wire>
    <Wire UId="45">
      <IdentCon UId="21" />
      <NameCon UId="33" Name="operand" />
    </Wire>
    <Wire UId="46">
      <NameCon UId="33" Name="out" />
      <NameCon UId="36" Name="in1" />
    </Wire>
    <Wire UId="47">
      <IdentCon UId="22" />
      <NameCon UId="34" Name="operand" />
    </Wire>
    <Wire UId="48">
      <NameCon UId="34" Name="out" />
      <NameCon UId="35" Name="in" />
    </Wire>
    <Wire UId="49">
      <IdentCon UId="23" />
      <NameCon UId="35" Name="operand" />
    </Wire>
    <Wire UId="50">
      <NameCon UId="35" Name="out" />
      <NameCon UId="36" Name="in2" />
    </Wire>
    <Wire UId="51">
      <NameCon UId="36" Name="out" />
      <NameCon UId="37" Name="pre" />
      <NameCon UId="38" Name="in" />
    </Wire>
    <Wire UId="52">
      <IdentCon UId="25" />
      <NameCon UId="37" Name="bit" />
    </Wire>
    <Wire UId="53">
      <IdentCon UId="24" />
      <NameCon UId="37" Name="operand" />
    </Wire>
    <Wire UId="54">
      <NameCon UId="37" Name="out" />
      <NameCon UId="41" Name="in1" />
    </Wire>
    <Wire UId="55">
      <IdentCon UId="26" />
      <NameCon UId="38" Name="operand" />
    </Wire>
    <Wire UId="56">
      <NameCon UId="38" Name="out" />
      <NameCon UId="39" Name="in" />
    </Wire>
    <Wire UId="57">
      <IdentCon UId="27" />
      <NameCon UId="39" Name="operand" />
    </Wire>
    <Wire UId="58">
      <NameCon UId="39" Name="out" />
      <NameCon UId="40" Name="in" />
    </Wire>
    <Wire UId="59">
      <IdentCon UId="28" />
      <NameCon UId="40" Name="operand" />
    </Wire>
    <Wire UId="60">
      <NameCon UId="40" Name="out" />
      <NameCon UId="41" Name="in2" />
    </Wire>
    <Wire UId="61">
      <NameCon UId="41" Name="out" />
      <NameCon UId="42" Name="en" />
      <NameCon UId="43" Name="en" />
    </Wire>
    <Wire UId="62">
      <IdentCon UId="29" />
      <NameCon UId="42" Name="in" />
    </Wire>
    <Wire UId="63">
      <NameCon UId="42" Name="out1" />
      <IdentCon UId="30" />
    </Wire>
    <Wire UId="64">
      <IdentCon UId="31" />
      <NameCon UId="43" Name="in" />
    </Wire>
    <Wire UId="65">
      <NameCon UId="43" Name="out1" />
      <IdentCon UId="32" />
    </Wire>
  </Wires>
</FlgNet></NetworkSource>
          <ProgrammingLanguage>LAD</ProgrammingLanguage>
        </AttributeList>
        <ObjectList>
          <MultilingualText ID="13" CompositionName="Comment">
            <ObjectList>
              <MultilingualTextItem ID="14" CompositionName="Items">
                <AttributeList>
                  <Culture>en-US</Culture>
                  <Text />
                </AttributeList>
              </MultilingualTextItem>
            </ObjectList>
          </MultilingualText>
          <MultilingualText ID="15" CompositionName="Title">
            <ObjectList>
              <MultilingualTextItem ID="16" CompositionName="Items">
                <AttributeList>
                  <Culture>en-US</Culture>
                  <Text>Lưu dữ liệu Phụ gia SBS</Text>
                </AttributeList>
              </MultilingualTextItem>
            </ObjectList>
          </MultilingualText>
        </ObjectList>
      </SW.Blocks.CompileUnit>
      <SW.Blocks.CompileUnit ID="17" CompositionName="CompileUnits">
        <AttributeList>
          <NetworkSource><FlgNet xmlns="http://www.siemens.com/automation/Openness/SW/NetworkSource/FlgNet/v3">
  <Parts>
    <Access Scope="GlobalVariable" UId="21">
      <Symbol>
        <Component Name="C#7_RD_RUN" />
        <Component Name="TEMP_AGG" />
        <Address Area="DB" Type="Real" BlockNumber="7" BitOffset="1504" Informative="true" />
      </Symbol>
    </Access>
    <Access Scope="GlobalVariable" UId="22">
      <Symbol>
        <Component Name="C#8_RD_REPORT" />
        <Component Name="TEMP_AG" />
        <Address Area="DB" Type="Real" BlockNumber="8" BitOffset="384" Informative="true" />
      </Symbol>
    </Access>
    <Access Scope="GlobalVariable" UId="23">
      <Symbol>
        <Component Name="C#7_RD_RUN" />
        <Component Name="TEMP_NHUA" />
        <Address Area="DB" Type="Real" BlockNumber="7" BitOffset="1568" Informative="true" />
      </Symbol>
    </Access>
    <Access Scope="GlobalVariable" UId="24">
      <Symbol>
        <Component Name="C#8_RD_REPORT" />
        <Component Name="TEMP_AP" />
        <Address Area="DB" Type="Real" BlockNumber="8" BitOffset="544" Informative="true" />
      </Symbol>
    </Access>
    <Access Scope="GlobalVariable" UId="25">
      <Symbol>
        <Component Name="C#7_RD_RUN" />
        <Component Name="TEMP_TANSAY" />
        <Address Area="DB" Type="Real" BlockNumber="7" BitOffset="1536" Informative="true" />
      </Symbol>
    </Access>
    <Access Scope="GlobalVariable" UId="26">
      <Symbol>
        <Component Name="C#8_RD_REPORT" />
        <Component Name="TEMP_TS" />
        <Address Area="DB" Type="Real" BlockNumber="8" BitOffset="352" Informative="true" />
      </Symbol>
    </Access>
    <Part Name="Move" UId="27" DisabledENO="true">
      <TemplateValue Name="Card" Type="Cardinality">1</TemplateValue>
    </Part>
    <Part Name="Move" UId="28" DisabledENO="true">
      <TemplateValue Name="Card" Type="Cardinality">1</TemplateValue>
    </Part>
    <Part Name="Move" UId="29" DisabledENO="true">
      <TemplateValue Name="Card" Type="Cardinality">1</TemplateValue>
    </Part>
  </Parts>
  <Wires>
    <Wire UId="30">
      <Powerrail />
      <NameCon UId="27" Name="en" />
    </Wire>
    <Wire UId="31">
      <IdentCon UId="21" />
      <NameCon UId="27" Name="in" />
    </Wire>
    <Wire UId="32">
      <NameCon UId="27" Name="eno" />
      <NameCon UId="28" Name="en" />
    </Wire>
    <Wire UId="33">
      <NameCon UId="27" Name="out1" />
      <IdentCon UId="22" />
    </Wire>
    <Wire UId="34">
      <IdentCon UId="23" />
      <NameCon UId="28" Name="in" />
    </Wire>
    <Wire UId="35">
      <NameCon UId="28" Name="eno" />
      <NameCon UId="29" Name="en" />
    </Wire>
    <Wire UId="36">
      <NameCon UId="28" Name="out1" />
      <IdentCon UId="24" />
    </Wire>
    <Wire UId="37">
      <IdentCon UId="25" />
      <NameCon UId="29" Name="in" />
    </Wire>
    <Wire UId="38">
      <NameCon UId="29" Name="out1" />
      <IdentCon UId="26" />
    </Wire>
  </Wires>
</FlgNet></NetworkSource>
          <ProgrammingLanguage>LAD</ProgrammingLanguage>
        </AttributeList>
        <ObjectList>
          <MultilingualText ID="18" CompositionName="Comment">
            <ObjectList>
              <MultilingualTextItem ID="19" CompositionName="Items">
                <AttributeList>
                  <Culture>en-US</Culture>
                  <Text />
                </AttributeList>
              </MultilingualTextItem>
            </ObjectList>
          </MultilingualText>
          <MultilingualText ID="1A" CompositionName="Title">
            <ObjectList>
              <MultilingualTextItem ID="1B" CompositionName="Items">
                <AttributeList>
                  <Culture>en-US</Culture>
                  <Text>Lưu nhiệt độ</Text>
                </AttributeList>
              </MultilingualTextItem>
            </ObjectList>
          </MultilingualText>
        </ObjectList>
      </SW.Blocks.CompileUnit>
      <SW.Blocks.CompileUnit ID="1C" CompositionName="CompileUnits">
        <AttributeList>
          <NetworkSource />
          <ProgrammingLanguage>LAD</ProgrammingLanguage>
        </AttributeList>
        <ObjectList>
          <MultilingualText ID="1D" CompositionName="Comment">
            <ObjectList>
              <MultilingualTextItem ID="1E" CompositionName="Items">
                <AttributeList>
                  <Culture>en-US</Culture>
                  <Text />
                </AttributeList>
              </MultilingualTextItem>
            </ObjectList>
          </MultilingualText>
          <MultilingualText ID="1F" CompositionName="Title">
            <ObjectList>
              <MultilingualTextItem ID="20" CompositionName="Items">
                <AttributeList>
                  <Culture>en-US</Culture>
                  <Text />
                </AttributeList>
              </MultilingualTextItem>
            </ObjectList>
          </MultilingualText>
        </ObjectList>
      </SW.Blocks.CompileUnit>
      <MultilingualText ID="21" CompositionName="Title">
        <ObjectList>
          <MultilingualTextItem ID="22" CompositionName="Items">
            <AttributeList>
              <Culture>en-US</Culture>
              <Text />
            </AttributeList>
          </MultilingualTextItem>
        </ObjectList>
      </MultilingualText>
    </ObjectList>
  </SW.Blocks.FC>
</Document>