﻿<?xml version="1.0" encoding="utf-8"?>
<Document>
  <Engineering version="V15.1" />
  <DocumentInfo>
    <Created>2026-01-09T13:45:11.6525328Z</Created>
    <ExportSetting>WithDefaults, WithReadOnly</ExportSetting>
    <InstalledProducts>
      <Product>
        <DisplayName>Totally Integrated Automation Portal</DisplayName>
        <DisplayVersion>V15.1 Update 8</DisplayVersion>
      </Product>
      <OptionPackage>
        <DisplayName>TIA Portal Openness</DisplayName>
        <DisplayVersion>V15.1 Update 8</DisplayVersion>
      </OptionPackage>
      <Product>
        <DisplayName>STEP 7 Professional</DisplayName>
        <DisplayVersion>V15.1 Update 8</DisplayVersion>
      </Product>
      <Product>
        <DisplayName>WinCC Advanced</DisplayName>
        <DisplayVersion>V15.1 Update 8</DisplayVersion>
      </Product>
    </InstalledProducts>
  </DocumentInfo>
  <SW.Blocks.GlobalDB ID="0">
    <AttributeList>
      <AutoNumber>true</AutoNumber>
      <CodeModifiedDate ReadOnly="true">2024-09-25T16:02:28.9173662Z</CodeModifiedDate>
      <CompileDate ReadOnly="true">2025-08-30T17:40:33.07032Z</CompileDate>
      <CreationDate ReadOnly="true">2024-10-12T12:36:08.0193576Z</CreationDate>
      <DBAccessibleFromOPCUA ReadOnly="true">true</DBAccessibleFromOPCUA>
      <HeaderAuthor />
      <HeaderFamily />
      <HeaderName />
      <HeaderVersion>0.1</HeaderVersion>
      <Interface><Sections xmlns="http://www.siemens.com/automation/Openness/SW/Interface/v3">
  <Section Name="Static">
    <Member Name="W_AG1_TG.DLC" Datatype="Real" Remanence="Retain" Accessibility="Public"><AttributeList><IntegerAttribute Name="Offset" Informative="true" SystemDefined="true">0</IntegerAttribute><BooleanAttribute Name="ExternalAccessible" SystemDefined="true">true</BooleanAttribute><BooleanAttribute Name="ExternalVisible" SystemDefined="true">true</BooleanAttribute><BooleanAttribute Name="ExternalWritable" SystemDefined="true">true</BooleanAttribute><BooleanAttribute Name="UserVisible" Informative="true" SystemDefined="true">true</BooleanAttribute><BooleanAttribute Name="UserReadOnly" Informative="true" SystemDefined="true">false</BooleanAttribute><BooleanAttribute Name="UserDeletable" Informative="true" SystemDefined="true">true</BooleanAttribute><BooleanAttribute Name="SetPoint" SystemDefined="true">false</BooleanAttribute></AttributeList><Comment><MultiLanguageText Lang="en-US">Phễu cân Cốt liệu 1_Thời gian trễ cân</MultiLanguageText></Comment></Member>
    <Member Name="W_AG1_TG.DLX" Datatype="Real" Remanence="Retain" Accessibility="Public"><AttributeList><IntegerAttribute Name="Offset" Informative="true" SystemDefined="true">32</IntegerAttribute><BooleanAttribute Name="ExternalAccessible" SystemDefined="true">true</BooleanAttribute><BooleanAttribute Name="ExternalVisible" SystemDefined="true">true</BooleanAttribute><BooleanAttribute Name="ExternalWritable" SystemDefined="true">true</BooleanAttribute><BooleanAttribute Name="UserVisible" Informative="true" SystemDefined="true">true</BooleanAttribute><BooleanAttribute Name="UserReadOnly" Informative="true" SystemDefined="true">false</BooleanAttribute><BooleanAttribute Name="UserDeletable" Informative="true" SystemDefined="true">true</BooleanAttribute><BooleanAttribute Name="SetPoint" SystemDefined="true">false</BooleanAttribute></AttributeList><Comment><MultiLanguageText Lang="en-US">Phễu cân Cốt liệu 1_Thời gian trễ xả</MultiLanguageText></Comment></Member>
    <Member Name="W_AG1_TG.DLD" Datatype="Real" Remanence="Retain" Accessibility="Public"><AttributeList><IntegerAttribute Name="Offset" Informative="true" SystemDefined="true">64</IntegerAttribute><BooleanAttribute Name="ExternalAccessible" SystemDefined="true">true</BooleanAttribute><BooleanAttribute Name="ExternalVisible" SystemDefined="true">true</BooleanAttribute><BooleanAttribute Name="ExternalWritable" SystemDefined="true">true</BooleanAttribute><BooleanAttribute Name="UserVisible" Informative="true" SystemDefined="true">true</BooleanAttribute><BooleanAttribute Name="UserReadOnly" Informative="true" SystemDefined="true">false</BooleanAttribute><BooleanAttribute Name="UserDeletable" Informative="true" SystemDefined="true">true</BooleanAttribute><BooleanAttribute Name="SetPoint" SystemDefined="true">false</BooleanAttribute></AttributeList><Comment><MultiLanguageText Lang="en-US">Phễu cân Cốt liệu 1_Thời gian trễ đóng cân</MultiLanguageText></Comment></Member>
    <Member Name="W_AG1_KL.BRO" Datatype="Real" Remanence="Retain" Accessibility="Public"><AttributeList><IntegerAttribute Name="Offset" Informative="true" SystemDefined="true">96</IntegerAttribute><BooleanAttribute Name="ExternalAccessible" SystemDefined="true">true</BooleanAttribute><BooleanAttribute Name="ExternalVisible" SystemDefined="true">true</BooleanAttribute><BooleanAttribute Name="ExternalWritable" SystemDefined="true">true</BooleanAttribute><BooleanAttribute Name="UserVisible" Informative="true" SystemDefined="true">true</BooleanAttribute><BooleanAttribute Name="UserReadOnly" Informative="true" SystemDefined="true">false</BooleanAttribute><BooleanAttribute Name="UserDeletable" Informative="true" SystemDefined="true">true</BooleanAttribute><BooleanAttribute Name="SetPoint" SystemDefined="true">false</BooleanAttribute></AttributeList><Comment><MultiLanguageText Lang="en-US">Phễu cân Cốt liệu 1_Khối lượng báo rỗng</MultiLanguageText></Comment></Member>
    <Member Name="W_AG1_KL.RUG" Datatype="Real" Remanence="Retain" Accessibility="Public"><AttributeList><IntegerAttribute Name="Offset" Informative="true" SystemDefined="true">128</IntegerAttribute><BooleanAttribute Name="ExternalAccessible" SystemDefined="true">true</BooleanAttribute><BooleanAttribute Name="ExternalVisible" SystemDefined="true">true</BooleanAttribute><BooleanAttribute Name="ExternalWritable" SystemDefined="true">true</BooleanAttribute><BooleanAttribute Name="UserVisible" Informative="true" SystemDefined="true">true</BooleanAttribute><BooleanAttribute Name="UserReadOnly" Informative="true" SystemDefined="true">false</BooleanAttribute><BooleanAttribute Name="UserDeletable" Informative="true" SystemDefined="true">true</BooleanAttribute><BooleanAttribute Name="SetPoint" SystemDefined="true">false</BooleanAttribute></AttributeList><Comment><MultiLanguageText Lang="en-US">Phễu cân Cốt liệu 1_Khối lượng rung cân</MultiLanguageText></Comment></Member>
    <Member Name="W_AG1_TG.ON_RUNG" Datatype="Real" Remanence="Retain" Accessibility="Public"><AttributeList><IntegerAttribute Name="Offset" Informative="true" SystemDefined="true">160</IntegerAttribute><BooleanAttribute Name="ExternalAccessible" SystemDefined="true">true</BooleanAttribute><BooleanAttribute Name="ExternalVisible" SystemDefined="true">true</BooleanAttribute><BooleanAttribute Name="ExternalWritable" SystemDefined="true">true</BooleanAttribute><BooleanAttribute Name="UserVisible" Informative="true" SystemDefined="true">true</BooleanAttribute><BooleanAttribute Name="UserReadOnly" Informative="true" SystemDefined="true">false</BooleanAttribute><BooleanAttribute Name="UserDeletable" Informative="true" SystemDefined="true">true</BooleanAttribute><BooleanAttribute Name="SetPoint" SystemDefined="true">false</BooleanAttribute></AttributeList><Comment><MultiLanguageText Lang="en-US">Phễu cân Cốt liệu 1_Thời gian bật rung</MultiLanguageText></Comment></Member>
    <Member Name="W_AG1_TG.OF_RUNG" Datatype="Real" Remanence="Retain" Accessibility="Public"><AttributeList><IntegerAttribute Name="Offset" Informative="true" SystemDefined="true">192</IntegerAttribute><BooleanAttribute Name="ExternalAccessible" SystemDefined="true">true</BooleanAttribute><BooleanAttribute Name="ExternalVisible" SystemDefined="true">true</BooleanAttribute><BooleanAttribute Name="ExternalWritable" SystemDefined="true">true</BooleanAttribute><BooleanAttribute Name="UserVisible" Informative="true" SystemDefined="true">true</BooleanAttribute><BooleanAttribute Name="UserReadOnly" Informative="true" SystemDefined="true">false</BooleanAttribute><BooleanAttribute Name="UserDeletable" Informative="true" SystemDefined="true">true</BooleanAttribute><BooleanAttribute Name="SetPoint" SystemDefined="true">false</BooleanAttribute></AttributeList><Comment><MultiLanguageText Lang="en-US">Phễu cân Cốt liệu 1_Thời gian tắt rung</MultiLanguageText></Comment></Member>
    <Member Name="W_FD1_TG.DLC" Datatype="Real" Remanence="Retain" Accessibility="Public"><AttributeList><IntegerAttribute Name="Offset" Informative="true" SystemDefined="true">224</IntegerAttribute><BooleanAttribute Name="ExternalAccessible" SystemDefined="true">true</BooleanAttribute><BooleanAttribute Name="ExternalVisible" SystemDefined="true">true</BooleanAttribute><BooleanAttribute Name="ExternalWritable" SystemDefined="true">true</BooleanAttribute><BooleanAttribute Name="UserVisible" Informative="true" SystemDefined="true">true</BooleanAttribute><BooleanAttribute Name="UserReadOnly" Informative="true" SystemDefined="true">false</BooleanAttribute><BooleanAttribute Name="UserDeletable" Informative="true" SystemDefined="true">true</BooleanAttribute><BooleanAttribute Name="SetPoint" SystemDefined="true">false</BooleanAttribute></AttributeList><Comment><MultiLanguageText Lang="en-US">Phễu cân FD 1_Thời gian trễ cân</MultiLanguageText></Comment></Member>
    <Member Name="W_FD1_TG.DLX" Datatype="Real" Remanence="Retain" Accessibility="Public"><AttributeList><IntegerAttribute Name="Offset" Informative="true" SystemDefined="true">256</IntegerAttribute><BooleanAttribute Name="ExternalAccessible" SystemDefined="true">true</BooleanAttribute><BooleanAttribute Name="ExternalVisible" SystemDefined="true">true</BooleanAttribute><BooleanAttribute Name="ExternalWritable" SystemDefined="true">true</BooleanAttribute><BooleanAttribute Name="UserVisible" Informative="true" SystemDefined="true">true</BooleanAttribute><BooleanAttribute Name="UserReadOnly" Informative="true" SystemDefined="true">false</BooleanAttribute><BooleanAttribute Name="UserDeletable" Informative="true" SystemDefined="true">true</BooleanAttribute><BooleanAttribute Name="SetPoint" SystemDefined="true">false</BooleanAttribute></AttributeList><Comment><MultiLanguageText Lang="en-US">Phễu cân FD 1_Thời gian trễ xả</MultiLanguageText></Comment></Member>
    <Member Name="W_FD1_TG.DLD" Datatype="Real" Remanence="Retain" Accessibility="Public"><AttributeList><IntegerAttribute Name="Offset" Informative="true" SystemDefined="true">288</IntegerAttribute><BooleanAttribute Name="ExternalAccessible" SystemDefined="true">true</BooleanAttribute><BooleanAttribute Name="ExternalVisible" SystemDefined="true">true</BooleanAttribute><BooleanAttribute Name="ExternalWritable" SystemDefined="true">true</BooleanAttribute><BooleanAttribute Name="UserVisible" Informative="true" SystemDefined="true">true</BooleanAttribute><BooleanAttribute Name="UserReadOnly" Informative="true" SystemDefined="true">false</BooleanAttribute><BooleanAttribute Name="UserDeletable" Informative="true" SystemDefined="true">true</BooleanAttribute><BooleanAttribute Name="SetPoint" SystemDefined="true">false</BooleanAttribute></AttributeList><Comment><MultiLanguageText Lang="en-US">Phễu cân FD 1_Thời gian trễ đóng cân</MultiLanguageText></Comment></Member>
    <Member Name="W_FD1_KL.BRO" Datatype="Real" Remanence="Retain" Accessibility="Public"><AttributeList><IntegerAttribute Name="Offset" Informative="true" SystemDefined="true">320</IntegerAttribute><BooleanAttribute Name="ExternalAccessible" SystemDefined="true">true</BooleanAttribute><BooleanAttribute Name="ExternalVisible" SystemDefined="true">true</BooleanAttribute><BooleanAttribute Name="ExternalWritable" SystemDefined="true">true</BooleanAttribute><BooleanAttribute Name="UserVisible" Informative="true" SystemDefined="true">true</BooleanAttribute><BooleanAttribute Name="UserReadOnly" Informative="true" SystemDefined="true">false</BooleanAttribute><BooleanAttribute Name="UserDeletable" Informative="true" SystemDefined="true">true</BooleanAttribute><BooleanAttribute Name="SetPoint" SystemDefined="true">false</BooleanAttribute></AttributeList><Comment><MultiLanguageText Lang="en-US">Phễu cân FD 1_Khối lượng báo rỗng</MultiLanguageText></Comment></Member>
    <Member Name="W_FD1_KL.RUG" Datatype="Real" Remanence="Retain" Accessibility="Public"><AttributeList><IntegerAttribute Name="Offset" Informative="true" SystemDefined="true">352</IntegerAttribute><BooleanAttribute Name="ExternalAccessible" SystemDefined="true">true</BooleanAttribute><BooleanAttribute Name="ExternalVisible" SystemDefined="true">true</BooleanAttribute><BooleanAttribute Name="ExternalWritable" SystemDefined="true">true</BooleanAttribute><BooleanAttribute Name="UserVisible" Informative="true" SystemDefined="true">true</BooleanAttribute><BooleanAttribute Name="UserReadOnly" Informative="true" SystemDefined="true">false</BooleanAttribute><BooleanAttribute Name="UserDeletable" Informative="true" SystemDefined="true">true</BooleanAttribute><BooleanAttribute Name="SetPoint" SystemDefined="true">false</BooleanAttribute></AttributeList><Comment><MultiLanguageText Lang="en-US">Phễu cân FD1_Khối lượng rung cân</MultiLanguageText></Comment></Member>
    <Member Name="W_FD1_TG.ON_RUNG" Datatype="Real" Remanence="Retain" Accessibility="Public"><AttributeList><IntegerAttribute Name="Offset" Informative="true" SystemDefined="true">384</IntegerAttribute><BooleanAttribute Name="ExternalAccessible" SystemDefined="true">true</BooleanAttribute><BooleanAttribute Name="ExternalVisible" SystemDefined="true">true</BooleanAttribute><BooleanAttribute Name="ExternalWritable" SystemDefined="true">true</BooleanAttribute><BooleanAttribute Name="UserVisible" Informative="true" SystemDefined="true">true</BooleanAttribute><BooleanAttribute Name="UserReadOnly" Informative="true" SystemDefined="true">false</BooleanAttribute><BooleanAttribute Name="UserDeletable" Informative="true" SystemDefined="true">true</BooleanAttribute><BooleanAttribute Name="SetPoint" SystemDefined="true">false</BooleanAttribute></AttributeList><Comment><MultiLanguageText Lang="en-US">Phễu cân FD 1_Thời gian bật rung</MultiLanguageText></Comment></Member>
    <Member Name="W_FD1_TG.OF_RUNG" Datatype="Real" Remanence="Retain" Accessibility="Public"><AttributeList><IntegerAttribute Name="Offset" Informative="true" SystemDefined="true">416</IntegerAttribute><BooleanAttribute Name="ExternalAccessible" SystemDefined="true">true</BooleanAttribute><BooleanAttribute Name="ExternalVisible" SystemDefined="true">true</BooleanAttribute><BooleanAttribute Name="ExternalWritable" SystemDefined="true">true</BooleanAttribute><BooleanAttribute Name="UserVisible" Informative="true" SystemDefined="true">true</BooleanAttribute><BooleanAttribute Name="UserReadOnly" Informative="true" SystemDefined="true">false</BooleanAttribute><BooleanAttribute Name="UserDeletable" Informative="true" SystemDefined="true">true</BooleanAttribute><BooleanAttribute Name="SetPoint" SystemDefined="true">false</BooleanAttribute></AttributeList><Comment><MultiLanguageText Lang="en-US">Phễu cân FD 1_Thời gian tắt rung</MultiLanguageText></Comment></Member>
    <Member Name="W_AP1_TG.DLC" Datatype="Real" Remanence="Retain" Accessibility="Public"><AttributeList><IntegerAttribute Name="Offset" Informative="true" SystemDefined="true">448</IntegerAttribute><BooleanAttribute Name="ExternalAccessible" SystemDefined="true">true</BooleanAttribute><BooleanAttribute Name="ExternalVisible" SystemDefined="true">true</BooleanAttribute><BooleanAttribute Name="ExternalWritable" SystemDefined="true">true</BooleanAttribute><BooleanAttribute Name="UserVisible" Informative="true" SystemDefined="true">true</BooleanAttribute><BooleanAttribute Name="UserReadOnly" Informative="true" SystemDefined="true">false</BooleanAttribute><BooleanAttribute Name="UserDeletable" Informative="true" SystemDefined="true">true</BooleanAttribute><BooleanAttribute Name="SetPoint" SystemDefined="true">false</BooleanAttribute></AttributeList><Comment><MultiLanguageText Lang="en-US">Phễu cân Nhựa 1_Thời gian trễ cân</MultiLanguageText></Comment></Member>
    <Member Name="W_AP1_TG.DLX" Datatype="Real" Remanence="Retain" Accessibility="Public"><AttributeList><IntegerAttribute Name="Offset" Informative="true" SystemDefined="true">480</IntegerAttribute><BooleanAttribute Name="ExternalAccessible" SystemDefined="true">true</BooleanAttribute><BooleanAttribute Name="ExternalVisible" SystemDefined="true">true</BooleanAttribute><BooleanAttribute Name="ExternalWritable" SystemDefined="true">true</BooleanAttribute><BooleanAttribute Name="UserVisible" Informative="true" SystemDefined="true">true</BooleanAttribute><BooleanAttribute Name="UserReadOnly" Informative="true" SystemDefined="true">false</BooleanAttribute><BooleanAttribute Name="UserDeletable" Informative="true" SystemDefined="true">true</BooleanAttribute><BooleanAttribute Name="SetPoint" SystemDefined="true">false</BooleanAttribute></AttributeList><Comment><MultiLanguageText Lang="en-US">Phễu cân Nhựa 1_Thời gian trễ xả</MultiLanguageText></Comment></Member>
    <Member Name="W_AP1_TG.DLD" Datatype="Real" Remanence="Retain" Accessibility="Public"><AttributeList><IntegerAttribute Name="Offset" Informative="true" SystemDefined="true">512</IntegerAttribute><BooleanAttribute Name="ExternalAccessible" SystemDefined="true">true</BooleanAttribute><BooleanAttribute Name="ExternalVisible" SystemDefined="true">true</BooleanAttribute><BooleanAttribute Name="ExternalWritable" SystemDefined="true">true</BooleanAttribute><BooleanAttribute Name="UserVisible" Informative="true" SystemDefined="true">true</BooleanAttribute><BooleanAttribute Name="UserReadOnly" Informative="true" SystemDefined="true">false</BooleanAttribute><BooleanAttribute Name="UserDeletable" Informative="true" SystemDefined="true">true</BooleanAttribute><BooleanAttribute Name="SetPoint" SystemDefined="true">false</BooleanAttribute></AttributeList><Comment><MultiLanguageText Lang="en-US">Phễu cân Nhựa 1_Thời gian trễ đóng cân</MultiLanguageText></Comment></Member>
    <Member Name="W_AP1_KL.BRO" Datatype="Real" Remanence="Retain" Accessibility="Public"><AttributeList><IntegerAttribute Name="Offset" Informative="true" SystemDefined="true">544</IntegerAttribute><BooleanAttribute Name="ExternalAccessible" SystemDefined="true">true</BooleanAttribute><BooleanAttribute Name="ExternalVisible" SystemDefined="true">true</BooleanAttribute><BooleanAttribute Name="ExternalWritable" SystemDefined="true">true</BooleanAttribute><BooleanAttribute Name="UserVisible" Informative="true" SystemDefined="true">true</BooleanAttribute><BooleanAttribute Name="UserReadOnly" Informative="true" SystemDefined="true">false</BooleanAttribute><BooleanAttribute Name="UserDeletable" Informative="true" SystemDefined="true">true</BooleanAttribute><BooleanAttribute Name="SetPoint" SystemDefined="true">false</BooleanAttribute></AttributeList><Comment><MultiLanguageText Lang="en-US">Phễu cân Nhựa 1_Khối lượng báo rỗng</MultiLanguageText></Comment></Member>
    <Member Name="W_SB1_TG.DLC" Datatype="Real" Remanence="Retain" Accessibility="Public"><AttributeList><IntegerAttribute Name="Offset" Informative="true" SystemDefined="true">576</IntegerAttribute><BooleanAttribute Name="ExternalAccessible" SystemDefined="true">true</BooleanAttribute><BooleanAttribute Name="ExternalVisible" SystemDefined="true">true</BooleanAttribute><BooleanAttribute Name="ExternalWritable" SystemDefined="true">true</BooleanAttribute><BooleanAttribute Name="UserVisible" Informative="true" SystemDefined="true">true</BooleanAttribute><BooleanAttribute Name="UserReadOnly" Informative="true" SystemDefined="true">false</BooleanAttribute><BooleanAttribute Name="UserDeletable" Informative="true" SystemDefined="true">true</BooleanAttribute><BooleanAttribute Name="SetPoint" SystemDefined="true">false</BooleanAttribute></AttributeList><Comment><MultiLanguageText Lang="en-US">Phễu cân SBS 1_Thời gian trễ cân</MultiLanguageText></Comment></Member>
    <Member Name="W_SB1_TG.DLX" Datatype="Real" Remanence="Retain" Accessibility="Public"><AttributeList><IntegerAttribute Name="Offset" Informative="true" SystemDefined="true">608</IntegerAttribute><BooleanAttribute Name="ExternalAccessible" SystemDefined="true">true</BooleanAttribute><BooleanAttribute Name="ExternalVisible" SystemDefined="true">true</BooleanAttribute><BooleanAttribute Name="ExternalWritable" SystemDefined="true">true</BooleanAttribute><BooleanAttribute Name="UserVisible" Informative="true" SystemDefined="true">true</BooleanAttribute><BooleanAttribute Name="UserReadOnly" Informative="true" SystemDefined="true">false</BooleanAttribute><BooleanAttribute Name="UserDeletable" Informative="true" SystemDefined="true">true</BooleanAttribute><BooleanAttribute Name="SetPoint" SystemDefined="true">false</BooleanAttribute></AttributeList><Comment><MultiLanguageText Lang="en-US">Phễu cân SBS 1_Thời gian trễ xả</MultiLanguageText></Comment></Member>
    <Member Name="W_SB1_TG.DLD" Datatype="Real" Remanence="Retain" Accessibility="Public"><AttributeList><IntegerAttribute Name="Offset" Informative="true" SystemDefined="true">640</IntegerAttribute><BooleanAttribute Name="ExternalAccessible" SystemDefined="true">true</BooleanAttribute><BooleanAttribute Name="ExternalVisible" SystemDefined="true">true</BooleanAttribute><BooleanAttribute Name="ExternalWritable" SystemDefined="true">false</BooleanAttribute><BooleanAttribute Name="UserVisible" Informative="true" SystemDefined="true">true</BooleanAttribute><BooleanAttribute Name="UserReadOnly" Informative="true" SystemDefined="true">false</BooleanAttribute><BooleanAttribute Name="UserDeletable" Informative="true" SystemDefined="true">true</BooleanAttribute><BooleanAttribute Name="SetPoint" SystemDefined="true">false</BooleanAttribute></AttributeList><Comment><MultiLanguageText Lang="en-US">Phễu cân SBS 1_Thời gian trễ đóng cân</MultiLanguageText></Comment></Member>
    <Member Name="W_SB1_KL.BRO" Datatype="Real" Remanence="Retain" Accessibility="Public"><AttributeList><IntegerAttribute Name="Offset" Informative="true" SystemDefined="true">672</IntegerAttribute><BooleanAttribute Name="ExternalAccessible" SystemDefined="true">true</BooleanAttribute><BooleanAttribute Name="ExternalVisible" SystemDefined="true">true</BooleanAttribute><BooleanAttribute Name="ExternalWritable" SystemDefined="true">true</BooleanAttribute><BooleanAttribute Name="UserVisible" Informative="true" SystemDefined="true">true</BooleanAttribute><BooleanAttribute Name="UserReadOnly" Informative="true" SystemDefined="true">false</BooleanAttribute><BooleanAttribute Name="UserDeletable" Informative="true" SystemDefined="true">true</BooleanAttribute><BooleanAttribute Name="SetPoint" SystemDefined="true">false</BooleanAttribute></AttributeList><Comment><MultiLanguageText Lang="en-US">Phễu cân SBS 1_Khối lượng báo rỗng</MultiLanguageText></Comment></Member>
    <Member Name="W_SB1_KL.RUG" Datatype="Real" Remanence="Retain" Accessibility="Public"><AttributeList><IntegerAttribute Name="Offset" Informative="true" SystemDefined="true">704</IntegerAttribute><BooleanAttribute Name="ExternalAccessible" SystemDefined="true">true</BooleanAttribute><BooleanAttribute Name="ExternalVisible" SystemDefined="true">true</BooleanAttribute><BooleanAttribute Name="ExternalWritable" SystemDefined="true">true</BooleanAttribute><BooleanAttribute Name="UserVisible" Informative="true" SystemDefined="true">true</BooleanAttribute><BooleanAttribute Name="UserReadOnly" Informative="true" SystemDefined="true">false</BooleanAttribute><BooleanAttribute Name="UserDeletable" Informative="true" SystemDefined="true">true</BooleanAttribute><BooleanAttribute Name="SetPoint" SystemDefined="true">false</BooleanAttribute></AttributeList><Comment><MultiLanguageText Lang="en-US">Phễu cân SBS 1_Khối lượng rung cân</MultiLanguageText></Comment></Member>
    <Member Name="W_SB1_TG.ON_RUNG" Datatype="Real" Remanence="Retain" Accessibility="Public"><AttributeList><IntegerAttribute Name="Offset" Informative="true" SystemDefined="true">736</IntegerAttribute><BooleanAttribute Name="ExternalAccessible" SystemDefined="true">true</BooleanAttribute><BooleanAttribute Name="ExternalVisible" SystemDefined="true">true</BooleanAttribute><BooleanAttribute Name="ExternalWritable" SystemDefined="true">true</BooleanAttribute><BooleanAttribute Name="UserVisible" Informative="true" SystemDefined="true">true</BooleanAttribute><BooleanAttribute Name="UserReadOnly" Informative="true" SystemDefined="true">false</BooleanAttribute><BooleanAttribute Name="UserDeletable" Informative="true" SystemDefined="true">true</BooleanAttribute><BooleanAttribute Name="SetPoint" SystemDefined="true">false</BooleanAttribute></AttributeList><Comment><MultiLanguageText Lang="en-US">Phễu cân SBS 1_Thời gian bật rung</MultiLanguageText></Comment></Member>
    <Member Name="W_SB1_TG.OF_RUNG" Datatype="Real" Remanence="Retain" Accessibility="Public"><AttributeList><IntegerAttribute Name="Offset" Informative="true" SystemDefined="true">768</IntegerAttribute><BooleanAttribute Name="ExternalAccessible" SystemDefined="true">true</BooleanAttribute><BooleanAttribute Name="ExternalVisible" SystemDefined="true">true</BooleanAttribute><BooleanAttribute Name="ExternalWritable" SystemDefined="true">true</BooleanAttribute><BooleanAttribute Name="UserVisible" Informative="true" SystemDefined="true">true</BooleanAttribute><BooleanAttribute Name="UserReadOnly" Informative="true" SystemDefined="true">false</BooleanAttribute><BooleanAttribute Name="UserDeletable" Informative="true" SystemDefined="true">true</BooleanAttribute><BooleanAttribute Name="SetPoint" SystemDefined="true">false</BooleanAttribute></AttributeList><Comment><MultiLanguageText Lang="en-US">Phễu cân SBS 1_Thời gian tắt rung</MultiLanguageText></Comment></Member>
    <Member Name="SO_ME_TRON" Datatype="Real" Remanence="Retain" Accessibility="Public"><AttributeList><IntegerAttribute Name="Offset" Informative="true" SystemDefined="true">800</IntegerAttribute><BooleanAttribute Name="ExternalAccessible" SystemDefined="true">true</BooleanAttribute><BooleanAttribute Name="ExternalVisible" SystemDefined="true">true</BooleanAttribute><BooleanAttribute Name="ExternalWritable" SystemDefined="true">true</BooleanAttribute><BooleanAttribute Name="UserVisible" Informative="true" SystemDefined="true">true</BooleanAttribute><BooleanAttribute Name="UserReadOnly" Informative="true" SystemDefined="true">false</BooleanAttribute><BooleanAttribute Name="UserDeletable" Informative="true" SystemDefined="true">true</BooleanAttribute><BooleanAttribute Name="SetPoint" SystemDefined="true">false</BooleanAttribute></AttributeList><Comment><MultiLanguageText Lang="en-US">Số mẻ cần trộn</MultiLanguageText></Comment></Member>
    <Member Name="SV_AG1" Datatype="Real" Remanence="Retain" Accessibility="Public"><AttributeList><IntegerAttribute Name="Offset" Informative="true" SystemDefined="true">832</IntegerAttribute><BooleanAttribute Name="ExternalAccessible" SystemDefined="true">true</BooleanAttribute><BooleanAttribute Name="ExternalVisible" SystemDefined="true">true</BooleanAttribute><BooleanAttribute Name="ExternalWritable" SystemDefined="true">true</BooleanAttribute><BooleanAttribute Name="UserVisible" Informative="true" SystemDefined="true">true</BooleanAttribute><BooleanAttribute Name="UserReadOnly" Informative="true" SystemDefined="true">false</BooleanAttribute><BooleanAttribute Name="UserDeletable" Informative="true" SystemDefined="true">true</BooleanAttribute><BooleanAttribute Name="SetPoint" SystemDefined="true">false</BooleanAttribute></AttributeList><Comment><MultiLanguageText Lang="en-US">Khối lượng Cần cân Cốt liệu 1</MultiLanguageText></Comment></Member>
    <Member Name="SV_AG2" Datatype="Real" Remanence="Retain" Accessibility="Public"><AttributeList><IntegerAttribute Name="Offset" Informative="true" SystemDefined="true">864</IntegerAttribute><BooleanAttribute Name="ExternalAccessible" SystemDefined="true">true</BooleanAttribute><BooleanAttribute Name="ExternalVisible" SystemDefined="true">true</BooleanAttribute><BooleanAttribute Name="ExternalWritable" SystemDefined="true">true</BooleanAttribute><BooleanAttribute Name="UserVisible" Informative="true" SystemDefined="true">true</BooleanAttribute><BooleanAttribute Name="UserReadOnly" Informative="true" SystemDefined="true">false</BooleanAttribute><BooleanAttribute Name="UserDeletable" Informative="true" SystemDefined="true">true</BooleanAttribute><BooleanAttribute Name="SetPoint" SystemDefined="true">false</BooleanAttribute></AttributeList><Comment><MultiLanguageText Lang="en-US">Khối lượng Cần cân Cốt liệu 2</MultiLanguageText></Comment></Member>
    <Member Name="SV_AG3" Datatype="Real" Remanence="Retain" Accessibility="Public"><AttributeList><IntegerAttribute Name="Offset" Informative="true" SystemDefined="true">896</IntegerAttribute><BooleanAttribute Name="ExternalAccessible" SystemDefined="true">true</BooleanAttribute><BooleanAttribute Name="ExternalVisible" SystemDefined="true">true</BooleanAttribute><BooleanAttribute Name="ExternalWritable" SystemDefined="true">true</BooleanAttribute><BooleanAttribute Name="UserVisible" Informative="true" SystemDefined="true">true</BooleanAttribute><BooleanAttribute Name="UserReadOnly" Informative="true" SystemDefined="true">false</BooleanAttribute><BooleanAttribute Name="UserDeletable" Informative="true" SystemDefined="true">true</BooleanAttribute><BooleanAttribute Name="SetPoint" SystemDefined="true">false</BooleanAttribute></AttributeList><Comment><MultiLanguageText Lang="en-US">Khối lượng Cần cân Cốt liệu 3</MultiLanguageText></Comment></Member>
    <Member Name="SV_AG4" Datatype="Real" Remanence="Retain" Accessibility="Public"><AttributeList><IntegerAttribute Name="Offset" Informative="true" SystemDefined="true">928</IntegerAttribute><BooleanAttribute Name="ExternalAccessible" SystemDefined="true">true</BooleanAttribute><BooleanAttribute Name="ExternalVisible" SystemDefined="true">true</BooleanAttribute><BooleanAttribute Name="ExternalWritable" SystemDefined="true">true</BooleanAttribute><BooleanAttribute Name="UserVisible" Informative="true" SystemDefined="true">true</BooleanAttribute><BooleanAttribute Name="UserReadOnly" Informative="true" SystemDefined="true">false</BooleanAttribute><BooleanAttribute Name="UserDeletable" Informative="true" SystemDefined="true">true</BooleanAttribute><BooleanAttribute Name="SetPoint" SystemDefined="true">false</BooleanAttribute></AttributeList><Comment><MultiLanguageText Lang="en-US">Khối lượng Cần cân Cốt liệu 4</MultiLanguageText></Comment></Member>
    <Member Name="SV_AG5" Datatype="Real" Remanence="Retain" Accessibility="Public"><AttributeList><IntegerAttribute Name="Offset" Informative="true" SystemDefined="true">960</IntegerAttribute><BooleanAttribute Name="ExternalAccessible" SystemDefined="true">true</BooleanAttribute><BooleanAttribute Name="ExternalVisible" SystemDefined="true">true</BooleanAttribute><BooleanAttribute Name="ExternalWritable" SystemDefined="true">true</BooleanAttribute><BooleanAttribute Name="UserVisible" Informative="true" SystemDefined="true">true</BooleanAttribute><BooleanAttribute Name="UserReadOnly" Informative="true" SystemDefined="true">false</BooleanAttribute><BooleanAttribute Name="UserDeletable" Informative="true" SystemDefined="true">true</BooleanAttribute><BooleanAttribute Name="SetPoint" SystemDefined="true">false</BooleanAttribute></AttributeList><Comment><MultiLanguageText Lang="en-US">Khối lượng Cần cân Cốt liệu 5</MultiLanguageText></Comment></Member>
    <Member Name="SV_FD1" Datatype="Real" Remanence="Retain" Accessibility="Public"><AttributeList><IntegerAttribute Name="Offset" Informative="true" SystemDefined="true">992</IntegerAttribute><BooleanAttribute Name="ExternalAccessible" SystemDefined="true">true</BooleanAttribute><BooleanAttribute Name="ExternalVisible" SystemDefined="true">true</BooleanAttribute><BooleanAttribute Name="ExternalWritable" SystemDefined="true">true</BooleanAttribute><BooleanAttribute Name="UserVisible" Informative="true" SystemDefined="true">true</BooleanAttribute><BooleanAttribute Name="UserReadOnly" Informative="true" SystemDefined="true">false</BooleanAttribute><BooleanAttribute Name="UserDeletable" Informative="true" SystemDefined="true">true</BooleanAttribute><BooleanAttribute Name="SetPoint" SystemDefined="true">false</BooleanAttribute></AttributeList><Comment><MultiLanguageText Lang="en-US">Khối lượng Cần cân FD 1</MultiLanguageText></Comment></Member>
    <Member Name="SV_AP1" Datatype="Real" Remanence="Retain" Accessibility="Public"><AttributeList><IntegerAttribute Name="Offset" Informative="true" SystemDefined="true">1024</IntegerAttribute><BooleanAttribute Name="ExternalAccessible" SystemDefined="true">true</BooleanAttribute><BooleanAttribute Name="ExternalVisible" SystemDefined="true">true</BooleanAttribute><BooleanAttribute Name="ExternalWritable" SystemDefined="true">true</BooleanAttribute><BooleanAttribute Name="UserVisible" Informative="true" SystemDefined="true">true</BooleanAttribute><BooleanAttribute Name="UserReadOnly" Informative="true" SystemDefined="true">false</BooleanAttribute><BooleanAttribute Name="UserDeletable" Informative="true" SystemDefined="true">true</BooleanAttribute><BooleanAttribute Name="SetPoint" SystemDefined="true">false</BooleanAttribute></AttributeList><Comment><MultiLanguageText Lang="en-US">Khối lượng Cần cân Nhựa 1</MultiLanguageText></Comment></Member>
    <Member Name="SV_SB1" Datatype="Real" Remanence="Retain" Accessibility="Public"><AttributeList><IntegerAttribute Name="Offset" Informative="true" SystemDefined="true">1056</IntegerAttribute><BooleanAttribute Name="ExternalAccessible" SystemDefined="true">true</BooleanAttribute><BooleanAttribute Name="ExternalVisible" SystemDefined="true">true</BooleanAttribute><BooleanAttribute Name="ExternalWritable" SystemDefined="true">true</BooleanAttribute><BooleanAttribute Name="UserVisible" Informative="true" SystemDefined="true">true</BooleanAttribute><BooleanAttribute Name="UserReadOnly" Informative="true" SystemDefined="true">false</BooleanAttribute><BooleanAttribute Name="UserDeletable" Informative="true" SystemDefined="true">true</BooleanAttribute><BooleanAttribute Name="SetPoint" SystemDefined="true">false</BooleanAttribute></AttributeList><Comment><MultiLanguageText Lang="en-US">Khối lượng Cần cân SBS 1</MultiLanguageText></Comment></Member>
  </Section>
</Sections></Interface>
      <InterfaceModifiedDate ReadOnly="true">2024-09-25T16:02:28.9173662Z</InterfaceModifiedDate>
      <IsConsistent ReadOnly="true">true</IsConsistent>
      <IsKnowHowProtected ReadOnly="true">false</IsKnowHowProtected>
      <IsOnlyStoredInLoadMemory>false</IsOnlyStoredInLoadMemory>
      <IsPLCDB ReadOnly="true">false</IsPLCDB>
      <IsWriteProtectedInAS>false</IsWriteProtectedInAS>
      <MemoryLayout>Standard</MemoryLayout>
      <ModifiedDate ReadOnly="true">2024-10-13T07:08:48.1421634Z</ModifiedDate>
      <Name>C#4_WD_WEIGHT</Name>
      <Number>4</Number>
      <ParameterModified ReadOnly="true">2024-09-25T16:02:28.9173662Z</ParameterModified>
      <ProgrammingLanguage>DB</ProgrammingLanguage>
      <StructureModified ReadOnly="true">2024-09-25T16:02:28.9173662Z</StructureModified>
    </AttributeList>
    <ObjectList>
      <MultilingualText ID="1" CompositionName="Comment">
        <ObjectList>
          <MultilingualTextItem ID="2" CompositionName="Items">
            <AttributeList>
              <Culture>en-US</Culture>
              <Text />
            </AttributeList>
          </MultilingualTextItem>
        </ObjectList>
      </MultilingualText>
      <MultilingualText ID="3" CompositionName="Title">
        <ObjectList>
          <MultilingualTextItem ID="4" CompositionName="Items">
            <AttributeList>
              <Culture>en-US</Culture>
              <Text />
            </AttributeList>
          </MultilingualTextItem>
        </ObjectList>
      </MultilingualText>
    </ObjectList>
  </SW.Blocks.GlobalDB>
</Document>