﻿<?xml version="1.0" encoding="utf-8"?>
<Document>
  <Engineering version="V15.1" />
  <DocumentInfo>
    <Created>2026-01-09T13:45:15.3715696Z</Created>
    <ExportSetting>WithDefaults, WithReadOnly</ExportSetting>
    <InstalledProducts>
      <Product>
        <DisplayName>Totally Integrated Automation Portal</DisplayName>
        <DisplayVersion>V15.1 Update 8</DisplayVersion>
      </Product>
      <OptionPackage>
        <DisplayName>TIA Portal Openness</DisplayName>
        <DisplayVersion>V15.1 Update 8</DisplayVersion>
      </OptionPackage>
      <Product>
        <DisplayName>STEP 7 Professional</DisplayName>
        <DisplayVersion>V15.1 Update 8</DisplayVersion>
      </Product>
      <Product>
        <DisplayName>WinCC Advanced</DisplayName>
        <DisplayVersion>V15.1 Update 8</DisplayVersion>
      </Product>
    </InstalledProducts>
  </DocumentInfo>
  <SW.Blocks.FC ID="0">
    <AttributeList>
      <AutoNumber>true</AutoNumber>
      <CodeModifiedDate ReadOnly="true">2026-01-04T14:27:04.612364Z</CodeModifiedDate>
      <CompileDate ReadOnly="true">2026-01-04T14:27:05.6125141Z</CompileDate>
      <CreationDate ReadOnly="true">2024-10-13T15:07:34.9617085Z</CreationDate>
      <HandleErrorsWithinBlock ReadOnly="true">false</HandleErrorsWithinBlock>
      <HeaderAuthor />
      <HeaderFamily />
      <HeaderName />
      <HeaderVersion>0.1</HeaderVersion>
      <Interface><Sections xmlns="http://www.siemens.com/automation/Openness/SW/Interface/v3">
  <Section Name="Input" />
  <Section Name="Output" />
  <Section Name="InOut" />
  <Section Name="Temp" />
  <Section Name="Constant" />
  <Section Name="Return">
    <Member Name="Ret_Val" Datatype="Void" Accessibility="Public" />
  </Section>
</Sections></Interface>
      <InterfaceModifiedDate ReadOnly="true">2024-08-08T03:19:31.8063857Z</InterfaceModifiedDate>
      <IsConsistent ReadOnly="true">true</IsConsistent>
      <IsIECCheckEnabled>false</IsIECCheckEnabled>
      <IsKnowHowProtected ReadOnly="true">false</IsKnowHowProtected>
      <IsWriteProtected ReadOnly="true">false</IsWriteProtected>
      <LibraryConformanceStatus ReadOnly="true">Error: The block contains calls of single instances.
Warning: The object contains access to global data blocks.
Warning: The block contains direct access to inputs, outputs, bit memories, indirect access to the registry or indirect access to external memory areas that are unknown at the time of compilation.
</LibraryConformanceStatus>
      <MemoryLayout>Optimized</MemoryLayout>
      <ModifiedDate ReadOnly="true">2026-01-04T14:27:04.612364Z</ModifiedDate>
      <Name>FCCA_CCD_FD1</Name>
      <Number>12</Number>
      <ParameterModified ReadOnly="true">2024-08-08T03:19:31.8063857Z</ParameterModified>
      <PLCSimAdvancedSupport ReadOnly="true">false</PLCSimAdvancedSupport>
      <ProgrammingLanguage>LAD</ProgrammingLanguage>
      <SetENOAutomatically>False</SetENOAutomatically>
      <StructureModified ReadOnly="true">2024-08-08T03:19:31.8063857Z</StructureModified>
      <UDABlockProperties />
      <UDAEnableTagReadback>false</UDAEnableTagReadback>
    </AttributeList>
    <ObjectList>
      <MultilingualText ID="1" CompositionName="Comment">
        <ObjectList>
          <MultilingualTextItem ID="2" CompositionName="Items">
            <AttributeList>
              <Culture>en-US</Culture>
              <Text />
            </AttributeList>
          </MultilingualTextItem>
        </ObjectList>
      </MultilingualText>
      <SW.Blocks.CompileUnit ID="3" CompositionName="CompileUnits">
        <AttributeList>
          <NetworkSource><FlgNet xmlns="http://www.siemens.com/automation/Openness/SW/NetworkSource/FlgNet/v3">
  <Parts>
    <Access Scope="GlobalVariable" UId="21">
      <Symbol>
        <Component Name="PLC_BIT" />
        <Component Name="RUN" />
        <Address Area="DB" Type="Bool" BlockNumber="9" BitOffset="0" Informative="true" />
      </Symbol>
    </Access>
    <Access Scope="GlobalVariable" UId="22">
      <Symbol>
        <Component Name="PLC_BIT" />
        <Component Name="CEM1_FU" />
        <Address Area="DB" Type="Bool" BlockNumber="9" BitOffset="26" Informative="true" />
      </Symbol>
    </Access>
    <Access Scope="GlobalVariable" UId="23">
      <Symbol>
        <Component Name="C#1_RB" />
        <Component Name="XA W_FD1" />
        <Address Area="DB" Type="Bool" BlockNumber="1" BitOffset="48" Informative="true" />
      </Symbol>
    </Access>
    <Access Scope="GlobalVariable" UId="24">
      <Symbol>
        <Component Name="Clock_10Hz" />
        <Address Area="Memory" Type="Bool" BitOffset="0" Informative="true" />
      </Symbol>
    </Access>
    <Access Scope="GlobalVariable" UId="25">
      <Symbol>
        <Component Name="C#4_WD_WEIGHT" />
        <Component Name="W_FD1_TG.DLC" />
        <Address Area="DB" Type="Real" BlockNumber="4" BitOffset="224" Informative="true" />
      </Symbol>
    </Access>
    <Access Scope="GlobalVariable" UId="26">
      <Symbol>
        <Component Name="9.2.DLC_CE1" />
        <Component Name="OUT" />
        <Address Area="None" Type="Bool" BlockNumber="907" BitOffset="98" Informative="true" />
      </Symbol>
    </Access>
    <Access Scope="GlobalVariable" UId="27">
      <Symbol>
        <Component Name="9.2.DLC_CE1" />
        <Component Name="T_OUT" />
        <Address Area="None" Type="Real" BlockNumber="907" BitOffset="64" Informative="true" />
      </Symbol>
    </Access>
    <Access Scope="GlobalVariable" UId="28">
      <Symbol>
        <Component Name="PLC_BIT" />
        <Component Name="RUN" />
        <Address Area="DB" Type="Bool" BlockNumber="9" BitOffset="0" Informative="true" />
      </Symbol>
    </Access>
    <Access Scope="GlobalVariable" UId="29">
      <Symbol>
        <Component Name="PLC_BIT" />
        <Component Name="AUT" />
        <Address Area="DB" Type="Bool" BlockNumber="9" BitOffset="2" Informative="true" />
      </Symbol>
    </Access>
    <Access Scope="GlobalVariable" UId="30">
      <Symbol>
        <Component Name="9.2.DLC_CE1" />
        <Component Name="OUT" />
        <Address Area="None" Type="Bool" BlockNumber="907" BitOffset="98" Informative="true" />
      </Symbol>
    </Access>
    <Access Scope="GlobalVariable" UId="31">
      <Symbol>
        <Component Name="PLC_BIT" />
        <Component Name="CEM1_FU" />
        <Address Area="DB" Type="Bool" BlockNumber="9" BitOffset="26" Informative="true" />
      </Symbol>
    </Access>
    <Access Scope="GlobalVariable" UId="32">
      <Symbol>
        <Component Name="C#4_WD_WEIGHT" />
        <Component Name="SV_FD1" />
        <Address Area="DB" Type="Real" BlockNumber="4" BitOffset="992" Informative="true" />
      </Symbol>
    </Access>
    <Access Scope="LiteralConstant" UId="33">
      <Constant>
        <ConstantType>Real</ConstantType>
        <ConstantValue>0.0</ConstantValue>
        <StringAttribute Name="Format" Informative="true">Real</StringAttribute>
      </Constant>
    </Access>
    <Access Scope="GlobalVariable" UId="34">
      <Symbol>
        <Component Name="C#7_RD_RUN" />
        <Component Name="SMC_FD1" />
        <Address Area="DB" Type="Real" BlockNumber="7" BitOffset="640" Informative="true" />
      </Symbol>
    </Access>
    <Access Scope="GlobalVariable" UId="35">
      <Symbol>
        <Component Name="C#7_RD_RUN" />
        <Component Name="SMX_FD1" />
        <Address Area="DB" Type="Real" BlockNumber="7" BitOffset="672" Informative="true" />
      </Symbol>
    </Access>
    <Access Scope="GlobalVariable" UId="36">
      <Symbol>
        <Component Name="C#7_RD_RUN" />
        <Component Name="SMC_FD1" />
        <Address Area="DB" Type="Real" BlockNumber="7" BitOffset="640" Informative="true" />
      </Symbol>
    </Access>
    <Access Scope="GlobalVariable" UId="37">
      <Symbol>
        <Component Name="C#7_RD_RUN" />
        <Component Name="SMT" />
        <Address Area="DB" Type="Real" BlockNumber="7" BitOffset="1152" Informative="true" />
      </Symbol>
    </Access>
    <Access Scope="GlobalVariable" UId="38">
      <Symbol>
        <Component Name="C#2_WB" />
        <Component Name="NN_CAN FD1" />
        <Address Area="DB" Type="Bool" BlockNumber="2" BitOffset="33" Informative="true" />
      </Symbol>
    </Access>
    <Access Scope="GlobalVariable" UId="39">
      <Symbol>
        <Component Name="C#2_WB" />
        <Component Name="F2_SW_PAU" />
        <Address Area="DB" Type="Bool" BlockNumber="2" BitOffset="1" Informative="true" />
      </Symbol>
    </Access>
    <Access Scope="GlobalVariable" UId="40">
      <Symbol>
        <Component Name="C#2_WB" />
        <Component Name="SW_PA_FD1" />
        <Address Area="DB" Type="Bool" BlockNumber="2" BitOffset="60" Informative="true" />
      </Symbol>
    </Access>
    <Access Scope="GlobalVariable" UId="41">
      <Symbol>
        <Component Name="C#6_WD_CALIB" />
        <Component Name="XUNG_FD1" />
        <Address Area="DB" Type="Real" BlockNumber="6" BitOffset="800" Informative="true" />
      </Symbol>
    </Access>
    <Access Scope="LiteralConstant" UId="42">
      <Constant>
        <ConstantType>Real</ConstantType>
        <ConstantValue>32767.0</ConstantValue>
        <StringAttribute Name="Format" Informative="true">Real</StringAttribute>
      </Constant>
    </Access>
    <Access Scope="GlobalVariable" UId="43">
      <Symbol>
        <Component Name="7.2.CE1" />
        <Component Name="LOGIC" />
        <Address Area="None" Type="Bool" BlockNumber="707" BitOffset="483" Informative="true" />
      </Symbol>
    </Access>
    <Access Scope="GlobalVariable" UId="44">
      <Symbol>
        <Component Name="C#2_WB" />
        <Component Name="NN_FU_FD1" />
        <Address Area="DB" Type="Bool" BlockNumber="2" BitOffset="52" Informative="true" />
      </Symbol>
    </Access>
    <Access Scope="GlobalVariable" UId="45">
      <Symbol>
        <Component Name="Clock_10Hz" />
        <Address Area="Memory" Type="Bool" BitOffset="0" Informative="true" />
      </Symbol>
    </Access>
    <Access Scope="GlobalVariable" UId="46">
      <Symbol>
        <Component Name="PLC_BIT" />
        <Component Name="WCE1_EM" />
        <Address Area="DB" Type="Bool" BlockNumber="9" BitOffset="30" Informative="true" />
      </Symbol>
    </Access>
    <Access Scope="LiteralConstant" UId="47">
      <Constant>
        <ConstantType>Bool</ConstantType>
        <ConstantValue>TRUE</ConstantValue>
        <StringAttribute Name="Format" Informative="true">Bool</StringAttribute>
      </Constant>
    </Access>
    <Access Scope="GlobalVariable" UId="48">
      <Symbol>
        <Component Name="C#4_WD_WEIGHT" />
        <Component Name="SV_FD1" />
        <Address Area="DB" Type="Real" BlockNumber="4" BitOffset="992" Informative="true" />
      </Symbol>
    </Access>
    <Access Scope="GlobalVariable" UId="49">
      <Symbol>
        <Component Name="6.2.WCEM1" />
        <Component Name="W_OUT1" />
        <Address Area="None" Type="Real" BlockNumber="607" BitOffset="480" Informative="true" />
      </Symbol>
    </Access>
    <Access Scope="GlobalVariable" UId="50">
      <Symbol>
        <Component Name="C#3_WD_SILO" />
        <Component Name="FD1_KL_RTD" />
        <Address Area="DB" Type="Real" BlockNumber="3" BitOffset="1024" Informative="true" />
      </Symbol>
    </Access>
    <Access Scope="GlobalVariable" UId="51">
      <Symbol>
        <Component Name="C#3_WD_SILO" />
        <Component Name="FD1_SS_TREN" />
        <Address Area="DB" Type="Real" BlockNumber="3" BitOffset="960" Informative="true" />
      </Symbol>
    </Access>
    <Access Scope="GlobalVariable" UId="52">
      <Symbol>
        <Component Name="C#3_WD_SILO" />
        <Component Name="FD1_SS_DUOI" />
        <Address Area="DB" Type="Real" BlockNumber="3" BitOffset="992" Informative="true" />
      </Symbol>
    </Access>
    <Access Scope="GlobalVariable" UId="53">
      <Symbol>
        <Component Name="C#3_WD_SILO" />
        <Component Name="FD1_TG_ON_CAN" />
        <Address Area="DB" Type="Real" BlockNumber="3" BitOffset="1056" Informative="true" />
      </Symbol>
    </Access>
    <Access Scope="GlobalVariable" UId="54">
      <Symbol>
        <Component Name="C#3_WD_SILO" />
        <Component Name="FD1_TG_OFF_CAN" />
        <Address Area="DB" Type="Real" BlockNumber="3" BitOffset="1088" Informative="true" />
      </Symbol>
    </Access>
    <Access Scope="GlobalVariable" UId="55">
      <Symbol>
        <Component Name="C#3_WD_SILO" />
        <Component Name="FD1_TG_ODC" />
        <Address Area="DB" Type="Real" BlockNumber="3" BitOffset="1120" Informative="true" />
      </Symbol>
    </Access>
    <Access Scope="GlobalVariable" UId="56">
      <Symbol>
        <Component Name="C#7_RD_RUN" />
        <Component Name="PV_FD1" />
        <Address Area="DB" Type="Real" BlockNumber="7" BitOffset="544" Informative="true" />
      </Symbol>
    </Access>
    <Access Scope="GlobalVariable" UId="57">
      <Symbol>
        <Component Name="C#7_RD_RUN" />
        <Component Name="PVM_FD1" />
        <Address Area="DB" Type="Real" BlockNumber="7" BitOffset="1376" Informative="true" />
      </Symbol>
    </Access>
    <Access Scope="GlobalVariable" UId="58">
      <Symbol>
        <Component Name="PLC_BIT" />
        <Component Name="CEM1_FU" />
        <Address Area="DB" Type="Bool" BlockNumber="9" BitOffset="26" Informative="true" />
      </Symbol>
    </Access>
    <Access Scope="GlobalVariable" UId="59">
      <Symbol>
        <Component Name="C#1_RB" />
        <Component Name="CAN FD1" />
        <Address Area="DB" Type="Bool" BlockNumber="1" BitOffset="44" Informative="true" />
      </Symbol>
    </Access>
    <Access Scope="GlobalVariable" UId="60">
      <Symbol>
        <Component Name="7.2.CE1" />
        <Component Name="STA_RUN" />
        <Address Area="None" Type="Bool" BlockNumber="707" BitOffset="494" Informative="true" />
      </Symbol>
    </Access>
    <Access Scope="GlobalVariable" UId="61">
      <Symbol>
        <Component Name="PLC_BIT" />
        <Component Name="CEM1_FU" />
        <Address Area="DB" Type="Bool" BlockNumber="9" BitOffset="26" Informative="true" />
      </Symbol>
    </Access>
    <Access Scope="GlobalVariable" UId="62">
      <Symbol>
        <Component Name="P_CE1_FU" />
        <Address Area="Memory" Type="Bool" BitOffset="837" Informative="true" />
      </Symbol>
    </Access>
    <Access Scope="GlobalVariable" UId="63">
      <Symbol>
        <Component Name="P_RUN" />
        <Address Area="Memory" Type="Bool" BitOffset="868" Informative="true" />
      </Symbol>
    </Access>
    <Access Scope="GlobalVariable" UId="64">
      <Symbol>
        <Component Name="PLC_BIT" />
        <Component Name="CEM1_FU" />
        <Address Area="DB" Type="Bool" BlockNumber="9" BitOffset="26" Informative="true" />
      </Symbol>
    </Access>
    <Access Scope="GlobalVariable" UId="65">
      <Symbol>
        <Component Name="C#1_RB" />
        <Component Name="XA W_FD1" />
        <Address Area="DB" Type="Bool" BlockNumber="1" BitOffset="48" Informative="true" />
      </Symbol>
    </Access>
    <Access Scope="GlobalVariable" UId="66">
      <Symbol>
        <Component Name="C#4_WD_WEIGHT" />
        <Component Name="SV_FD1" />
        <Address Area="DB" Type="Real" BlockNumber="4" BitOffset="992" Informative="true" />
      </Symbol>
    </Access>
    <Access Scope="LiteralConstant" UId="67">
      <Constant>
        <ConstantType>Real</ConstantType>
        <ConstantValue>0.0</ConstantValue>
        <StringAttribute Name="Format" Informative="true">Real</StringAttribute>
      </Constant>
    </Access>
    <Access Scope="GlobalVariable" UId="68">
      <Symbol>
        <Component Name="C#7_RD_RUN" />
        <Component Name="SMC_FD1" />
        <Address Area="DB" Type="Real" BlockNumber="7" BitOffset="640" Informative="true" />
      </Symbol>
    </Access>
    <Access Scope="GlobalVariable" UId="69">
      <Symbol>
        <Component Name="C#7_RD_RUN" />
        <Component Name="SMX_FD1" />
        <Address Area="DB" Type="Real" BlockNumber="7" BitOffset="672" Informative="true" />
      </Symbol>
    </Access>
    <Access Scope="GlobalVariable" UId="70">
      <Symbol>
        <Component Name="C#7_RD_RUN" />
        <Component Name="SMC_FD1" />
        <Address Area="DB" Type="Real" BlockNumber="7" BitOffset="640" Informative="true" />
      </Symbol>
    </Access>
    <Access Scope="LiteralConstant" UId="71">
      <Constant>
        <ConstantType>Real</ConstantType>
        <ConstantValue>1.0</ConstantValue>
        <StringAttribute Name="Format" Informative="true">Real</StringAttribute>
      </Constant>
    </Access>
    <Access Scope="GlobalVariable" UId="72">
      <Symbol>
        <Component Name="C#7_RD_RUN" />
        <Component Name="SMC_FD1" />
        <Address Area="DB" Type="Real" BlockNumber="7" BitOffset="640" Informative="true" />
      </Symbol>
    </Access>
    <Access Scope="GlobalVariable" UId="73">
      <Symbol>
        <Component Name="7.2.CE1" />
        <Component Name="STA_RUN" />
        <Address Area="None" Type="Bool" BlockNumber="707" BitOffset="494" Informative="true" />
      </Symbol>
    </Access>
    <Access Scope="GlobalVariable" UId="74">
      <Symbol>
        <Component Name="C#1_RB" />
        <Component Name="TTC_FD1" />
        <Address Area="DB" Type="Bool" BlockNumber="1" BitOffset="66" Informative="true" />
      </Symbol>
    </Access>
    <Part Name="Contact" UId="75" />
    <Part Name="Contact" UId="76">
      <Negated Name="operand" />
    </Part>
    <Part Name="Contact" UId="77">
      <Negated Name="operand" />
    </Part>
    <Call UId="78">
      <CallInfo Name="9.TIMER_DELAY" BlockType="FB">
        <IntegerAttribute Name="BlockNumber" Informative="true">9</IntegerAttribute>
        <DateAttribute Name="ParameterModifiedTS" Informative="true">2022-05-24T16:36:11</DateAttribute>
        <Instance Scope="GlobalVariable" UId="79">
          <Component Name="9.2.DLC_CE1" />
          <Address Area="DB" Type="9.TIMER_DELAY" BlockNumber="907" BitOffset="0" Informative="true" />
        </Instance>
        <Parameter Name="ON" Section="Input" Type="Bool">
          <StringAttribute Name="InterfaceFlags" Informative="true">S7_Visible</StringAttribute>
        </Parameter>
        <Parameter Name="CLOCK_1S" Section="Input" Type="Bool">
          <StringAttribute Name="InterfaceFlags" Informative="true">S7_Visible</StringAttribute>
        </Parameter>
        <Parameter Name="T_DELAY" Section="Input" Type="Real">
          <StringAttribute Name="InterfaceFlags" Informative="true">S7_Visible</StringAttribute>
        </Parameter>
        <Parameter Name="OUT" Section="Output" Type="Bool">
          <StringAttribute Name="InterfaceFlags" Informative="true">S7_Visible</StringAttribute>
        </Parameter>
        <Parameter Name="T_OUT" Section="Output" Type="Real">
          <StringAttribute Name="InterfaceFlags" Informative="true">S7_Visible</StringAttribute>
        </Parameter>
      </CallInfo>
    </Call>
    <Part Name="Contact" UId="80" />
    <Part Name="Contact" UId="81" />
    <Part Name="Contact" UId="82" />
    <Part Name="Contact" UId="83">
      <Negated Name="operand" />
    </Part>
    <Part Name="Ne" UId="84">
      <TemplateValue Name="SrcType" Type="Type">Real</TemplateValue>
    </Part>
    <Part Name="Eq" UId="85">
      <TemplateValue Name="SrcType" Type="Type">Real</TemplateValue>
    </Part>
    <Part Name="Lt" UId="86">
      <TemplateValue Name="SrcType" Type="Type">Real</TemplateValue>
    </Part>
    <Part Name="Contact" UId="87" />
    <Part Name="Contact" UId="88" />
    <Part Name="Contact" UId="89" />
    <Part Name="Eq" UId="90">
      <TemplateValue Name="SrcType" Type="Type">Real</TemplateValue>
    </Part>
    <Part Name="O" UId="91">
      <TemplateValue Name="Card" Type="Cardinality">3</TemplateValue>
    </Part>
    <Call UId="92">
      <CallInfo Name="7.WEIGHT_PROCESS" BlockType="FB">
        <IntegerAttribute Name="BlockNumber" Informative="true">7</IntegerAttribute>
        <DateAttribute Name="ParameterModifiedTS" Informative="true">2024-08-06T08:53:48</DateAttribute>
        <Instance Scope="GlobalVariable" UId="93">
          <Component Name="7.2.CE1" />
          <Address Area="DB" Type="7.WEIGHT_PROCESS" BlockNumber="707" BitOffset="0" Informative="true" />
        </Instance>
        <Parameter Name="AUT" Section="Input" Type="Bool">
          <StringAttribute Name="InterfaceFlags" Informative="true">S7_Visible</StringAttribute>
        </Parameter>
        <Parameter Name="MAN1" Section="Input" Type="Bool">
          <StringAttribute Name="InterfaceFlags" Informative="true">S7_Visible</StringAttribute>
        </Parameter>
        <Parameter Name="MAN2" Section="Input" Type="Bool">
          <StringAttribute Name="InterfaceFlags" Informative="true">S7_Visible</StringAttribute>
        </Parameter>
        <Parameter Name="LOGIC" Section="Input" Type="Bool">
          <StringAttribute Name="InterfaceFlags" Informative="true">S7_Visible</StringAttribute>
        </Parameter>
        <Parameter Name="FAU" Section="Input" Type="Bool">
          <StringAttribute Name="InterfaceFlags" Informative="true">S7_Visible</StringAttribute>
        </Parameter>
        <Parameter Name="FU_IN" Section="Input" Type="Bool">
          <StringAttribute Name="InterfaceFlags" Informative="true">S7_Visible</StringAttribute>
        </Parameter>
        <Parameter Name="X_CLOCK" Section="Input" Type="Bool">
          <StringAttribute Name="InterfaceFlags" Informative="true">S7_Visible</StringAttribute>
        </Parameter>
        <Parameter Name="EMTY_IN" Section="Input" Type="Bool">
          <StringAttribute Name="InterfaceFlags" Informative="true">S7_Visible</StringAttribute>
        </Parameter>
        <Parameter Name="XNC_MAN" Section="Input" Type="Bool">
          <StringAttribute Name="InterfaceFlags" Informative="true">S7_Visible</StringAttribute>
        </Parameter>
        <Parameter Name="XNC_AUT" Section="Input" Type="Bool">
          <StringAttribute Name="InterfaceFlags" Informative="true">S7_Visible</StringAttribute>
        </Parameter>
        <Parameter Name="BU_TRU" Section="Input" Type="Bool">
          <StringAttribute Name="InterfaceFlags" Informative="true">S7_Visible</StringAttribute>
        </Parameter>
        <Parameter Name="SV_IN" Section="Input" Type="Real">
          <StringAttribute Name="InterfaceFlags" Informative="true">S7_Visible</StringAttribute>
        </Parameter>
        <Parameter Name="W_IN" Section="Input" Type="Real">
          <StringAttribute Name="InterfaceFlags" Informative="true">S7_Visible</StringAttribute>
        </Parameter>
        <Parameter Name="W_RTD" Section="Input" Type="Real">
          <StringAttribute Name="InterfaceFlags" Informative="true">S7_Visible</StringAttribute>
        </Parameter>
        <Parameter Name="W_TR" Section="Input" Type="Real">
          <StringAttribute Name="InterfaceFlags" Informative="true">S7_Visible</StringAttribute>
        </Parameter>
        <Parameter Name="W_DU" Section="Input" Type="Real">
          <StringAttribute Name="InterfaceFlags" Informative="true">S7_Visible</StringAttribute>
        </Parameter>
        <Parameter Name="T_ON" Section="Input" Type="Real">
          <StringAttribute Name="InterfaceFlags" Informative="true">S7_Visible</StringAttribute>
        </Parameter>
        <Parameter Name="T_OFF" Section="Input" Type="Real">
          <StringAttribute Name="InterfaceFlags" Informative="true">S7_Visible</StringAttribute>
        </Parameter>
        <Parameter Name="T_DL" Section="Input" Type="Real">
          <StringAttribute Name="InterfaceFlags" Informative="true">S7_Visible</StringAttribute>
        </Parameter>
        <Parameter Name="SMT" Section="Input" Type="Real">
          <StringAttribute Name="InterfaceFlags" Informative="true">S7_Visible</StringAttribute>
        </Parameter>
        <Parameter Name="KL_Bu_Tru" Section="Input" Type="Real">
          <StringAttribute Name="InterfaceFlags" Informative="true">S7_Visible</StringAttribute>
        </Parameter>
        <Parameter Name="MAC_OUT" Section="Output" Type="Real">
          <StringAttribute Name="InterfaceFlags" Informative="true">S7_Visible</StringAttribute>
        </Parameter>
        <Parameter Name="PV_OUT" Section="Output" Type="Real">
          <StringAttribute Name="InterfaceFlags" Informative="true">S7_Visible</StringAttribute>
        </Parameter>
        <Parameter Name="PVA_OUT" Section="Output" Type="Real">
          <StringAttribute Name="InterfaceFlags" Informative="true">S7_Visible</StringAttribute>
        </Parameter>
        <Parameter Name="PVM_OUT" Section="Output" Type="Real">
          <StringAttribute Name="InterfaceFlags" Informative="true">S7_Visible</StringAttribute>
        </Parameter>
        <Parameter Name="FU_OUT" Section="Output" Type="Bool">
          <StringAttribute Name="InterfaceFlags" Informative="true">S7_Visible</StringAttribute>
        </Parameter>
        <Parameter Name="EM_OUT" Section="Output" Type="Bool">
          <StringAttribute Name="InterfaceFlags" Informative="true">S7_Visible</StringAttribute>
        </Parameter>
        <Parameter Name="W_OVER" Section="Output" Type="Real">
          <StringAttribute Name="InterfaceFlags" Informative="true">S7_Visible</StringAttribute>
        </Parameter>
        <Parameter Name="Q_OUT1" Section="Output" Type="Bool">
          <StringAttribute Name="InterfaceFlags" Informative="true">S7_Visible</StringAttribute>
        </Parameter>
        <Parameter Name="Q_OUT2" Section="Output" Type="Bool">
          <StringAttribute Name="InterfaceFlags" Informative="true">S7_Visible</StringAttribute>
        </Parameter>
        <Parameter Name="OVER" Section="Output" Type="Bool">
          <StringAttribute Name="InterfaceFlags" Informative="true">S7_Visible</StringAttribute>
        </Parameter>
        <Parameter Name="STA_RUN" Section="Output" Type="Bool">
          <StringAttribute Name="InterfaceFlags" Informative="true">S7_Visible</StringAttribute>
        </Parameter>
      </CallInfo>
    </Call>
    <Part Name="PContact" UId="94" />
    <Part Name="Contact" UId="95" />
    <Part Name="Contact" UId="96" />
    <Part Name="O" UId="97">
      <TemplateValue Name="Card" Type="Cardinality">2</TemplateValue>
    </Part>
    <Part Name="Contact" UId="98">
      <Negated Name="operand" />
    </Part>
    <Part Name="Ne" UId="99">
      <TemplateValue Name="SrcType" Type="Type">Real</TemplateValue>
    </Part>
    <Part Name="Eq" UId="100">
      <TemplateValue Name="SrcType" Type="Type">Real</TemplateValue>
    </Part>
    <Part Name="Add" UId="101" DisabledENO="true">
      <TemplateValue Name="Card" Type="Cardinality">2</TemplateValue>
      <AutomaticTyped Name="SrcType" />
    </Part>
    <Part Name="Contact" UId="102" />
    <Part Name="Coil" UId="103" />
  </Parts>
  <Wires>
    <Wire UId="115">
      <Powerrail />
      <NameCon UId="78" Name="en" />
      <NameCon UId="75" Name="in" />
      <NameCon UId="92" Name="en" />
      <NameCon UId="80" Name="in" />
      <NameCon UId="87" Name="in" />
      <NameCon UId="88" Name="in" />
      <NameCon UId="89" Name="in" />
      <NameCon UId="90" Name="pre" />
      <NameCon UId="94" Name="pre" />
      <NameCon UId="95" Name="in" />
      <NameCon UId="102" Name="in" />
    </Wire>
    <Wire UId="116">
      <IdentCon UId="21" />
      <NameCon UId="75" Name="operand" />
    </Wire>
    <Wire UId="117">
      <NameCon UId="75" Name="out" />
      <NameCon UId="76" Name="in" />
    </Wire>
    <Wire UId="118">
      <IdentCon UId="22" />
      <NameCon UId="76" Name="operand" />
    </Wire>
    <Wire UId="119">
      <NameCon UId="76" Name="out" />
      <NameCon UId="77" Name="in" />
    </Wire>
    <Wire UId="120">
      <IdentCon UId="23" />
      <NameCon UId="77" Name="operand" />
    </Wire>
    <Wire UId="121">
      <NameCon UId="77" Name="out" />
      <NameCon UId="78" Name="ON" />
    </Wire>
    <Wire UId="122">
      <IdentCon UId="24" />
      <NameCon UId="78" Name="CLOCK_1S" />
    </Wire>
    <Wire UId="123">
      <IdentCon UId="25" />
      <NameCon UId="78" Name="T_DELAY" />
    </Wire>
    <Wire UId="124">
      <NameCon UId="78" Name="OUT" />
      <IdentCon UId="26" />
    </Wire>
    <Wire UId="125">
      <NameCon UId="78" Name="T_OUT" />
      <IdentCon UId="27" />
    </Wire>
    <Wire UId="126">
      <IdentCon UId="28" />
      <NameCon UId="80" Name="operand" />
    </Wire>
    <Wire UId="127">
      <NameCon UId="80" Name="out" />
      <NameCon UId="81" Name="in" />
    </Wire>
    <Wire UId="128">
      <IdentCon UId="29" />
      <NameCon UId="81" Name="operand" />
    </Wire>
    <Wire UId="129">
      <NameCon UId="81" Name="out" />
      <NameCon UId="82" Name="in" />
    </Wire>
    <Wire UId="130">
      <IdentCon UId="30" />
      <NameCon UId="82" Name="operand" />
    </Wire>
    <Wire UId="131">
      <NameCon UId="82" Name="out" />
      <NameCon UId="83" Name="in" />
    </Wire>
    <Wire UId="132">
      <IdentCon UId="31" />
      <NameCon UId="83" Name="operand" />
    </Wire>
    <Wire UId="133">
      <NameCon UId="83" Name="out" />
      <NameCon UId="84" Name="pre" />
    </Wire>
    <Wire UId="134">
      <IdentCon UId="32" />
      <NameCon UId="84" Name="in1" />
    </Wire>
    <Wire UId="135">
      <IdentCon UId="33" />
      <NameCon UId="84" Name="in2" />
    </Wire>
    <Wire UId="136">
      <NameCon UId="84" Name="out" />
      <NameCon UId="85" Name="pre" />
    </Wire>
    <Wire UId="137">
      <IdentCon UId="34" />
      <NameCon UId="85" Name="in1" />
    </Wire>
    <Wire UId="138">
      <IdentCon UId="35" />
      <NameCon UId="85" Name="in2" />
    </Wire>
    <Wire UId="139">
      <NameCon UId="85" Name="out" />
      <NameCon UId="86" Name="pre" />
    </Wire>
    <Wire UId="140">
      <IdentCon UId="36" />
      <NameCon UId="86" Name="in1" />
    </Wire>
    <Wire UId="141">
      <IdentCon UId="37" />
      <NameCon UId="86" Name="in2" />
    </Wire>
    <Wire UId="142">
      <NameCon UId="86" Name="out" />
      <NameCon UId="92" Name="AUT" />
    </Wire>
    <Wire UId="143">
      <IdentCon UId="38" />
      <NameCon UId="87" Name="operand" />
    </Wire>
    <Wire UId="144">
      <NameCon UId="87" Name="out" />
      <NameCon UId="92" Name="MAN1" />
    </Wire>
    <Wire UId="145">
      <IdentCon UId="39" />
      <NameCon UId="88" Name="operand" />
    </Wire>
    <Wire UId="146">
      <NameCon UId="88" Name="out" />
      <NameCon UId="91" Name="in1" />
    </Wire>
    <Wire UId="147">
      <IdentCon UId="40" />
      <NameCon UId="89" Name="operand" />
    </Wire>
    <Wire UId="148">
      <NameCon UId="89" Name="out" />
      <NameCon UId="91" Name="in2" />
    </Wire>
    <Wire UId="149">
      <IdentCon UId="41" />
      <NameCon UId="90" Name="in1" />
    </Wire>
    <Wire UId="150">
      <IdentCon UId="42" />
      <NameCon UId="90" Name="in2" />
    </Wire>
    <Wire UId="151">
      <NameCon UId="90" Name="out" />
      <NameCon UId="91" Name="in3" />
    </Wire>
    <Wire UId="152">
      <NameCon UId="91" Name="out" />
      <NameCon UId="92" Name="FAU" />
    </Wire>
    <Wire UId="153">
      <OpenCon UId="104" />
      <NameCon UId="92" Name="MAN2" />
    </Wire>
    <Wire UId="154">
      <IdentCon UId="43" />
      <NameCon UId="92" Name="LOGIC" />
    </Wire>
    <Wire UId="155">
      <IdentCon UId="44" />
      <NameCon UId="92" Name="FU_IN" />
    </Wire>
    <Wire UId="156">
      <IdentCon UId="45" />
      <NameCon UId="92" Name="X_CLOCK" />
    </Wire>
    <Wire UId="157">
      <IdentCon UId="46" />
      <NameCon UId="92" Name="EMTY_IN" />
    </Wire>
    <Wire UId="158">
      <OpenCon UId="105" />
      <NameCon UId="92" Name="XNC_MAN" />
    </Wire>
    <Wire UId="159">
      <IdentCon UId="47" />
      <NameCon UId="92" Name="XNC_AUT" />
    </Wire>
    <Wire UId="160">
      <OpenCon UId="106" />
      <NameCon UId="92" Name="BU_TRU" />
    </Wire>
    <Wire UId="161">
      <IdentCon UId="48" />
      <NameCon UId="92" Name="SV_IN" />
    </Wire>
    <Wire UId="162">
      <IdentCon UId="49" />
      <NameCon UId="92" Name="W_IN" />
    </Wire>
    <Wire UId="163">
      <IdentCon UId="50" />
      <NameCon UId="92" Name="W_RTD" />
    </Wire>
    <Wire UId="164">
      <IdentCon UId="51" />
      <NameCon UId="92" Name="W_TR" />
    </Wire>
    <Wire UId="165">
      <IdentCon UId="52" />
      <NameCon UId="92" Name="W_DU" />
    </Wire>
    <Wire UId="166">
      <IdentCon UId="53" />
      <NameCon UId="92" Name="T_ON" />
    </Wire>
    <Wire UId="167">
      <IdentCon UId="54" />
      <NameCon UId="92" Name="T_OFF" />
    </Wire>
    <Wire UId="168">
      <IdentCon UId="55" />
      <NameCon UId="92" Name="T_DL" />
    </Wire>
    <Wire UId="169">
      <OpenCon UId="107" />
      <NameCon UId="92" Name="SMT" />
    </Wire>
    <Wire UId="170">
      <OpenCon UId="108" />
      <NameCon UId="92" Name="KL_Bu_Tru" />
    </Wire>
    <Wire UId="171">
      <NameCon UId="92" Name="MAC_OUT" />
      <OpenCon UId="109" />
    </Wire>
    <Wire UId="172">
      <NameCon UId="92" Name="PV_OUT" />
      <IdentCon UId="56" />
    </Wire>
    <Wire UId="173">
      <NameCon UId="92" Name="PVA_OUT" />
      <OpenCon UId="110" />
    </Wire>
    <Wire UId="174">
      <NameCon UId="92" Name="PVM_OUT" />
      <IdentCon UId="57" />
    </Wire>
    <Wire UId="175">
      <NameCon UId="92" Name="FU_OUT" />
      <IdentCon UId="58" />
    </Wire>
    <Wire UId="176">
      <NameCon UId="92" Name="EM_OUT" />
      <OpenCon UId="111" />
    </Wire>
    <Wire UId="177">
      <NameCon UId="92" Name="W_OVER" />
      <OpenCon UId="112" />
    </Wire>
    <Wire UId="178">
      <NameCon UId="92" Name="Q_OUT1" />
      <IdentCon UId="59" />
    </Wire>
    <Wire UId="179">
      <NameCon UId="92" Name="Q_OUT2" />
      <OpenCon UId="113" />
    </Wire>
    <Wire UId="180">
      <NameCon UId="92" Name="OVER" />
      <OpenCon UId="114" />
    </Wire>
    <Wire UId="181">
      <NameCon UId="92" Name="STA_RUN" />
      <IdentCon UId="60" />
    </Wire>
    <Wire UId="182">
      <IdentCon UId="62" />
      <NameCon UId="94" Name="bit" />
    </Wire>
    <Wire UId="183">
      <IdentCon UId="61" />
      <NameCon UId="94" Name="operand" />
    </Wire>
    <Wire UId="184">
      <NameCon UId="94" Name="out" />
      <NameCon UId="97" Name="in1" />
    </Wire>
    <Wire UId="185">
      <IdentCon UId="63" />
      <NameCon UId="95" Name="operand" />
    </Wire>
    <Wire UId="186">
      <NameCon UId="95" Name="out" />
      <NameCon UId="96" Name="in" />
    </Wire>
    <Wire UId="187">
      <IdentCon UId="64" />
      <NameCon UId="96" Name="operand" />
    </Wire>
    <Wire UId="188">
      <NameCon UId="96" Name="out" />
      <NameCon UId="97" Name="in2" />
    </Wire>
    <Wire UId="189">
      <NameCon UId="97" Name="out" />
      <NameCon UId="98" Name="in" />
    </Wire>
    <Wire UId="190">
      <IdentCon UId="65" />
      <NameCon UId="98" Name="operand" />
    </Wire>
    <Wire UId="191">
      <NameCon UId="98" Name="out" />
      <NameCon UId="99" Name="pre" />
    </Wire>
    <Wire UId="192">
      <IdentCon UId="66" />
      <NameCon UId="99" Name="in1" />
    </Wire>
    <Wire UId="193">
      <IdentCon UId="67" />
      <NameCon UId="99" Name="in2" />
    </Wire>
    <Wire UId="194">
      <NameCon UId="99" Name="out" />
      <NameCon UId="100" Name="pre" />
    </Wire>
    <Wire UId="195">
      <IdentCon UId="68" />
      <NameCon UId="100" Name="in1" />
    </Wire>
    <Wire UId="196">
      <IdentCon UId="69" />
      <NameCon UId="100" Name="in2" />
    </Wire>
    <Wire UId="197">
      <NameCon UId="100" Name="out" />
      <NameCon UId="101" Name="en" />
    </Wire>
    <Wire UId="198">
      <IdentCon UId="70" />
      <NameCon UId="101" Name="in1" />
    </Wire>
    <Wire UId="199">
      <IdentCon UId="71" />
      <NameCon UId="101" Name="in2" />
    </Wire>
    <Wire UId="200">
      <NameCon UId="101" Name="out" />
      <IdentCon UId="72" />
    </Wire>
    <Wire UId="201">
      <IdentCon UId="73" />
      <NameCon UId="102" Name="operand" />
    </Wire>
    <Wire UId="202">
      <NameCon UId="102" Name="out" />
      <NameCon UId="103" Name="in" />
    </Wire>
    <Wire UId="203">
      <IdentCon UId="74" />
      <NameCon UId="103" Name="operand" />
    </Wire>
  </Wires>
</FlgNet></NetworkSource>
          <ProgrammingLanguage>LAD</ProgrammingLanguage>
        </AttributeList>
        <ObjectList>
          <MultilingualText ID="4" CompositionName="Comment">
            <ObjectList>
              <MultilingualTextItem ID="5" CompositionName="Items">
                <AttributeList>
                  <Culture>en-US</Culture>
                  <Text />
                </AttributeList>
              </MultilingualTextItem>
            </ObjectList>
          </MultilingualText>
          <MultilingualText ID="6" CompositionName="Title">
            <ObjectList>
              <MultilingualTextItem ID="7" CompositionName="Items">
                <AttributeList>
                  <Culture>en-US</Culture>
                  <Text>CAN XI MANG 1</Text>
                </AttributeList>
              </MultilingualTextItem>
            </ObjectList>
          </MultilingualText>
        </ObjectList>
      </SW.Blocks.CompileUnit>
      <MultilingualText ID="8" CompositionName="Title">
        <ObjectList>
          <MultilingualTextItem ID="9" CompositionName="Items">
            <AttributeList>
              <Culture>en-US</Culture>
              <Text />
            </AttributeList>
          </MultilingualTextItem>
        </ObjectList>
      </MultilingualText>
    </ObjectList>
  </SW.Blocks.FC>
</Document>