﻿<?xml version="1.0" encoding="utf-8"?>
<Document>
  <Engineering version="V15.1" />
  <DocumentInfo>
    <Created>2026-01-09T13:45:15.4435531Z</Created>
    <ExportSetting>WithDefaults, WithReadOnly</ExportSetting>
    <InstalledProducts>
      <Product>
        <DisplayName>Totally Integrated Automation Portal</DisplayName>
        <DisplayVersion>V15.1 Update 8</DisplayVersion>
      </Product>
      <OptionPackage>
        <DisplayName>TIA Portal Openness</DisplayName>
        <DisplayVersion>V15.1 Update 8</DisplayVersion>
      </OptionPackage>
      <Product>
        <DisplayName>STEP 7 Professional</DisplayName>
        <DisplayVersion>V15.1 Update 8</DisplayVersion>
      </Product>
      <Product>
        <DisplayName>WinCC Advanced</DisplayName>
        <DisplayVersion>V15.1 Update 8</DisplayVersion>
      </Product>
    </InstalledProducts>
  </DocumentInfo>
  <SW.Blocks.FC ID="0">
    <AttributeList>
      <AutoNumber>true</AutoNumber>
      <CodeModifiedDate ReadOnly="true">2026-01-04T14:27:04.5966227Z</CodeModifiedDate>
      <CompileDate ReadOnly="true">2026-01-04T14:27:05.7689468Z</CompileDate>
      <CreationDate ReadOnly="true">2024-10-13T15:07:34.9617085Z</CreationDate>
      <HandleErrorsWithinBlock ReadOnly="true">false</HandleErrorsWithinBlock>
      <HeaderAuthor />
      <HeaderFamily />
      <HeaderName />
      <HeaderVersion>0.1</HeaderVersion>
      <Interface><Sections xmlns="http://www.siemens.com/automation/Openness/SW/Interface/v3">
  <Section Name="Input" />
  <Section Name="Output" />
  <Section Name="InOut" />
  <Section Name="Temp" />
  <Section Name="Constant" />
  <Section Name="Return">
    <Member Name="Ret_Val" Datatype="Void" Accessibility="Public" />
  </Section>
</Sections></Interface>
      <InterfaceModifiedDate ReadOnly="true">2024-08-08T03:24:33.8704482Z</InterfaceModifiedDate>
      <IsConsistent ReadOnly="true">true</IsConsistent>
      <IsIECCheckEnabled>false</IsIECCheckEnabled>
      <IsKnowHowProtected ReadOnly="true">false</IsKnowHowProtected>
      <IsWriteProtected ReadOnly="true">false</IsWriteProtected>
      <LibraryConformanceStatus ReadOnly="true">Error: The block contains calls of single instances.
Warning: The object contains access to global data blocks.
Warning: The block contains direct access to inputs, outputs, bit memories, indirect access to the registry or indirect access to external memory areas that are unknown at the time of compilation.
</LibraryConformanceStatus>
      <MemoryLayout>Optimized</MemoryLayout>
      <ModifiedDate ReadOnly="true">2026-01-06T10:18:41.758331Z</ModifiedDate>
      <Name>FCCA_CCD_AP1</Name>
      <Number>16</Number>
      <ParameterModified ReadOnly="true">2024-08-08T03:24:33.8704482Z</ParameterModified>
      <PLCSimAdvancedSupport ReadOnly="true">false</PLCSimAdvancedSupport>
      <ProgrammingLanguage>LAD</ProgrammingLanguage>
      <SetENOAutomatically>False</SetENOAutomatically>
      <StructureModified ReadOnly="true">2024-08-08T03:24:33.8704482Z</StructureModified>
      <UDABlockProperties />
      <UDAEnableTagReadback>false</UDAEnableTagReadback>
    </AttributeList>
    <ObjectList>
      <MultilingualText ID="1" CompositionName="Comment">
        <ObjectList>
          <MultilingualTextItem ID="2" CompositionName="Items">
            <AttributeList>
              <Culture>en-US</Culture>
              <Text />
            </AttributeList>
          </MultilingualTextItem>
        </ObjectList>
      </MultilingualText>
      <SW.Blocks.CompileUnit ID="3" CompositionName="CompileUnits">
        <AttributeList>
          <NetworkSource><FlgNet xmlns="http://www.siemens.com/automation/Openness/SW/NetworkSource/FlgNet/v3">
  <Parts>
    <Access Scope="GlobalVariable" UId="21">
      <Symbol>
        <Component Name="PLC_BIT" />
        <Component Name="RUN" />
        <Address Area="DB" Type="Bool" BlockNumber="9" BitOffset="0" Informative="true" />
      </Symbol>
    </Access>
    <Access Scope="GlobalVariable" UId="22">
      <Symbol>
        <Component Name="PLC_BIT" />
        <Component Name="WWA1_FU" />
        <Address Area="DB" Type="Bool" BlockNumber="9" BitOffset="36" Informative="true" />
      </Symbol>
    </Access>
    <Access Scope="GlobalVariable" UId="23">
      <Symbol>
        <Component Name="C#1_RB" />
        <Component Name="XA W_AP1" />
        <Address Area="DB" Type="Bool" BlockNumber="1" BitOffset="49" Informative="true" />
      </Symbol>
    </Access>
    <Access Scope="GlobalVariable" UId="24">
      <Symbol>
        <Component Name="Clock_10Hz" />
        <Address Area="Memory" Type="Bool" BitOffset="0" Informative="true" />
      </Symbol>
    </Access>
    <Access Scope="GlobalVariable" UId="25">
      <Symbol>
        <Component Name="C#4_WD_WEIGHT" />
        <Component Name="W_AP1_TG.DLC" />
        <Address Area="DB" Type="Real" BlockNumber="4" BitOffset="448" Informative="true" />
      </Symbol>
    </Access>
    <Access Scope="GlobalVariable" UId="26">
      <Symbol>
        <Component Name="9.3.DLC_WA1" />
        <Component Name="OUT" />
        <Address Area="None" Type="Bool" BlockNumber="912" BitOffset="98" Informative="true" />
      </Symbol>
    </Access>
    <Access Scope="GlobalVariable" UId="27">
      <Symbol>
        <Component Name="9.3.DLC_WA1" />
        <Component Name="T_OUT" />
        <Address Area="None" Type="Real" BlockNumber="912" BitOffset="64" Informative="true" />
      </Symbol>
    </Access>
    <Access Scope="GlobalVariable" UId="28">
      <Symbol>
        <Component Name="C#4_WD_WEIGHT" />
        <Component Name="SV_AP1" />
        <Address Area="DB" Type="Real" BlockNumber="4" BitOffset="1024" Informative="true" />
      </Symbol>
    </Access>
    <Access Scope="LiteralConstant" UId="29">
      <Constant>
        <ConstantType>Real</ConstantType>
        <ConstantValue>0.0</ConstantValue>
        <StringAttribute Name="Format" Informative="true">Real</StringAttribute>
      </Constant>
    </Access>
    <Access Scope="GlobalVariable" UId="30">
      <Symbol>
        <Component Name="PLC_BIT" />
        <Component Name="RUN" />
        <Address Area="DB" Type="Bool" BlockNumber="9" BitOffset="0" Informative="true" />
      </Symbol>
    </Access>
    <Access Scope="GlobalVariable" UId="31">
      <Symbol>
        <Component Name="PLC_BIT" />
        <Component Name="AUT" />
        <Address Area="DB" Type="Bool" BlockNumber="9" BitOffset="2" Informative="true" />
      </Symbol>
    </Access>
    <Access Scope="GlobalVariable" UId="32">
      <Symbol>
        <Component Name="9.3.DLC_WA1" />
        <Component Name="OUT" />
        <Address Area="None" Type="Bool" BlockNumber="912" BitOffset="98" Informative="true" />
      </Symbol>
    </Access>
    <Access Scope="GlobalVariable" UId="33">
      <Symbol>
        <Component Name="PLC_BIT" />
        <Component Name="WWA1_FU" />
        <Address Area="DB" Type="Bool" BlockNumber="9" BitOffset="36" Informative="true" />
      </Symbol>
    </Access>
    <Access Scope="GlobalVariable" UId="34">
      <Symbol>
        <Component Name="C#7_RD_RUN" />
        <Component Name="SMC_AP1" />
        <Address Area="DB" Type="Real" BlockNumber="7" BitOffset="800" Informative="true" />
      </Symbol>
    </Access>
    <Access Scope="GlobalVariable" UId="35">
      <Symbol>
        <Component Name="C#7_RD_RUN" />
        <Component Name="SMX_AP1" />
        <Address Area="DB" Type="Real" BlockNumber="7" BitOffset="832" Informative="true" />
      </Symbol>
    </Access>
    <Access Scope="GlobalVariable" UId="36">
      <Symbol>
        <Component Name="C#7_RD_RUN" />
        <Component Name="SMC_AP1" />
        <Address Area="DB" Type="Real" BlockNumber="7" BitOffset="800" Informative="true" />
      </Symbol>
    </Access>
    <Access Scope="GlobalVariable" UId="37">
      <Symbol>
        <Component Name="C#7_RD_RUN" />
        <Component Name="SMT" />
        <Address Area="DB" Type="Real" BlockNumber="7" BitOffset="1152" Informative="true" />
      </Symbol>
    </Access>
    <Access Scope="GlobalVariable" UId="38">
      <Symbol>
        <Component Name="C#2_WB" />
        <Component Name="NN_CAN AP1" />
        <Address Area="DB" Type="Bool" BlockNumber="2" BitOffset="34" Informative="true" />
      </Symbol>
    </Access>
    <Access Scope="GlobalVariable" UId="39">
      <Symbol>
        <Component Name="PLC_BIT" />
        <Component Name="NN_CAN NUOC" />
        <Address Area="DB" Type="Bool" BlockNumber="9" BitOffset="53" Informative="true" />
      </Symbol>
    </Access>
    <Access Scope="GlobalVariable" UId="40">
      <Symbol>
        <Component Name="C#2_WB" />
        <Component Name="F2_SW_PAU" />
        <Address Area="DB" Type="Bool" BlockNumber="2" BitOffset="1" Informative="true" />
      </Symbol>
    </Access>
    <Access Scope="GlobalVariable" UId="41">
      <Symbol>
        <Component Name="C#2_WB" />
        <Component Name="SW_PA_AP1" />
        <Address Area="DB" Type="Bool" BlockNumber="2" BitOffset="61" Informative="true" />
      </Symbol>
    </Access>
    <Access Scope="GlobalVariable" UId="42">
      <Symbol>
        <Component Name="C#6_WD_CALIB" />
        <Component Name="XUNG_AP1" />
        <Address Area="DB" Type="Real" BlockNumber="6" BitOffset="832" Informative="true" />
      </Symbol>
    </Access>
    <Access Scope="LiteralConstant" UId="43">
      <Constant>
        <ConstantType>Real</ConstantType>
        <ConstantValue>32767.0</ConstantValue>
        <StringAttribute Name="Format" Informative="true">Real</StringAttribute>
      </Constant>
    </Access>
    <Access Scope="GlobalVariable" UId="44">
      <Symbol>
        <Component Name="C#2_WB" />
        <Component Name="NN_FU_AP1" />
        <Address Area="DB" Type="Bool" BlockNumber="2" BitOffset="53" Informative="true" />
      </Symbol>
    </Access>
    <Access Scope="GlobalVariable" UId="45">
      <Symbol>
        <Component Name="Clock_10Hz" />
        <Address Area="Memory" Type="Bool" BitOffset="0" Informative="true" />
      </Symbol>
    </Access>
    <Access Scope="GlobalVariable" UId="46">
      <Symbol>
        <Component Name="PLC_BIT" />
        <Component Name="WWA1_EM" />
        <Address Area="DB" Type="Bool" BlockNumber="9" BitOffset="37" Informative="true" />
      </Symbol>
    </Access>
    <Access Scope="LiteralConstant" UId="47">
      <Constant>
        <ConstantType>Bool</ConstantType>
        <ConstantValue>TRUE</ConstantValue>
        <StringAttribute Name="Format" Informative="true">Bool</StringAttribute>
      </Constant>
    </Access>
    <Access Scope="GlobalVariable" UId="48">
      <Symbol>
        <Component Name="C#4_WD_WEIGHT" />
        <Component Name="SV_AP1" />
        <Address Area="DB" Type="Real" BlockNumber="4" BitOffset="1024" Informative="true" />
      </Symbol>
    </Access>
    <Access Scope="GlobalVariable" UId="49">
      <Symbol>
        <Component Name="6.3.WWAT1" />
        <Component Name="W_OUT1" />
        <Address Area="None" Type="Real" BlockNumber="609" BitOffset="480" Informative="true" />
      </Symbol>
    </Access>
    <Access Scope="GlobalVariable" UId="50">
      <Symbol>
        <Component Name="C#3_WD_SILO" />
        <Component Name="AP1_KL_RTD" />
        <Address Area="DB" Type="Real" BlockNumber="3" BitOffset="1216" Informative="true" />
      </Symbol>
    </Access>
    <Access Scope="GlobalVariable" UId="51">
      <Symbol>
        <Component Name="C#3_WD_SILO" />
        <Component Name="AP1_SS_TREN" />
        <Address Area="DB" Type="Real" BlockNumber="3" BitOffset="1152" Informative="true" />
      </Symbol>
    </Access>
    <Access Scope="GlobalVariable" UId="52">
      <Symbol>
        <Component Name="C#3_WD_SILO" />
        <Component Name="AP1_SS_DUOI" />
        <Address Area="DB" Type="Real" BlockNumber="3" BitOffset="1184" Informative="true" />
      </Symbol>
    </Access>
    <Access Scope="GlobalVariable" UId="53">
      <Symbol>
        <Component Name="C#3_WD_SILO" />
        <Component Name="AP1_TG_ON_CAN" />
        <Address Area="DB" Type="Real" BlockNumber="3" BitOffset="1248" Informative="true" />
      </Symbol>
    </Access>
    <Access Scope="GlobalVariable" UId="54">
      <Symbol>
        <Component Name="C#3_WD_SILO" />
        <Component Name="AP1_TG_OFF_CAN" />
        <Address Area="DB" Type="Real" BlockNumber="3" BitOffset="1280" Informative="true" />
      </Symbol>
    </Access>
    <Access Scope="GlobalVariable" UId="55">
      <Symbol>
        <Component Name="C#3_WD_SILO" />
        <Component Name="AP1_TG_ODC" />
        <Address Area="DB" Type="Real" BlockNumber="3" BitOffset="1312" Informative="true" />
      </Symbol>
    </Access>
    <Access Scope="GlobalVariable" UId="56">
      <Symbol>
        <Component Name="C#7_RD_RUN" />
        <Component Name="PV_AP1" />
        <Address Area="DB" Type="Real" BlockNumber="7" BitOffset="704" Informative="true" />
      </Symbol>
    </Access>
    <Access Scope="GlobalVariable" UId="57">
      <Symbol>
        <Component Name="C#7_RD_RUN" />
        <Component Name="PVM_AP1" />
        <Address Area="DB" Type="Real" BlockNumber="7" BitOffset="1408" Informative="true" />
      </Symbol>
    </Access>
    <Access Scope="GlobalVariable" UId="58">
      <Symbol>
        <Component Name="PLC_BIT" />
        <Component Name="WWA1_FU" />
        <Address Area="DB" Type="Bool" BlockNumber="9" BitOffset="36" Informative="true" />
      </Symbol>
    </Access>
    <Access Scope="GlobalVariable" UId="59">
      <Symbol>
        <Component Name="C#1_RB" />
        <Component Name="CAN AP1" />
        <Address Area="DB" Type="Bool" BlockNumber="1" BitOffset="45" Informative="true" />
      </Symbol>
    </Access>
    <Access Scope="GlobalVariable" UId="60">
      <Symbol>
        <Component Name="7.3.WA1" />
        <Component Name="STA_RUN" />
        <Address Area="None" Type="Bool" BlockNumber="712" BitOffset="494" Informative="true" />
      </Symbol>
    </Access>
    <Access Scope="GlobalVariable" UId="61">
      <Symbol>
        <Component Name="7.3.WA1" />
        <Component Name="STA_RUN" />
        <Address Area="None" Type="Bool" BlockNumber="712" BitOffset="494" Informative="true" />
      </Symbol>
    </Access>
    <Access Scope="GlobalVariable" UId="62">
      <Symbol>
        <Component Name="C#1_RB" />
        <Component Name="TTC_AP1" />
        <Address Area="DB" Type="Bool" BlockNumber="1" BitOffset="67" Informative="true" />
      </Symbol>
    </Access>
    <Part Name="Contact" UId="63" />
    <Part Name="Contact" UId="64">
      <Negated Name="operand" />
    </Part>
    <Part Name="Contact" UId="65">
      <Negated Name="operand" />
    </Part>
    <Call UId="66">
      <CallInfo Name="9.TIMER_DELAY" BlockType="FB">
        <IntegerAttribute Name="BlockNumber" Informative="true">9</IntegerAttribute>
        <DateAttribute Name="ParameterModifiedTS" Informative="true">2022-05-24T16:36:11</DateAttribute>
        <Instance Scope="GlobalVariable" UId="67">
          <Component Name="9.3.DLC_WA1" />
          <Address Area="DB" Type="9.TIMER_DELAY" BlockNumber="912" BitOffset="0" Informative="true" />
        </Instance>
        <Parameter Name="ON" Section="Input" Type="Bool">
          <StringAttribute Name="InterfaceFlags" Informative="true">S7_Visible</StringAttribute>
        </Parameter>
        <Parameter Name="CLOCK_1S" Section="Input" Type="Bool">
          <StringAttribute Name="InterfaceFlags" Informative="true">S7_Visible</StringAttribute>
        </Parameter>
        <Parameter Name="T_DELAY" Section="Input" Type="Real">
          <StringAttribute Name="InterfaceFlags" Informative="true">S7_Visible</StringAttribute>
        </Parameter>
        <Parameter Name="OUT" Section="Output" Type="Bool">
          <StringAttribute Name="InterfaceFlags" Informative="true">S7_Visible</StringAttribute>
        </Parameter>
        <Parameter Name="T_OUT" Section="Output" Type="Real">
          <StringAttribute Name="InterfaceFlags" Informative="true">S7_Visible</StringAttribute>
        </Parameter>
      </CallInfo>
    </Call>
    <Part Name="Ne" UId="68">
      <TemplateValue Name="SrcType" Type="Type">Real</TemplateValue>
    </Part>
    <Part Name="Contact" UId="69" />
    <Part Name="Contact" UId="70" />
    <Part Name="Contact" UId="71" />
    <Part Name="Contact" UId="72">
      <Negated Name="operand" />
    </Part>
    <Part Name="Eq" UId="73">
      <TemplateValue Name="SrcType" Type="Type">Real</TemplateValue>
    </Part>
    <Part Name="Lt" UId="74">
      <TemplateValue Name="SrcType" Type="Type">Real</TemplateValue>
    </Part>
    <Part Name="Contact" UId="75" />
    <Part Name="Contact" UId="76" />
    <Part Name="O" UId="77">
      <TemplateValue Name="Card" Type="Cardinality">2</TemplateValue>
    </Part>
    <Part Name="Contact" UId="78" />
    <Part Name="Contact" UId="79" />
    <Part Name="Eq" UId="80">
      <TemplateValue Name="SrcType" Type="Type">Real</TemplateValue>
    </Part>
    <Part Name="O" UId="81">
      <TemplateValue Name="Card" Type="Cardinality">3</TemplateValue>
    </Part>
    <Call UId="82">
      <CallInfo Name="7.WEIGHT_PROCESS" BlockType="FB">
        <IntegerAttribute Name="BlockNumber" Informative="true">7</IntegerAttribute>
        <DateAttribute Name="ParameterModifiedTS" Informative="true">2024-08-06T08:53:48</DateAttribute>
        <Instance Scope="GlobalVariable" UId="83">
          <Component Name="7.3.WA1" />
          <Address Area="DB" Type="7.WEIGHT_PROCESS" BlockNumber="712" BitOffset="0" Informative="true" />
        </Instance>
        <Parameter Name="AUT" Section="Input" Type="Bool">
          <StringAttribute Name="InterfaceFlags" Informative="true">S7_Visible</StringAttribute>
        </Parameter>
        <Parameter Name="MAN1" Section="Input" Type="Bool">
          <StringAttribute Name="InterfaceFlags" Informative="true">S7_Visible</StringAttribute>
        </Parameter>
        <Parameter Name="MAN2" Section="Input" Type="Bool">
          <StringAttribute Name="InterfaceFlags" Informative="true">S7_Visible</StringAttribute>
        </Parameter>
        <Parameter Name="LOGIC" Section="Input" Type="Bool">
          <StringAttribute Name="InterfaceFlags" Informative="true">S7_Visible</StringAttribute>
        </Parameter>
        <Parameter Name="FAU" Section="Input" Type="Bool">
          <StringAttribute Name="InterfaceFlags" Informative="true">S7_Visible</StringAttribute>
        </Parameter>
        <Parameter Name="FU_IN" Section="Input" Type="Bool">
          <StringAttribute Name="InterfaceFlags" Informative="true">S7_Visible</StringAttribute>
        </Parameter>
        <Parameter Name="X_CLOCK" Section="Input" Type="Bool">
          <StringAttribute Name="InterfaceFlags" Informative="true">S7_Visible</StringAttribute>
        </Parameter>
        <Parameter Name="EMTY_IN" Section="Input" Type="Bool">
          <StringAttribute Name="InterfaceFlags" Informative="true">S7_Visible</StringAttribute>
        </Parameter>
        <Parameter Name="XNC_MAN" Section="Input" Type="Bool">
          <StringAttribute Name="InterfaceFlags" Informative="true">S7_Visible</StringAttribute>
        </Parameter>
        <Parameter Name="XNC_AUT" Section="Input" Type="Bool">
          <StringAttribute Name="InterfaceFlags" Informative="true">S7_Visible</StringAttribute>
        </Parameter>
        <Parameter Name="BU_TRU" Section="Input" Type="Bool">
          <StringAttribute Name="InterfaceFlags" Informative="true">S7_Visible</StringAttribute>
        </Parameter>
        <Parameter Name="SV_IN" Section="Input" Type="Real">
          <StringAttribute Name="InterfaceFlags" Informative="true">S7_Visible</StringAttribute>
        </Parameter>
        <Parameter Name="W_IN" Section="Input" Type="Real">
          <StringAttribute Name="InterfaceFlags" Informative="true">S7_Visible</StringAttribute>
        </Parameter>
        <Parameter Name="W_RTD" Section="Input" Type="Real">
          <StringAttribute Name="InterfaceFlags" Informative="true">S7_Visible</StringAttribute>
        </Parameter>
        <Parameter Name="W_TR" Section="Input" Type="Real">
          <StringAttribute Name="InterfaceFlags" Informative="true">S7_Visible</StringAttribute>
        </Parameter>
        <Parameter Name="W_DU" Section="Input" Type="Real">
          <StringAttribute Name="InterfaceFlags" Informative="true">S7_Visible</StringAttribute>
        </Parameter>
        <Parameter Name="T_ON" Section="Input" Type="Real">
          <StringAttribute Name="InterfaceFlags" Informative="true">S7_Visible</StringAttribute>
        </Parameter>
        <Parameter Name="T_OFF" Section="Input" Type="Real">
          <StringAttribute Name="InterfaceFlags" Informative="true">S7_Visible</StringAttribute>
        </Parameter>
        <Parameter Name="T_DL" Section="Input" Type="Real">
          <StringAttribute Name="InterfaceFlags" Informative="true">S7_Visible</StringAttribute>
        </Parameter>
        <Parameter Name="SMT" Section="Input" Type="Real">
          <StringAttribute Name="InterfaceFlags" Informative="true">S7_Visible</StringAttribute>
        </Parameter>
        <Parameter Name="KL_Bu_Tru" Section="Input" Type="Real">
          <StringAttribute Name="InterfaceFlags" Informative="true">S7_Visible</StringAttribute>
        </Parameter>
        <Parameter Name="MAC_OUT" Section="Output" Type="Real">
          <StringAttribute Name="InterfaceFlags" Informative="true">S7_Visible</StringAttribute>
        </Parameter>
        <Parameter Name="PV_OUT" Section="Output" Type="Real">
          <StringAttribute Name="InterfaceFlags" Informative="true">S7_Visible</StringAttribute>
        </Parameter>
        <Parameter Name="PVA_OUT" Section="Output" Type="Real">
          <StringAttribute Name="InterfaceFlags" Informative="true">S7_Visible</StringAttribute>
        </Parameter>
        <Parameter Name="PVM_OUT" Section="Output" Type="Real">
          <StringAttribute Name="InterfaceFlags" Informative="true">S7_Visible</StringAttribute>
        </Parameter>
        <Parameter Name="FU_OUT" Section="Output" Type="Bool">
          <StringAttribute Name="InterfaceFlags" Informative="true">S7_Visible</StringAttribute>
        </Parameter>
        <Parameter Name="EM_OUT" Section="Output" Type="Bool">
          <StringAttribute Name="InterfaceFlags" Informative="true">S7_Visible</StringAttribute>
        </Parameter>
        <Parameter Name="W_OVER" Section="Output" Type="Real">
          <StringAttribute Name="InterfaceFlags" Informative="true">S7_Visible</StringAttribute>
        </Parameter>
        <Parameter Name="Q_OUT1" Section="Output" Type="Bool">
          <StringAttribute Name="InterfaceFlags" Informative="true">S7_Visible</StringAttribute>
        </Parameter>
        <Parameter Name="Q_OUT2" Section="Output" Type="Bool">
          <StringAttribute Name="InterfaceFlags" Informative="true">S7_Visible</StringAttribute>
        </Parameter>
        <Parameter Name="OVER" Section="Output" Type="Bool">
          <StringAttribute Name="InterfaceFlags" Informative="true">S7_Visible</StringAttribute>
        </Parameter>
        <Parameter Name="STA_RUN" Section="Output" Type="Bool">
          <StringAttribute Name="InterfaceFlags" Informative="true">S7_Visible</StringAttribute>
        </Parameter>
      </CallInfo>
    </Call>
    <Part Name="Contact" UId="84" />
    <Part Name="Coil" UId="85" />
  </Parts>
  <Wires>
    <Wire UId="98">
      <Powerrail />
      <NameCon UId="66" Name="en" />
      <NameCon UId="63" Name="in" />
      <NameCon UId="82" Name="en" />
      <NameCon UId="68" Name="pre" />
      <NameCon UId="75" Name="in" />
      <NameCon UId="76" Name="in" />
      <NameCon UId="78" Name="in" />
      <NameCon UId="79" Name="in" />
      <NameCon UId="80" Name="pre" />
      <NameCon UId="84" Name="in" />
    </Wire>
    <Wire UId="99">
      <IdentCon UId="21" />
      <NameCon UId="63" Name="operand" />
    </Wire>
    <Wire UId="100">
      <NameCon UId="63" Name="out" />
      <NameCon UId="64" Name="in" />
    </Wire>
    <Wire UId="101">
      <IdentCon UId="22" />
      <NameCon UId="64" Name="operand" />
    </Wire>
    <Wire UId="102">
      <NameCon UId="64" Name="out" />
      <NameCon UId="65" Name="in" />
    </Wire>
    <Wire UId="103">
      <IdentCon UId="23" />
      <NameCon UId="65" Name="operand" />
    </Wire>
    <Wire UId="104">
      <NameCon UId="65" Name="out" />
      <NameCon UId="66" Name="ON" />
    </Wire>
    <Wire UId="105">
      <IdentCon UId="24" />
      <NameCon UId="66" Name="CLOCK_1S" />
    </Wire>
    <Wire UId="106">
      <IdentCon UId="25" />
      <NameCon UId="66" Name="T_DELAY" />
    </Wire>
    <Wire UId="107">
      <NameCon UId="66" Name="OUT" />
      <IdentCon UId="26" />
    </Wire>
    <Wire UId="108">
      <NameCon UId="66" Name="T_OUT" />
      <IdentCon UId="27" />
    </Wire>
    <Wire UId="109">
      <IdentCon UId="28" />
      <NameCon UId="68" Name="in1" />
    </Wire>
    <Wire UId="110">
      <IdentCon UId="29" />
      <NameCon UId="68" Name="in2" />
    </Wire>
    <Wire UId="111">
      <NameCon UId="68" Name="out" />
      <NameCon UId="69" Name="in" />
    </Wire>
    <Wire UId="112">
      <IdentCon UId="30" />
      <NameCon UId="69" Name="operand" />
    </Wire>
    <Wire UId="113">
      <NameCon UId="69" Name="out" />
      <NameCon UId="70" Name="in" />
    </Wire>
    <Wire UId="114">
      <IdentCon UId="31" />
      <NameCon UId="70" Name="operand" />
    </Wire>
    <Wire UId="115">
      <NameCon UId="70" Name="out" />
      <NameCon UId="71" Name="in" />
    </Wire>
    <Wire UId="116">
      <IdentCon UId="32" />
      <NameCon UId="71" Name="operand" />
    </Wire>
    <Wire UId="117">
      <NameCon UId="71" Name="out" />
      <NameCon UId="72" Name="in" />
    </Wire>
    <Wire UId="118">
      <IdentCon UId="33" />
      <NameCon UId="72" Name="operand" />
    </Wire>
    <Wire UId="119">
      <NameCon UId="72" Name="out" />
      <NameCon UId="73" Name="pre" />
    </Wire>
    <Wire UId="120">
      <IdentCon UId="34" />
      <NameCon UId="73" Name="in1" />
    </Wire>
    <Wire UId="121">
      <IdentCon UId="35" />
      <NameCon UId="73" Name="in2" />
    </Wire>
    <Wire UId="122">
      <NameCon UId="73" Name="out" />
      <NameCon UId="74" Name="pre" />
    </Wire>
    <Wire UId="123">
      <IdentCon UId="36" />
      <NameCon UId="74" Name="in1" />
    </Wire>
    <Wire UId="124">
      <IdentCon UId="37" />
      <NameCon UId="74" Name="in2" />
    </Wire>
    <Wire UId="125">
      <NameCon UId="74" Name="out" />
      <NameCon UId="82" Name="AUT" />
    </Wire>
    <Wire UId="126">
      <IdentCon UId="38" />
      <NameCon UId="75" Name="operand" />
    </Wire>
    <Wire UId="127">
      <NameCon UId="75" Name="out" />
      <NameCon UId="77" Name="in1" />
    </Wire>
    <Wire UId="128">
      <IdentCon UId="39" />
      <NameCon UId="76" Name="operand" />
    </Wire>
    <Wire UId="129">
      <NameCon UId="76" Name="out" />
      <NameCon UId="77" Name="in2" />
    </Wire>
    <Wire UId="130">
      <NameCon UId="77" Name="out" />
      <NameCon UId="82" Name="MAN1" />
    </Wire>
    <Wire UId="131">
      <IdentCon UId="40" />
      <NameCon UId="78" Name="operand" />
    </Wire>
    <Wire UId="132">
      <NameCon UId="78" Name="out" />
      <NameCon UId="81" Name="in1" />
    </Wire>
    <Wire UId="133">
      <IdentCon UId="41" />
      <NameCon UId="79" Name="operand" />
    </Wire>
    <Wire UId="134">
      <NameCon UId="79" Name="out" />
      <NameCon UId="81" Name="in2" />
    </Wire>
    <Wire UId="135">
      <IdentCon UId="42" />
      <NameCon UId="80" Name="in1" />
    </Wire>
    <Wire UId="136">
      <IdentCon UId="43" />
      <NameCon UId="80" Name="in2" />
    </Wire>
    <Wire UId="137">
      <NameCon UId="80" Name="out" />
      <NameCon UId="81" Name="in3" />
    </Wire>
    <Wire UId="138">
      <NameCon UId="81" Name="out" />
      <NameCon UId="82" Name="FAU" />
    </Wire>
    <Wire UId="139">
      <OpenCon UId="86" />
      <NameCon UId="82" Name="MAN2" />
    </Wire>
    <Wire UId="140">
      <OpenCon UId="87" />
      <NameCon UId="82" Name="LOGIC" />
    </Wire>
    <Wire UId="141">
      <IdentCon UId="44" />
      <NameCon UId="82" Name="FU_IN" />
    </Wire>
    <Wire UId="142">
      <IdentCon UId="45" />
      <NameCon UId="82" Name="X_CLOCK" />
    </Wire>
    <Wire UId="143">
      <IdentCon UId="46" />
      <NameCon UId="82" Name="EMTY_IN" />
    </Wire>
    <Wire UId="144">
      <OpenCon UId="88" />
      <NameCon UId="82" Name="XNC_MAN" />
    </Wire>
    <Wire UId="145">
      <IdentCon UId="47" />
      <NameCon UId="82" Name="XNC_AUT" />
    </Wire>
    <Wire UId="146">
      <OpenCon UId="89" />
      <NameCon UId="82" Name="BU_TRU" />
    </Wire>
    <Wire UId="147">
      <IdentCon UId="48" />
      <NameCon UId="82" Name="SV_IN" />
    </Wire>
    <Wire UId="148">
      <IdentCon UId="49" />
      <NameCon UId="82" Name="W_IN" />
    </Wire>
    <Wire UId="149">
      <IdentCon UId="50" />
      <NameCon UId="82" Name="W_RTD" />
    </Wire>
    <Wire UId="150">
      <IdentCon UId="51" />
      <NameCon UId="82" Name="W_TR" />
    </Wire>
    <Wire UId="151">
      <IdentCon UId="52" />
      <NameCon UId="82" Name="W_DU" />
    </Wire>
    <Wire UId="152">
      <IdentCon UId="53" />
      <NameCon UId="82" Name="T_ON" />
    </Wire>
    <Wire UId="153">
      <IdentCon UId="54" />
      <NameCon UId="82" Name="T_OFF" />
    </Wire>
    <Wire UId="154">
      <IdentCon UId="55" />
      <NameCon UId="82" Name="T_DL" />
    </Wire>
    <Wire UId="155">
      <OpenCon UId="90" />
      <NameCon UId="82" Name="SMT" />
    </Wire>
    <Wire UId="156">
      <OpenCon UId="91" />
      <NameCon UId="82" Name="KL_Bu_Tru" />
    </Wire>
    <Wire UId="157">
      <NameCon UId="82" Name="MAC_OUT" />
      <OpenCon UId="92" />
    </Wire>
    <Wire UId="158">
      <NameCon UId="82" Name="PV_OUT" />
      <IdentCon UId="56" />
    </Wire>
    <Wire UId="159">
      <NameCon UId="82" Name="PVA_OUT" />
      <OpenCon UId="93" />
    </Wire>
    <Wire UId="160">
      <NameCon UId="82" Name="PVM_OUT" />
      <IdentCon UId="57" />
    </Wire>
    <Wire UId="161">
      <NameCon UId="82" Name="FU_OUT" />
      <IdentCon UId="58" />
    </Wire>
    <Wire UId="162">
      <NameCon UId="82" Name="EM_OUT" />
      <OpenCon UId="94" />
    </Wire>
    <Wire UId="163">
      <NameCon UId="82" Name="W_OVER" />
      <OpenCon UId="95" />
    </Wire>
    <Wire UId="164">
      <NameCon UId="82" Name="Q_OUT1" />
      <IdentCon UId="59" />
    </Wire>
    <Wire UId="165">
      <NameCon UId="82" Name="Q_OUT2" />
      <OpenCon UId="96" />
    </Wire>
    <Wire UId="166">
      <NameCon UId="82" Name="OVER" />
      <OpenCon UId="97" />
    </Wire>
    <Wire UId="167">
      <NameCon UId="82" Name="STA_RUN" />
      <IdentCon UId="60" />
    </Wire>
    <Wire UId="168">
      <IdentCon UId="61" />
      <NameCon UId="84" Name="operand" />
    </Wire>
    <Wire UId="169">
      <NameCon UId="84" Name="out" />
      <NameCon UId="85" Name="in" />
    </Wire>
    <Wire UId="170">
      <IdentCon UId="62" />
      <NameCon UId="85" Name="operand" />
    </Wire>
  </Wires>
</FlgNet></NetworkSource>
          <ProgrammingLanguage>LAD</ProgrammingLanguage>
        </AttributeList>
        <ObjectList>
          <MultilingualText ID="4" CompositionName="Comment">
            <ObjectList>
              <MultilingualTextItem ID="5" CompositionName="Items">
                <AttributeList>
                  <Culture>en-US</Culture>
                  <Text>Đầu tiên nó sẽ đợi một khoảng thời gian gọi là Thời gian trễ cân, sau đó nó mới đủ điều kiện để cân</Text>
                </AttributeList>
              </MultilingualTextItem>
            </ObjectList>
          </MultilingualText>
          <MultilingualText ID="6" CompositionName="Title">
            <ObjectList>
              <MultilingualTextItem ID="7" CompositionName="Items">
                <AttributeList>
                  <Culture>en-US</Culture>
                  <Text>Trạng thái cân Nước 1 hoặc AP1</Text>
                </AttributeList>
              </MultilingualTextItem>
            </ObjectList>
          </MultilingualText>
        </ObjectList>
      </SW.Blocks.CompileUnit>
      <MultilingualText ID="8" CompositionName="Title">
        <ObjectList>
          <MultilingualTextItem ID="9" CompositionName="Items">
            <AttributeList>
              <Culture>en-US</Culture>
              <Text />
            </AttributeList>
          </MultilingualTextItem>
        </ObjectList>
      </MultilingualText>
    </ObjectList>
  </SW.Blocks.FC>
</Document>