﻿<?xml version="1.0" encoding="utf-8"?>
<Document>
  <Engineering version="V15.1" />
  <DocumentInfo>
    <Created>2026-01-09T13:45:15.5623148Z</Created>
    <ExportSetting>WithDefaults, WithReadOnly</ExportSetting>
    <InstalledProducts>
      <Product>
        <DisplayName>Totally Integrated Automation Portal</DisplayName>
        <DisplayVersion>V15.1 Update 8</DisplayVersion>
      </Product>
      <OptionPackage>
        <DisplayName>TIA Portal Openness</DisplayName>
        <DisplayVersion>V15.1 Update 8</DisplayVersion>
      </OptionPackage>
      <Product>
        <DisplayName>STEP 7 Professional</DisplayName>
        <DisplayVersion>V15.1 Update 8</DisplayVersion>
      </Product>
      <Product>
        <DisplayName>WinCC Advanced</DisplayName>
        <DisplayVersion>V15.1 Update 8</DisplayVersion>
      </Product>
    </InstalledProducts>
  </DocumentInfo>
  <SW.Blocks.FC ID="0">
    <AttributeList>
      <AutoNumber>true</AutoNumber>
      <CodeModifiedDate ReadOnly="true">2026-01-04T14:27:05.8156344Z</CodeModifiedDate>
      <CompileDate ReadOnly="true">2026-01-04T14:27:05.8623022Z</CompileDate>
      <CreationDate ReadOnly="true">2024-10-13T15:07:34.9617085Z</CreationDate>
      <HandleErrorsWithinBlock ReadOnly="true">false</HandleErrorsWithinBlock>
      <HeaderAuthor />
      <HeaderFamily />
      <HeaderName />
      <HeaderVersion>0.1</HeaderVersion>
      <Interface><Sections xmlns="http://www.siemens.com/automation/Openness/SW/Interface/v3">
  <Section Name="Input" />
  <Section Name="Output" />
  <Section Name="InOut" />
  <Section Name="Temp" />
  <Section Name="Constant" />
  <Section Name="Return">
    <Member Name="Ret_Val" Datatype="Void" Accessibility="Public" />
  </Section>
</Sections></Interface>
      <InterfaceModifiedDate ReadOnly="true">2024-08-08T03:53:18.695573Z</InterfaceModifiedDate>
      <IsConsistent ReadOnly="true">true</IsConsistent>
      <IsIECCheckEnabled>false</IsIECCheckEnabled>
      <IsKnowHowProtected ReadOnly="true">false</IsKnowHowProtected>
      <IsWriteProtected ReadOnly="true">false</IsWriteProtected>
      <LibraryConformanceStatus ReadOnly="true">Error: The block contains calls of single instances.
Warning: The object contains access to global data blocks.
Warning: The block contains direct access to inputs, outputs, bit memories, indirect access to the registry or indirect access to external memory areas that are unknown at the time of compilation.
</LibraryConformanceStatus>
      <MemoryLayout>Optimized</MemoryLayout>
      <ModifiedDate ReadOnly="true">2026-01-04T14:27:05.8156344Z</ModifiedDate>
      <Name>FCXL_CCD_SB1</Name>
      <Number>17</Number>
      <ParameterModified ReadOnly="true">2024-08-08T03:53:18.695573Z</ParameterModified>
      <PLCSimAdvancedSupport ReadOnly="true">false</PLCSimAdvancedSupport>
      <ProgrammingLanguage>LAD</ProgrammingLanguage>
      <SetENOAutomatically>False</SetENOAutomatically>
      <StructureModified ReadOnly="true">2024-08-08T03:53:18.695573Z</StructureModified>
      <UDABlockProperties />
      <UDAEnableTagReadback>false</UDAEnableTagReadback>
    </AttributeList>
    <ObjectList>
      <MultilingualText ID="1" CompositionName="Comment">
        <ObjectList>
          <MultilingualTextItem ID="2" CompositionName="Items">
            <AttributeList>
              <Culture>en-US</Culture>
              <Text />
            </AttributeList>
          </MultilingualTextItem>
        </ObjectList>
      </MultilingualText>
      <SW.Blocks.CompileUnit ID="3" CompositionName="CompileUnits">
        <AttributeList>
          <NetworkSource><FlgNet xmlns="http://www.siemens.com/automation/Openness/SW/NetworkSource/FlgNet/v3">
  <Parts>
    <Access Scope="GlobalVariable" UId="21">
      <Symbol>
        <Component Name="7.4.ADD1" />
        <Component Name="STA_RUN" />
        <Address Area="None" Type="Bool" BlockNumber="714" BitOffset="494" Informative="true" />
      </Symbol>
    </Access>
    <Access Scope="GlobalVariable" UId="22">
      <Symbol>
        <Component Name="PLC_BIT" />
        <Component Name="WAD1_EM" />
        <Address Area="DB" Type="Bool" BlockNumber="9" BitOffset="45" Informative="true" />
      </Symbol>
    </Access>
    <Access Scope="GlobalVariable" UId="23">
      <Symbol>
        <Component Name="C#7_RD_RUN" />
        <Component Name="WE_SB1" />
        <Address Area="DB" Type="Real" BlockNumber="7" BitOffset="928" Informative="true" />
      </Symbol>
    </Access>
    <Access Scope="GlobalVariable" UId="24">
      <Symbol>
        <Component Name="6.4.WADD1" />
        <Component Name="WR_IN" />
        <Address Area="None" Type="Real" BlockNumber="611" BitOffset="64" Informative="true" />
      </Symbol>
    </Access>
    <Access Scope="GlobalVariable" UId="25">
      <Symbol>
        <Component Name="C#7_RD_RUN" />
        <Component Name="PV_SB1" />
        <Address Area="DB" Type="Real" BlockNumber="7" BitOffset="864" Informative="true" />
      </Symbol>
    </Access>
    <Access Scope="GlobalVariable" UId="26">
      <Symbol>
        <Component Name="C#4_WD_WEIGHT" />
        <Component Name="SV_SB1" />
        <Address Area="DB" Type="Real" BlockNumber="4" BitOffset="1056" Informative="true" />
      </Symbol>
    </Access>
    <Access Scope="GlobalVariable" UId="27">
      <Symbol>
        <Component Name="6.4.WADD1" />
        <Component Name="W_OUT1" />
        <Address Area="None" Type="Real" BlockNumber="611" BitOffset="480" Informative="true" />
      </Symbol>
    </Access>
    <Access Scope="GlobalVariable" UId="28">
      <Symbol>
        <Component Name="C#7_RD_RUN" />
        <Component Name="%_WAP1" />
        <Address Area="DB" Type="Real" BlockNumber="7" BitOffset="736" Informative="true" />
      </Symbol>
    </Access>
    <Access Scope="GlobalVariable" UId="29">
      <Symbol>
        <Component Name="C#7_RD_RUN" />
        <Component Name="WE_SB1" />
        <Address Area="DB" Type="Real" BlockNumber="7" BitOffset="928" Informative="true" />
      </Symbol>
    </Access>
    <Access Scope="GlobalVariable" UId="30">
      <Symbol>
        <Component Name="C#4_WD_WEIGHT" />
        <Component Name="W_SB1_KL.BRO" />
        <Address Area="DB" Type="Real" BlockNumber="4" BitOffset="672" Informative="true" />
      </Symbol>
    </Access>
    <Access Scope="GlobalVariable" UId="31">
      <Symbol>
        <Component Name="Clock_10Hz" />
        <Address Area="Memory" Type="Bool" BitOffset="0" Informative="true" />
      </Symbol>
    </Access>
    <Access Scope="GlobalVariable" UId="32">
      <Symbol>
        <Component Name="9.7.DLR_ADD1" />
        <Component Name="T_DELAY" />
        <Address Area="None" Type="Real" BlockNumber="930" BitOffset="32" Informative="true" />
      </Symbol>
    </Access>
    <Access Scope="GlobalVariable" UId="33">
      <Symbol>
        <Component Name="PLC_BIT" />
        <Component Name="WAD1_EM" />
        <Address Area="DB" Type="Bool" BlockNumber="9" BitOffset="45" Informative="true" />
      </Symbol>
    </Access>
    <Access Scope="GlobalVariable" UId="34">
      <Symbol>
        <Component Name="9.7.DLR_ADD1" />
        <Component Name="T_OUT" />
        <Address Area="None" Type="Real" BlockNumber="930" BitOffset="64" Informative="true" />
      </Symbol>
    </Access>
    <Access Scope="GlobalVariable" UId="35">
      <Symbol>
        <Component Name="C#4_WD_WEIGHT" />
        <Component Name="W_SB1_TG.DLD" />
        <Address Area="DB" Type="Real" BlockNumber="4" BitOffset="640" Informative="true" />
      </Symbol>
    </Access>
    <Access Scope="GlobalVariable" UId="36">
      <Symbol>
        <Component Name="C#3_WD_SILO" />
        <Component Name="SB1_TG_ODC" />
        <Address Area="DB" Type="Real" BlockNumber="3" BitOffset="1504" Informative="true" />
      </Symbol>
    </Access>
    <Access Scope="GlobalVariable" UId="37">
      <Symbol>
        <Component Name="9.7.DLR_ADD1" />
        <Component Name="T_DELAY" />
        <Address Area="None" Type="Real" BlockNumber="930" BitOffset="32" Informative="true" />
      </Symbol>
    </Access>
    <Access Scope="GlobalVariable" UId="38">
      <Symbol>
        <Component Name="PLC_BIT" />
        <Component Name="RUN" />
        <Address Area="DB" Type="Bool" BlockNumber="9" BitOffset="0" Informative="true" />
      </Symbol>
    </Access>
    <Access Scope="GlobalVariable" UId="39">
      <Symbol>
        <Component Name="PLC_BIT" />
        <Component Name="ADD1_FU" />
        <Address Area="DB" Type="Bool" BlockNumber="9" BitOffset="41" Informative="true" />
      </Symbol>
    </Access>
    <Access Scope="GlobalVariable" UId="40">
      <Symbol>
        <Component Name="C#4_WD_WEIGHT" />
        <Component Name="SV_SB1" />
        <Address Area="DB" Type="Real" BlockNumber="4" BitOffset="1056" Informative="true" />
      </Symbol>
    </Access>
    <Access Scope="LiteralConstant" UId="41">
      <Constant>
        <ConstantType>Real</ConstantType>
        <ConstantValue>0.0</ConstantValue>
        <StringAttribute Name="Format" Informative="true">Real</StringAttribute>
      </Constant>
    </Access>
    <Access Scope="GlobalVariable" UId="42">
      <Symbol>
        <Component Name="PLC_BIT" />
        <Component Name="NEXT_WADD1" />
        <Address Area="DB" Type="Bool" BlockNumber="9" BitOffset="83" Informative="true" />
      </Symbol>
    </Access>
    <Access Scope="GlobalVariable" UId="43">
      <Symbol>
        <Component Name="PLC_BIT" />
        <Component Name="WAD1_FU" />
        <Address Area="DB" Type="Bool" BlockNumber="9" BitOffset="44" Informative="true" />
      </Symbol>
    </Access>
    <Access Scope="GlobalVariable" UId="44">
      <Symbol>
        <Component Name="C#4_WD_WEIGHT" />
        <Component Name="SV_SB1" />
        <Address Area="DB" Type="Real" BlockNumber="4" BitOffset="1056" Informative="true" />
      </Symbol>
    </Access>
    <Access Scope="LiteralConstant" UId="45">
      <Constant>
        <ConstantType>Real</ConstantType>
        <ConstantValue>0.0</ConstantValue>
        <StringAttribute Name="Format" Informative="true">Real</StringAttribute>
      </Constant>
    </Access>
    <Access Scope="GlobalVariable" UId="46">
      <Symbol>
        <Component Name="PLC_BIT" />
        <Component Name="NEXT_WADD1" />
        <Address Area="DB" Type="Bool" BlockNumber="9" BitOffset="83" Informative="true" />
      </Symbol>
    </Access>
    <Access Scope="GlobalVariable" UId="47">
      <Symbol>
        <Component Name="PLC_BIT" />
        <Component Name="WAD1_EM" />
        <Address Area="DB" Type="Bool" BlockNumber="9" BitOffset="45" Informative="true" />
      </Symbol>
    </Access>
    <Access Scope="GlobalVariable" UId="48">
      <Symbol>
        <Component Name="P_WA1_EM" />
        <Address Area="Memory" Type="Bool" BitOffset="811" Informative="true" />
      </Symbol>
    </Access>
    <Access Scope="GlobalVariable" UId="49">
      <Symbol>
        <Component Name="C#7_RD_RUN" />
        <Component Name="SMC_SB1" />
        <Address Area="DB" Type="Real" BlockNumber="7" BitOffset="960" Informative="true" />
      </Symbol>
    </Access>
    <Access Scope="GlobalVariable" UId="50">
      <Symbol>
        <Component Name="C#7_RD_RUN" />
        <Component Name="SMX_SB1" />
        <Address Area="DB" Type="Real" BlockNumber="7" BitOffset="992" Informative="true" />
      </Symbol>
    </Access>
    <Access Scope="GlobalVariable" UId="51">
      <Symbol>
        <Component Name="C#7_RD_RUN" />
        <Component Name="SMX_SB1" />
        <Address Area="DB" Type="Real" BlockNumber="7" BitOffset="992" Informative="true" />
      </Symbol>
    </Access>
    <Access Scope="LiteralConstant" UId="52">
      <Constant>
        <ConstantType>Real</ConstantType>
        <ConstantValue>1.0</ConstantValue>
        <StringAttribute Name="Format" Informative="true">Real</StringAttribute>
      </Constant>
    </Access>
    <Access Scope="GlobalVariable" UId="53">
      <Symbol>
        <Component Name="C#7_RD_RUN" />
        <Component Name="SMX_SB1" />
        <Address Area="DB" Type="Real" BlockNumber="7" BitOffset="992" Informative="true" />
      </Symbol>
    </Access>
    <Access Scope="GlobalVariable" UId="54">
      <Symbol>
        <Component Name="C#7_RD_RUN" />
        <Component Name="WE_SB1" />
        <Address Area="DB" Type="Real" BlockNumber="7" BitOffset="928" Informative="true" />
      </Symbol>
    </Access>
    <Access Scope="GlobalVariable" UId="55">
      <Symbol>
        <Component Name="6.4.WADD1" />
        <Component Name="WR_IN" />
        <Address Area="None" Type="Real" BlockNumber="611" BitOffset="64" Informative="true" />
      </Symbol>
    </Access>
    <Access Scope="GlobalVariable" UId="56">
      <Symbol>
        <Component Name="C#2_WB" />
        <Component Name="SW_MAN/AUTO" />
        <Address Area="DB" Type="Bool" BlockNumber="2" BitOffset="4" Informative="true" />
      </Symbol>
    </Access>
    <Access Scope="GlobalVariable" UId="57">
      <Symbol>
        <Component Name="PLC_BIT" />
        <Component Name="RUN" />
        <Address Area="DB" Type="Bool" BlockNumber="9" BitOffset="0" Informative="true" />
      </Symbol>
    </Access>
    <Access Scope="GlobalVariable" UId="58">
      <Symbol>
        <Component Name="LUU TAY ADD1" />
        <Address Area="Memory" Type="Bool" BitOffset="1606" Informative="true" />
      </Symbol>
    </Access>
    <Access Scope="GlobalVariable" UId="59">
      <Symbol>
        <Component Name="PLC_BIT" />
        <Component Name="WAD1_EM" />
        <Address Area="DB" Type="Bool" BlockNumber="9" BitOffset="45" Informative="true" />
      </Symbol>
    </Access>
    <Access Scope="GlobalVariable" UId="60">
      <Symbol>
        <Component Name="PLC_BIT" />
        <Component Name="RUN" />
        <Address Area="DB" Type="Bool" BlockNumber="9" BitOffset="0" Informative="true" />
      </Symbol>
    </Access>
    <Access Scope="GlobalVariable" UId="61">
      <Symbol>
        <Component Name="PLC_BIT" />
        <Component Name="ADD1_FU" />
        <Address Area="DB" Type="Bool" BlockNumber="9" BitOffset="41" Informative="true" />
      </Symbol>
    </Access>
    <Access Scope="GlobalVariable" UId="62">
      <Symbol>
        <Component Name="PLC_BIT" />
        <Component Name="WAD1_FU" />
        <Address Area="DB" Type="Bool" BlockNumber="9" BitOffset="44" Informative="true" />
      </Symbol>
    </Access>
    <Access Scope="GlobalVariable" UId="63">
      <Symbol>
        <Component Name="PLC_BIT" />
        <Component Name="WAD1_FU" />
        <Address Area="DB" Type="Bool" BlockNumber="9" BitOffset="44" Informative="true" />
      </Symbol>
    </Access>
    <Access Scope="GlobalVariable" UId="64">
      <Symbol>
        <Component Name="P_WADD1_FU" />
        <Address Area="Memory" Type="Bool" BitOffset="860" Informative="true" />
      </Symbol>
    </Access>
    <Access Scope="GlobalVariable" UId="65">
      <Symbol>
        <Component Name="P_RUN" />
        <Address Area="Memory" Type="Bool" BitOffset="868" Informative="true" />
      </Symbol>
    </Access>
    <Access Scope="GlobalVariable" UId="66">
      <Symbol>
        <Component Name="PLC_BIT" />
        <Component Name="WAD1_FU" />
        <Address Area="DB" Type="Bool" BlockNumber="9" BitOffset="44" Informative="true" />
      </Symbol>
    </Access>
    <Access Scope="GlobalVariable" UId="67">
      <Symbol>
        <Component Name="C#1_RB" />
        <Component Name="XA W_SB1" />
        <Address Area="DB" Type="Bool" BlockNumber="1" BitOffset="50" Informative="true" />
      </Symbol>
    </Access>
    <Access Scope="GlobalVariable" UId="68">
      <Symbol>
        <Component Name="C#7_RD_RUN" />
        <Component Name="SMC_SB1" />
        <Address Area="DB" Type="Real" BlockNumber="7" BitOffset="960" Informative="true" />
      </Symbol>
    </Access>
    <Access Scope="GlobalVariable" UId="69">
      <Symbol>
        <Component Name="C#7_RD_RUN" />
        <Component Name="SMX_SB1" />
        <Address Area="DB" Type="Real" BlockNumber="7" BitOffset="992" Informative="true" />
      </Symbol>
    </Access>
    <Access Scope="GlobalVariable" UId="70">
      <Symbol>
        <Component Name="C#7_RD_RUN" />
        <Component Name="SMC_SB1" />
        <Address Area="DB" Type="Real" BlockNumber="7" BitOffset="960" Informative="true" />
      </Symbol>
    </Access>
    <Access Scope="LiteralConstant" UId="71">
      <Constant>
        <ConstantType>Real</ConstantType>
        <ConstantValue>1.0</ConstantValue>
        <StringAttribute Name="Format" Informative="true">Real</StringAttribute>
      </Constant>
    </Access>
    <Access Scope="GlobalVariable" UId="72">
      <Symbol>
        <Component Name="C#7_RD_RUN" />
        <Component Name="SMC_SB1" />
        <Address Area="DB" Type="Real" BlockNumber="7" BitOffset="960" Informative="true" />
      </Symbol>
    </Access>
    <Part Name="Contact" UId="73" />
    <Part Name="Contact" UId="74" />
    <Call UId="75">
      <CallInfo Name="6.WEIGHT_HANDLING" BlockType="FB">
        <IntegerAttribute Name="BlockNumber" Informative="true">6</IntegerAttribute>
        <DateAttribute Name="ParameterModifiedTS" Informative="true">2023-11-29T03:49:57</DateAttribute>
        <Instance Scope="GlobalVariable" UId="76">
          <Component Name="6.4.WADD1" />
          <Address Area="DB" Type="6.WEIGHT_HANDLING" BlockNumber="611" BitOffset="0" Informative="true" />
        </Instance>
        <Parameter Name="W_IN" Section="Input" Type="Real">
          <StringAttribute Name="InterfaceFlags" Informative="true">S7_Visible</StringAttribute>
        </Parameter>
        <Parameter Name="WR_IN" Section="Input" Type="Real">
          <StringAttribute Name="InterfaceFlags" Informative="true">S7_Visible</StringAttribute>
        </Parameter>
        <Parameter Name="PV_IN1" Section="Input" Type="Real">
          <StringAttribute Name="InterfaceFlags" Informative="true">S7_Visible</StringAttribute>
        </Parameter>
        <Parameter Name="PV_IN2" Section="Input" Type="Real">
          <StringAttribute Name="InterfaceFlags" Informative="true">S7_Visible</StringAttribute>
        </Parameter>
        <Parameter Name="PV_IN3" Section="Input" Type="Real">
          <StringAttribute Name="InterfaceFlags" Informative="true">S7_Visible</StringAttribute>
        </Parameter>
        <Parameter Name="PV_IN4" Section="Input" Type="Real">
          <StringAttribute Name="InterfaceFlags" Informative="true">S7_Visible</StringAttribute>
        </Parameter>
        <Parameter Name="PV_IN5" Section="Input" Type="Real">
          <StringAttribute Name="InterfaceFlags" Informative="true">S7_Visible</StringAttribute>
        </Parameter>
        <Parameter Name="PV_IN6" Section="Input" Type="Real">
          <StringAttribute Name="InterfaceFlags" Informative="true">S7_Visible</StringAttribute>
        </Parameter>
        <Parameter Name="SV_IN1" Section="Input" Type="Real">
          <StringAttribute Name="InterfaceFlags" Informative="true">S7_Visible</StringAttribute>
        </Parameter>
        <Parameter Name="SV_IN2" Section="Input" Type="Real">
          <StringAttribute Name="InterfaceFlags" Informative="true">S7_Visible</StringAttribute>
        </Parameter>
        <Parameter Name="SV_IN3" Section="Input" Type="Real">
          <StringAttribute Name="InterfaceFlags" Informative="true">S7_Visible</StringAttribute>
        </Parameter>
        <Parameter Name="SV_IN4" Section="Input" Type="Real">
          <StringAttribute Name="InterfaceFlags" Informative="true">S7_Visible</StringAttribute>
        </Parameter>
        <Parameter Name="SV_IN5" Section="Input" Type="Real">
          <StringAttribute Name="InterfaceFlags" Informative="true">S7_Visible</StringAttribute>
        </Parameter>
        <Parameter Name="SV_IN6" Section="Input" Type="Real">
          <StringAttribute Name="InterfaceFlags" Informative="true">S7_Visible</StringAttribute>
        </Parameter>
        <Parameter Name="RUN_1" Section="Input" Type="Bool">
          <StringAttribute Name="InterfaceFlags" Informative="true">S7_Visible</StringAttribute>
        </Parameter>
        <Parameter Name="RUN_2" Section="Input" Type="Bool">
          <StringAttribute Name="InterfaceFlags" Informative="true">S7_Visible</StringAttribute>
        </Parameter>
        <Parameter Name="RUN_3" Section="Input" Type="Bool">
          <StringAttribute Name="InterfaceFlags" Informative="true">S7_Visible</StringAttribute>
        </Parameter>
        <Parameter Name="RUN_4" Section="Input" Type="Bool">
          <StringAttribute Name="InterfaceFlags" Informative="true">S7_Visible</StringAttribute>
        </Parameter>
        <Parameter Name="RUN_5" Section="Input" Type="Bool">
          <StringAttribute Name="InterfaceFlags" Informative="true">S7_Visible</StringAttribute>
        </Parameter>
        <Parameter Name="RUN_6" Section="Input" Type="Bool">
          <StringAttribute Name="InterfaceFlags" Informative="true">S7_Visible</StringAttribute>
        </Parameter>
        <Parameter Name="EMTY" Section="Input" Type="Bool">
          <StringAttribute Name="InterfaceFlags" Informative="true">S7_Visible</StringAttribute>
        </Parameter>
        <Parameter Name="W_OUT1" Section="Output" Type="Real">
          <StringAttribute Name="InterfaceFlags" Informative="true">S7_Visible</StringAttribute>
        </Parameter>
        <Parameter Name="W_OUT2" Section="Output" Type="Real">
          <StringAttribute Name="InterfaceFlags" Informative="true">S7_Visible</StringAttribute>
        </Parameter>
        <Parameter Name="W_OUT3" Section="Output" Type="Real">
          <StringAttribute Name="InterfaceFlags" Informative="true">S7_Visible</StringAttribute>
        </Parameter>
        <Parameter Name="W_OUT4" Section="Output" Type="Real">
          <StringAttribute Name="InterfaceFlags" Informative="true">S7_Visible</StringAttribute>
        </Parameter>
        <Parameter Name="W_OUT5" Section="Output" Type="Real">
          <StringAttribute Name="InterfaceFlags" Informative="true">S7_Visible</StringAttribute>
        </Parameter>
        <Parameter Name="W_OUT6" Section="Output" Type="Real">
          <StringAttribute Name="InterfaceFlags" Informative="true">S7_Visible</StringAttribute>
        </Parameter>
        <Parameter Name="%W_OUT" Section="Output" Type="Real">
          <StringAttribute Name="InterfaceFlags" Informative="true">S7_Visible</StringAttribute>
        </Parameter>
      </CallInfo>
    </Call>
    <Part Name="Le" UId="77">
      <TemplateValue Name="SrcType" Type="Type">Real</TemplateValue>
    </Part>
    <Call UId="78">
      <CallInfo Name="9.TIMER_DELAY" BlockType="FB">
        <IntegerAttribute Name="BlockNumber" Informative="true">9</IntegerAttribute>
        <DateAttribute Name="ParameterModifiedTS" Informative="true">2022-05-24T16:36:11</DateAttribute>
        <Instance Scope="GlobalVariable" UId="79">
          <Component Name="9.7.DLR_ADD1" />
          <Address Area="DB" Type="9.TIMER_DELAY" BlockNumber="930" BitOffset="0" Informative="true" />
        </Instance>
        <Parameter Name="ON" Section="Input" Type="Bool">
          <StringAttribute Name="InterfaceFlags" Informative="true">S7_Visible</StringAttribute>
        </Parameter>
        <Parameter Name="CLOCK_1S" Section="Input" Type="Bool">
          <StringAttribute Name="InterfaceFlags" Informative="true">S7_Visible</StringAttribute>
        </Parameter>
        <Parameter Name="T_DELAY" Section="Input" Type="Real">
          <StringAttribute Name="InterfaceFlags" Informative="true">S7_Visible</StringAttribute>
        </Parameter>
        <Parameter Name="OUT" Section="Output" Type="Bool">
          <StringAttribute Name="InterfaceFlags" Informative="true">S7_Visible</StringAttribute>
        </Parameter>
        <Parameter Name="T_OUT" Section="Output" Type="Real">
          <StringAttribute Name="InterfaceFlags" Informative="true">S7_Visible</StringAttribute>
        </Parameter>
      </CallInfo>
    </Call>
    <Part Name="Add" UId="80" DisabledENO="true">
      <TemplateValue Name="Card" Type="Cardinality">2</TemplateValue>
      <AutomaticTyped Name="SrcType" />
    </Part>
    <Part Name="Contact" UId="81" />
    <Part Name="Contact" UId="82" />
    <Part Name="Eq" UId="83">
      <TemplateValue Name="SrcType" Type="Type">Real</TemplateValue>
    </Part>
    <Part Name="O" UId="84">
      <TemplateValue Name="Card" Type="Cardinality">2</TemplateValue>
    </Part>
    <Part Name="Contact" UId="85">
      <Negated Name="operand" />
    </Part>
    <Part Name="SCoil" UId="86" />
    <Part Name="Eq" UId="87">
      <TemplateValue Name="SrcType" Type="Type">Real</TemplateValue>
    </Part>
    <Part Name="Coil" UId="88" />
    <Part Name="PContact" UId="89" />
    <Part Name="Gt" UId="90">
      <TemplateValue Name="SrcType" Type="Type">Real</TemplateValue>
    </Part>
    <Part Name="Add" UId="91" DisabledENO="true">
      <TemplateValue Name="Card" Type="Cardinality">2</TemplateValue>
      <AutomaticTyped Name="SrcType" />
    </Part>
    <Part Name="Move" UId="92" DisabledENO="true">
      <TemplateValue Name="Card" Type="Cardinality">1</TemplateValue>
    </Part>
    <Part Name="Contact" UId="93">
      <Negated Name="operand" />
    </Part>
    <Part Name="Contact" UId="94">
      <Negated Name="operand" />
    </Part>
    <Part Name="Coil" UId="95" />
    <Part Name="Contact" UId="96" />
    <Part Name="Contact" UId="97">
      <Negated Name="operand" />
    </Part>
    <Part Name="O" UId="98">
      <TemplateValue Name="Card" Type="Cardinality">2</TemplateValue>
    </Part>
    <Part Name="RCoil" UId="99" />
    <Part Name="RCoil" UId="100" />
    <Part Name="PContact" UId="101" />
    <Part Name="Contact" UId="102" />
    <Part Name="Contact" UId="103" />
    <Part Name="O" UId="104">
      <TemplateValue Name="Card" Type="Cardinality">2</TemplateValue>
    </Part>
    <Part Name="Contact" UId="105">
      <Negated Name="operand" />
    </Part>
    <Part Name="Eq" UId="106">
      <TemplateValue Name="SrcType" Type="Type">Real</TemplateValue>
    </Part>
    <Part Name="Add" UId="107" DisabledENO="true">
      <TemplateValue Name="Card" Type="Cardinality">2</TemplateValue>
      <AutomaticTyped Name="SrcType" />
    </Part>
  </Parts>
  <Wires>
    <Wire UId="128">
      <Powerrail />
      <NameCon UId="75" Name="en" />
      <NameCon UId="73" Name="in" />
      <NameCon UId="74" Name="in" />
      <NameCon UId="78" Name="en" />
      <NameCon UId="77" Name="pre" />
      <NameCon UId="81" Name="in" />
      <NameCon UId="87" Name="pre" />
      <NameCon UId="89" Name="pre" />
      <NameCon UId="96" Name="in" />
      <NameCon UId="97" Name="in" />
      <NameCon UId="101" Name="pre" />
      <NameCon UId="102" Name="in" />
    </Wire>
    <Wire UId="129">
      <IdentCon UId="21" />
      <NameCon UId="73" Name="operand" />
    </Wire>
    <Wire UId="130">
      <NameCon UId="73" Name="out" />
      <NameCon UId="75" Name="RUN_1" />
    </Wire>
    <Wire UId="131">
      <IdentCon UId="22" />
      <NameCon UId="74" Name="operand" />
    </Wire>
    <Wire UId="132">
      <NameCon UId="74" Name="out" />
      <NameCon UId="75" Name="EMTY" />
    </Wire>
    <Wire UId="133">
      <IdentCon UId="23" />
      <NameCon UId="75" Name="W_IN" />
    </Wire>
    <Wire UId="134">
      <IdentCon UId="24" />
      <NameCon UId="75" Name="WR_IN" />
    </Wire>
    <Wire UId="135">
      <IdentCon UId="25" />
      <NameCon UId="75" Name="PV_IN1" />
    </Wire>
    <Wire UId="136">
      <OpenCon UId="108" />
      <NameCon UId="75" Name="PV_IN2" />
    </Wire>
    <Wire UId="137">
      <OpenCon UId="109" />
      <NameCon UId="75" Name="PV_IN3" />
    </Wire>
    <Wire UId="138">
      <OpenCon UId="110" />
      <NameCon UId="75" Name="PV_IN4" />
    </Wire>
    <Wire UId="139">
      <OpenCon UId="111" />
      <NameCon UId="75" Name="PV_IN5" />
    </Wire>
    <Wire UId="140">
      <OpenCon UId="112" />
      <NameCon UId="75" Name="PV_IN6" />
    </Wire>
    <Wire UId="141">
      <IdentCon UId="26" />
      <NameCon UId="75" Name="SV_IN1" />
    </Wire>
    <Wire UId="142">
      <OpenCon UId="113" />
      <NameCon UId="75" Name="SV_IN2" />
    </Wire>
    <Wire UId="143">
      <OpenCon UId="114" />
      <NameCon UId="75" Name="SV_IN3" />
    </Wire>
    <Wire UId="144">
      <OpenCon UId="115" />
      <NameCon UId="75" Name="SV_IN4" />
    </Wire>
    <Wire UId="145">
      <OpenCon UId="116" />
      <NameCon UId="75" Name="SV_IN5" />
    </Wire>
    <Wire UId="146">
      <OpenCon UId="117" />
      <NameCon UId="75" Name="SV_IN6" />
    </Wire>
    <Wire UId="147">
      <OpenCon UId="118" />
      <NameCon UId="75" Name="RUN_2" />
    </Wire>
    <Wire UId="148">
      <OpenCon UId="119" />
      <NameCon UId="75" Name="RUN_3" />
    </Wire>
    <Wire UId="149">
      <OpenCon UId="120" />
      <NameCon UId="75" Name="RUN_4" />
    </Wire>
    <Wire UId="150">
      <OpenCon UId="121" />
      <NameCon UId="75" Name="RUN_5" />
    </Wire>
    <Wire UId="151">
      <OpenCon UId="122" />
      <NameCon UId="75" Name="RUN_6" />
    </Wire>
    <Wire UId="152">
      <NameCon UId="75" Name="W_OUT1" />
      <IdentCon UId="27" />
    </Wire>
    <Wire UId="153">
      <NameCon UId="75" Name="W_OUT2" />
      <OpenCon UId="123" />
    </Wire>
    <Wire UId="154">
      <NameCon UId="75" Name="W_OUT3" />
      <OpenCon UId="124" />
    </Wire>
    <Wire UId="155">
      <NameCon UId="75" Name="W_OUT4" />
      <OpenCon UId="125" />
    </Wire>
    <Wire UId="156">
      <NameCon UId="75" Name="W_OUT5" />
      <OpenCon UId="126" />
    </Wire>
    <Wire UId="157">
      <NameCon UId="75" Name="W_OUT6" />
      <OpenCon UId="127" />
    </Wire>
    <Wire UId="158">
      <NameCon UId="75" Name="%W_OUT" />
      <IdentCon UId="28" />
    </Wire>
    <Wire UId="159">
      <IdentCon UId="29" />
      <NameCon UId="77" Name="in1" />
    </Wire>
    <Wire UId="160">
      <IdentCon UId="30" />
      <NameCon UId="77" Name="in2" />
    </Wire>
    <Wire UId="161">
      <NameCon UId="77" Name="out" />
      <NameCon UId="78" Name="ON" />
    </Wire>
    <Wire UId="162">
      <IdentCon UId="31" />
      <NameCon UId="78" Name="CLOCK_1S" />
    </Wire>
    <Wire UId="163">
      <IdentCon UId="32" />
      <NameCon UId="78" Name="T_DELAY" />
    </Wire>
    <Wire UId="164">
      <NameCon UId="78" Name="eno" />
      <NameCon UId="80" Name="en" />
    </Wire>
    <Wire UId="165">
      <NameCon UId="78" Name="OUT" />
      <IdentCon UId="33" />
    </Wire>
    <Wire UId="166">
      <NameCon UId="78" Name="T_OUT" />
      <IdentCon UId="34" />
    </Wire>
    <Wire UId="167">
      <IdentCon UId="35" />
      <NameCon UId="80" Name="in1" />
    </Wire>
    <Wire UId="168">
      <IdentCon UId="36" />
      <NameCon UId="80" Name="in2" />
    </Wire>
    <Wire UId="169">
      <NameCon UId="80" Name="out" />
      <IdentCon UId="37" />
    </Wire>
    <Wire UId="170">
      <IdentCon UId="38" />
      <NameCon UId="81" Name="operand" />
    </Wire>
    <Wire UId="171">
      <NameCon UId="81" Name="out" />
      <NameCon UId="82" Name="in" />
      <NameCon UId="83" Name="pre" />
    </Wire>
    <Wire UId="172">
      <IdentCon UId="39" />
      <NameCon UId="82" Name="operand" />
    </Wire>
    <Wire UId="173">
      <NameCon UId="82" Name="out" />
      <NameCon UId="84" Name="in1" />
    </Wire>
    <Wire UId="174">
      <IdentCon UId="40" />
      <NameCon UId="83" Name="in1" />
    </Wire>
    <Wire UId="175">
      <IdentCon UId="41" />
      <NameCon UId="83" Name="in2" />
    </Wire>
    <Wire UId="176">
      <NameCon UId="83" Name="out" />
      <NameCon UId="84" Name="in2" />
    </Wire>
    <Wire UId="177">
      <NameCon UId="84" Name="out" />
      <NameCon UId="85" Name="in" />
    </Wire>
    <Wire UId="178">
      <IdentCon UId="42" />
      <NameCon UId="85" Name="operand" />
    </Wire>
    <Wire UId="179">
      <NameCon UId="85" Name="out" />
      <NameCon UId="86" Name="in" />
    </Wire>
    <Wire UId="180">
      <IdentCon UId="43" />
      <NameCon UId="86" Name="operand" />
    </Wire>
    <Wire UId="181">
      <IdentCon UId="44" />
      <NameCon UId="87" Name="in1" />
    </Wire>
    <Wire UId="182">
      <IdentCon UId="45" />
      <NameCon UId="87" Name="in2" />
    </Wire>
    <Wire UId="183">
      <NameCon UId="87" Name="out" />
      <NameCon UId="88" Name="in" />
    </Wire>
    <Wire UId="184">
      <IdentCon UId="46" />
      <NameCon UId="88" Name="operand" />
    </Wire>
    <Wire UId="185">
      <IdentCon UId="48" />
      <NameCon UId="89" Name="bit" />
    </Wire>
    <Wire UId="186">
      <IdentCon UId="47" />
      <NameCon UId="89" Name="operand" />
    </Wire>
    <Wire UId="187">
      <NameCon UId="89" Name="out" />
      <NameCon UId="90" Name="pre" />
      <NameCon UId="92" Name="en" />
      <NameCon UId="93" Name="in" />
    </Wire>
    <Wire UId="188">
      <IdentCon UId="49" />
      <NameCon UId="90" Name="in1" />
    </Wire>
    <Wire UId="189">
      <IdentCon UId="50" />
      <NameCon UId="90" Name="in2" />
    </Wire>
    <Wire UId="190">
      <NameCon UId="90" Name="out" />
      <NameCon UId="91" Name="en" />
    </Wire>
    <Wire UId="191">
      <IdentCon UId="51" />
      <NameCon UId="91" Name="in1" />
    </Wire>
    <Wire UId="192">
      <IdentCon UId="52" />
      <NameCon UId="91" Name="in2" />
    </Wire>
    <Wire UId="193">
      <NameCon UId="91" Name="out" />
      <IdentCon UId="53" />
    </Wire>
    <Wire UId="194">
      <IdentCon UId="54" />
      <NameCon UId="92" Name="in" />
    </Wire>
    <Wire UId="195">
      <NameCon UId="92" Name="out1" />
      <IdentCon UId="55" />
    </Wire>
    <Wire UId="196">
      <IdentCon UId="56" />
      <NameCon UId="93" Name="operand" />
    </Wire>
    <Wire UId="197">
      <NameCon UId="93" Name="out" />
      <NameCon UId="94" Name="in" />
    </Wire>
    <Wire UId="198">
      <IdentCon UId="57" />
      <NameCon UId="94" Name="operand" />
    </Wire>
    <Wire UId="199">
      <NameCon UId="94" Name="out" />
      <NameCon UId="95" Name="in" />
    </Wire>
    <Wire UId="200">
      <IdentCon UId="58" />
      <NameCon UId="95" Name="operand" />
    </Wire>
    <Wire UId="201">
      <IdentCon UId="59" />
      <NameCon UId="96" Name="operand" />
    </Wire>
    <Wire UId="202">
      <NameCon UId="96" Name="out" />
      <NameCon UId="98" Name="in1" />
    </Wire>
    <Wire UId="203">
      <IdentCon UId="60" />
      <NameCon UId="97" Name="operand" />
    </Wire>
    <Wire UId="204">
      <NameCon UId="97" Name="out" />
      <NameCon UId="98" Name="in2" />
    </Wire>
    <Wire UId="205">
      <NameCon UId="98" Name="out" />
      <NameCon UId="99" Name="in" />
    </Wire>
    <Wire UId="206">
      <IdentCon UId="61" />
      <NameCon UId="99" Name="operand" />
    </Wire>
    <Wire UId="207">
      <NameCon UId="99" Name="out" />
      <NameCon UId="100" Name="in" />
    </Wire>
    <Wire UId="208">
      <IdentCon UId="62" />
      <NameCon UId="100" Name="operand" />
    </Wire>
    <Wire UId="209">
      <IdentCon UId="64" />
      <NameCon UId="101" Name="bit" />
    </Wire>
    <Wire UId="210">
      <IdentCon UId="63" />
      <NameCon UId="101" Name="operand" />
    </Wire>
    <Wire UId="211">
      <NameCon UId="101" Name="out" />
      <NameCon UId="104" Name="in1" />
    </Wire>
    <Wire UId="212">
      <IdentCon UId="65" />
      <NameCon UId="102" Name="operand" />
    </Wire>
    <Wire UId="213">
      <NameCon UId="102" Name="out" />
      <NameCon UId="103" Name="in" />
    </Wire>
    <Wire UId="214">
      <IdentCon UId="66" />
      <NameCon UId="103" Name="operand" />
    </Wire>
    <Wire UId="215">
      <NameCon UId="103" Name="out" />
      <NameCon UId="104" Name="in2" />
    </Wire>
    <Wire UId="216">
      <NameCon UId="104" Name="out" />
      <NameCon UId="105" Name="in" />
    </Wire>
    <Wire UId="217">
      <IdentCon UId="67" />
      <NameCon UId="105" Name="operand" />
    </Wire>
    <Wire UId="218">
      <NameCon UId="105" Name="out" />
      <NameCon UId="106" Name="pre" />
    </Wire>
    <Wire UId="219">
      <IdentCon UId="68" />
      <NameCon UId="106" Name="in1" />
    </Wire>
    <Wire UId="220">
      <IdentCon UId="69" />
      <NameCon UId="106" Name="in2" />
    </Wire>
    <Wire UId="221">
      <NameCon UId="106" Name="out" />
      <NameCon UId="107" Name="en" />
    </Wire>
    <Wire UId="222">
      <IdentCon UId="70" />
      <NameCon UId="107" Name="in1" />
    </Wire>
    <Wire UId="223">
      <IdentCon UId="71" />
      <NameCon UId="107" Name="in2" />
    </Wire>
    <Wire UId="224">
      <NameCon UId="107" Name="out" />
      <IdentCon UId="72" />
    </Wire>
  </Wires>
</FlgNet></NetworkSource>
          <ProgrammingLanguage>LAD</ProgrammingLanguage>
        </AttributeList>
        <ObjectList>
          <MultilingualText ID="4" CompositionName="Comment">
            <ObjectList>
              <MultilingualTextItem ID="5" CompositionName="Items">
                <AttributeList>
                  <Culture>en-US</Culture>
                  <Text />
                </AttributeList>
              </MultilingualTextItem>
            </ObjectList>
          </MultilingualText>
          <MultilingualText ID="6" CompositionName="Title">
            <ObjectList>
              <MultilingualTextItem ID="7" CompositionName="Items">
                <AttributeList>
                  <Culture>en-US</Culture>
                  <Text />
                </AttributeList>
              </MultilingualTextItem>
            </ObjectList>
          </MultilingualText>
        </ObjectList>
      </SW.Blocks.CompileUnit>
      <MultilingualText ID="8" CompositionName="Title">
        <ObjectList>
          <MultilingualTextItem ID="9" CompositionName="Items">
            <AttributeList>
              <Culture>en-US</Culture>
              <Text />
            </AttributeList>
          </MultilingualTextItem>
        </ObjectList>
      </MultilingualText>
    </ObjectList>
  </SW.Blocks.FC>
</Document>